Copyright 1986-2022 Xilinx, Inc. All Rights Reserved. Copyright 2022-2025 Advanced Micro Devices, Inc. All Rights Reserved.
------------------------------------------------------------------------------------------------------------------------------------------------------------------------------------------------------------------------------------------
| Tool Version : Vivado v.2025.2 (lin64) Build 6299465 Fri Nov 14 12:34:56 MST 2025
| Date         : Fri May  8 16:47:00 2026
| Host         : docker-desktop running 64-bit Ubuntu"
VERSION_ID="22.04 22.04.5 LTS (Jammy Jellyfish)"
VERSION_CODENAME=jammy
| Command      : report_timing_summary -max_paths 10 -routable_nets -report_unconstrained -file ov7670_top_timing_summary_routed.rpt -pb ov7670_top_timing_summary_routed.pb -rpx ov7670_top_timing_summary_routed.rpx -warn_on_violation
| Design       : ov7670_top
| Device       : 7a35t-cpg236
| Speed File   : -1  PRODUCTION 1.23 2018-06-13
| Design State : Routed
------------------------------------------------------------------------------------------------------------------------------------------------------------------------------------------------------------------------------------------

Timing Summary Report

------------------------------------------------------------------------------------------------
| Timer Settings
| --------------
------------------------------------------------------------------------------------------------

  Enable Multi Corner Analysis               :  Yes
  Enable Pessimism Removal                   :  Yes
  Pessimism Removal Resolution               :  Nearest Common Node
  Enable Input Delay Default Clock           :  No
  Enable Preset / Clear Arcs                 :  No
  Disable Flight Delays                      :  No
  Ignore I/O Paths                           :  No
  Timing Early Launch at Borrowing Latches   :  No
  Borrow Time for Max Delay Exceptions       :  Yes
  Merge Timing Exceptions                    :  Yes
  Inter-SLR Compensation                     :  Conservative

  Corner  Analyze    Analyze    
  Name    Max Paths  Min Paths  
  ------  ---------  ---------  
  Slow    Yes        Yes        
  Fast    Yes        Yes        


------------------------------------------------------------------------------------------------
| Report Methodology
| ------------------
------------------------------------------------------------------------------------------------

Rule       Severity          Description                  Violations  
---------  ----------------  ---------------------------  ----------  
TIMING-17  Critical Warning  Non-clocked sequential cell  75          

Note: This report is based on the most recent report_methodology run and may not be up-to-date. Run report_methodology on the current design for the latest report.



check_timing report

Table of Contents
-----------------
1. checking no_clock (75)
2. checking constant_clock (0)
3. checking pulse_width_clock (0)
4. checking unconstrained_internal_endpoints (688)
5. checking no_input_delay (14)
6. checking no_output_delay (17)
7. checking multiple_clock (0)
8. checking generated_clocks (0)
9. checking loops (0)
10. checking partial_input_delay (0)
11. checking partial_output_delay (0)
12. checking latch_loops (0)

1. checking no_clock (75)
-------------------------
 There are 75 register/latch pins with no clock driven by root clock pin: OV7670_PCLK (HIGH)


2. checking constant_clock (0)
------------------------------
 There are 0 register/latch pins with constant_clock.


3. checking pulse_width_clock (0)
---------------------------------
 There are 0 register/latch pins which need pulse_width check


4. checking unconstrained_internal_endpoints (688)
--------------------------------------------------
 There are 688 pins that are not constrained for maximum delay. (HIGH)

 There are 0 pins that are not constrained for maximum delay due to constant clock.


5. checking no_input_delay (14)
-------------------------------
 There are 14 input ports with no input delay specified. (HIGH)

 There are 0 input ports with no input delay but user has a false path constraint.


6. checking no_output_delay (17)
--------------------------------
 There are 17 ports with no output delay specified. (HIGH)

 There are 0 ports with no output delay but user has a false path constraint

 There are 0 ports with no output delay but with a timing clock defined on it or propagating through it


7. checking multiple_clock (0)
------------------------------
 There are 0 register/latch pins with multiple clocks.


8. checking generated_clocks (0)
--------------------------------
 There are 0 generated clocks that are not connected to a clock source.


9. checking loops (0)
---------------------
 There are 0 combinational loops in the design.


10. checking partial_input_delay (0)
------------------------------------
 There are 0 input ports with partial input delay specified.


11. checking partial_output_delay (0)
-------------------------------------
 There are 0 ports with partial output delay specified.


12. checking latch_loops (0)
----------------------------
 There are 0 combinational latch loops in the design through latch input



------------------------------------------------------------------------------------------------
| Design Timing Summary
| ---------------------
------------------------------------------------------------------------------------------------

    WNS(ns)      TNS(ns)  TNS Failing Endpoints  TNS Total Endpoints      WHS(ns)      THS(ns)  THS Failing Endpoints  THS Total Endpoints     WPWS(ns)     TPWS(ns)  TPWS Failing Endpoints  TPWS Total Endpoints  
    -------      -------  ---------------------  -------------------      -------      -------  ---------------------  -------------------     --------     --------  ----------------------  --------------------  
     16.123        0.000                      0                  659        0.202        0.000                      0                  659        3.000        0.000                       0                   175  


All user specified timing constraints are met.


------------------------------------------------------------------------------------------------
| Clock Summary
| -------------
------------------------------------------------------------------------------------------------

Clock                 Waveform(ns)       Period(ns)      Frequency(MHz)
-----                 ------------       ----------      --------------
clk100                {0.000 5.000}      10.000          100.000         
  clk_out1_clk_wiz_0  {0.000 10.000}     20.000          50.000          
  clk_out2_clk_wiz_0  {0.000 20.000}     40.000          25.000          
  clk_out4_clk_wiz_0  {0.000 20.833}     41.667          24.000          
  clkfbout_clk_wiz_0  {0.000 5.000}      10.000          100.000         


------------------------------------------------------------------------------------------------
| Intra Clock Table
| -----------------
------------------------------------------------------------------------------------------------

Clock                     WNS(ns)      TNS(ns)  TNS Failing Endpoints  TNS Total Endpoints      WHS(ns)      THS(ns)  THS Failing Endpoints  THS Total Endpoints     WPWS(ns)     TPWS(ns)  TPWS Failing Endpoints  TPWS Total Endpoints  
-----                     -------      -------  ---------------------  -------------------      -------      -------  ---------------------  -------------------     --------     --------  ----------------------  --------------------  
clk100                                                                                                                                                                  3.000        0.000                       0                     1  
  clk_out1_clk_wiz_0       17.450        0.000                      0                   25        0.280        0.000                      0                   25        9.500        0.000                       0                    27  
  clk_out2_clk_wiz_0       19.873        0.000                      0                  591        0.202        0.000                      0                  591       19.020        0.000                       0                   142  
  clk_out4_clk_wiz_0                                                                                                                                                   39.511        0.000                       0                     2  
  clkfbout_clk_wiz_0                                                                                                                                                    7.845        0.000                       0                     3  


------------------------------------------------------------------------------------------------
| Inter Clock Table
| -----------------
------------------------------------------------------------------------------------------------

From Clock    To Clock          WNS(ns)      TNS(ns)  TNS Failing Endpoints  TNS Total Endpoints      WHS(ns)      THS(ns)  THS Failing Endpoints  THS Total Endpoints  
----------    --------          -------      -------  ---------------------  -------------------      -------      -------  ---------------------  -------------------  


------------------------------------------------------------------------------------------------
| Other Path Groups Table
| -----------------------
------------------------------------------------------------------------------------------------

Path Group          From Clock          To Clock                WNS(ns)      TNS(ns)  TNS Failing Endpoints  TNS Total Endpoints      WHS(ns)      THS(ns)  THS Failing Endpoints  THS Total Endpoints  
----------          ----------          --------                -------      -------  ---------------------  -------------------      -------      -------  ---------------------  -------------------  
**async_default**   clk_out1_clk_wiz_0  clk_out2_clk_wiz_0       16.123        0.000                      0                   43        0.310        0.000                      0                   43  


------------------------------------------------------------------------------------------------
| User Ignored Path Table
| -----------------------
------------------------------------------------------------------------------------------------

Path Group    From Clock    To Clock    
----------    ----------    --------    


------------------------------------------------------------------------------------------------
| Unconstrained Path Table
| ------------------------
------------------------------------------------------------------------------------------------

Path Group          From Clock          To Clock          
----------          ----------          --------          
(none)                                                      
(none)              clk_out2_clk_wiz_0                      
(none)              clk_out4_clk_wiz_0                      
(none)                                  clk_out1_clk_wiz_0  
(none)                                  clk_out2_clk_wiz_0  


------------------------------------------------------------------------------------------------
| Timing Details
| --------------
------------------------------------------------------------------------------------------------


---------------------------------------------------------------------------------------------------
From Clock:  clk100
  To Clock:  clk100

Setup :           NA  Failing Endpoints,  Worst Slack           NA  ,  Total Violation           NA
Hold  :           NA  Failing Endpoints,  Worst Slack           NA  ,  Total Violation           NA
PW    :            0  Failing Endpoints,  Worst Slack        3.000ns,  Total Violation        0.000ns
---------------------------------------------------------------------------------------------------


Pulse Width Checks
--------------------------------------------------------------------------------------
Clock Name:         clk100
Waveform(ns):       { 0.000 5.000 }
Period(ns):         10.000
Sources:            { clk100 }

Check Type        Corner  Lib Pin            Reference Pin  Required(ns)  Actual(ns)  Slack(ns)  Location         Pin
Min Period        n/a     MMCME2_ADV/CLKIN1  n/a            1.249         10.000      8.751      MMCME2_ADV_X1Y0  clk_div/inst/mmcm_adv_inst/CLKIN1
Max Period        n/a     MMCME2_ADV/CLKIN1  n/a            100.000       10.000      90.000     MMCME2_ADV_X1Y0  clk_div/inst/mmcm_adv_inst/CLKIN1
Low Pulse Width   Slow    MMCME2_ADV/CLKIN1  n/a            2.000         5.000       3.000      MMCME2_ADV_X1Y0  clk_div/inst/mmcm_adv_inst/CLKIN1
Low Pulse Width   Fast    MMCME2_ADV/CLKIN1  n/a            2.000         5.000       3.000      MMCME2_ADV_X1Y0  clk_div/inst/mmcm_adv_inst/CLKIN1
High Pulse Width  Slow    MMCME2_ADV/CLKIN1  n/a            2.000         5.000       3.000      MMCME2_ADV_X1Y0  clk_div/inst/mmcm_adv_inst/CLKIN1
High Pulse Width  Fast    MMCME2_ADV/CLKIN1  n/a            2.000         5.000       3.000      MMCME2_ADV_X1Y0  clk_div/inst/mmcm_adv_inst/CLKIN1



---------------------------------------------------------------------------------------------------
From Clock:  clk_out1_clk_wiz_0
  To Clock:  clk_out1_clk_wiz_0

Setup :            0  Failing Endpoints,  Worst Slack       17.450ns,  Total Violation        0.000ns
Hold  :            0  Failing Endpoints,  Worst Slack        0.280ns,  Total Violation        0.000ns
PW    :            0  Failing Endpoints,  Worst Slack        9.500ns,  Total Violation        0.000ns
---------------------------------------------------------------------------------------------------


Max Delay Paths
--------------------------------------------------------------------------------------
Slack (MET) :             17.450ns  (required time - arrival time)
  Source:                 btn_debounce/c_reg[19]/C
                            (rising edge-triggered cell FDRE clocked by clk_out1_clk_wiz_0  {rise@0.000ns fall@10.000ns period=20.000ns})
  Destination:            btn_debounce/o_reg/D
                            (rising edge-triggered cell FDRE clocked by clk_out1_clk_wiz_0  {rise@0.000ns fall@10.000ns period=20.000ns})
  Path Group:             clk_out1_clk_wiz_0
  Path Type:              Setup (Max at Slow Process Corner)
  Requirement:            20.000ns  (clk_out1_clk_wiz_0 rise@20.000ns - clk_out1_clk_wiz_0 rise@0.000ns)
  Data Path Delay:        2.459ns  (logic 0.704ns (28.630%)  route 1.755ns (71.370%))
  Logic Levels:           2  (LUT5=1 LUT6=1)
  Clock Path Skew:        -0.026ns (DCD - SCD + CPR)
    Destination Clock Delay (DCD):    -1.318ns = ( 18.682 - 20.000 ) 
    Source Clock Delay      (SCD):    -0.708ns
    Clock Pessimism Removal (CPR):    0.585ns
  Clock Uncertainty:      0.094ns  ((TSJ^2 + DJ^2)^1/2) / 2 + PE
    Total System Jitter     (TSJ):    0.071ns
    Discrete Jitter          (DJ):    0.174ns
    Phase Error              (PE):    0.000ns

    Location             Delay type                Incr(ns)  Path(ns)    Netlist Resource(s)
  -------------------------------------------------------------------    -------------------
                         (clock clk_out1_clk_wiz_0 rise edge)
                                                      0.000     0.000 r  
    W5                                                0.000     0.000 r  clk100 (IN)
                         net (fo=0)                   0.000     0.000    clk_div/inst/clk_in1
    W5                   IBUF (Prop_ibuf_I_O)         1.458     1.458 r  clk_div/inst/clkin1_ibufg/O
                         net (fo=1, routed)           1.233     2.691    clk_div/inst/clk_in1_clk_wiz_0
    MMCME2_ADV_X1Y0      MMCME2_ADV (Prop_mmcme2_adv_CLKIN1_CLKOUT0)
                                                     -6.961    -4.269 r  clk_div/inst/mmcm_adv_inst/CLKOUT0
                         net (fo=1, routed)           1.661    -2.608    clk_div/inst/clk_out1_clk_wiz_0
    BUFGCTRL_X0Y2        BUFG (Prop_bufg_I_O)         0.096    -2.512 r  clk_div/inst/clkout1_buf/O
                         net (fo=25, routed)          1.804    -0.708    btn_debounce/clk_out1
    SLICE_X0Y136         FDRE                                         r  btn_debounce/c_reg[19]/C
  -------------------------------------------------------------------    -------------------
    SLICE_X0Y136         FDRE (Prop_fdre_C_Q)         0.456    -0.252 r  btn_debounce/c_reg[19]/Q
                         net (fo=2, routed)           0.814     0.562    btn_debounce/c_reg[19]
    SLICE_X1Y137         LUT6 (Prop_lut6_I2_O)        0.124     0.686 r  btn_debounce/o_i_3/O
                         net (fo=1, routed)           0.941     1.627    btn_debounce/o_i_3_n_0
    SLICE_X1Y134         LUT5 (Prop_lut5_I1_O)        0.124     1.751 r  btn_debounce/o_i_1/O
                         net (fo=1, routed)           0.000     1.751    btn_debounce/o_i_1_n_0
    SLICE_X1Y134         FDRE                                         r  btn_debounce/o_reg/D
  -------------------------------------------------------------------    -------------------

                         (clock clk_out1_clk_wiz_0 rise edge)
                                                     20.000    20.000 r  
    W5                                                0.000    20.000 r  clk100 (IN)
                         net (fo=0)                   0.000    20.000    clk_div/inst/clk_in1
    W5                   IBUF (Prop_ibuf_I_O)         1.388    21.388 r  clk_div/inst/clkin1_ibufg/O
                         net (fo=1, routed)           1.162    22.550    clk_div/inst/clk_in1_clk_wiz_0
    MMCME2_ADV_X1Y0      MMCME2_ADV (Prop_mmcme2_adv_CLKIN1_CLKOUT0)
                                                     -7.217    15.332 r  clk_div/inst/mmcm_adv_inst/CLKOUT0
                         net (fo=1, routed)           1.581    16.914    clk_div/inst/clk_out1_clk_wiz_0
    BUFGCTRL_X0Y2        BUFG (Prop_bufg_I_O)         0.091    17.005 r  clk_div/inst/clkout1_buf/O
                         net (fo=25, routed)          1.677    18.682    btn_debounce/clk_out1
    SLICE_X1Y134         FDRE                                         r  btn_debounce/o_reg/C
                         clock pessimism              0.585    19.266    
                         clock uncertainty           -0.094    19.172    
    SLICE_X1Y134         FDRE (Setup_fdre_C_D)        0.029    19.201    btn_debounce/o_reg
  -------------------------------------------------------------------
                         required time                         19.201    
                         arrival time                          -1.751    
  -------------------------------------------------------------------
                         slack                                 17.450    

Slack (MET) :             17.524ns  (required time - arrival time)
  Source:                 btn_debounce/c_reg[0]/C
                            (rising edge-triggered cell FDRE clocked by clk_out1_clk_wiz_0  {rise@0.000ns fall@10.000ns period=20.000ns})
  Destination:            btn_debounce/c_reg[21]/D
                            (rising edge-triggered cell FDRE clocked by clk_out1_clk_wiz_0  {rise@0.000ns fall@10.000ns period=20.000ns})
  Path Group:             clk_out1_clk_wiz_0
  Path Type:              Setup (Max at Slow Process Corner)
  Requirement:            20.000ns  (clk_out1_clk_wiz_0 rise@20.000ns - clk_out1_clk_wiz_0 rise@0.000ns)
  Data Path Delay:        2.424ns  (logic 1.902ns (78.472%)  route 0.522ns (21.528%))
  Logic Levels:           7  (CARRY4=6 LUT1=1)
  Clock Path Skew:        -0.020ns (DCD - SCD + CPR)
    Destination Clock Delay (DCD):    -1.316ns = ( 18.684 - 20.000 ) 
    Source Clock Delay      (SCD):    -0.712ns
    Clock Pessimism Removal (CPR):    0.585ns
  Clock Uncertainty:      0.094ns  ((TSJ^2 + DJ^2)^1/2) / 2 + PE
    Total System Jitter     (TSJ):    0.071ns
    Discrete Jitter          (DJ):    0.174ns
    Phase Error              (PE):    0.000ns

    Location             Delay type                Incr(ns)  Path(ns)    Netlist Resource(s)
  -------------------------------------------------------------------    -------------------
                         (clock clk_out1_clk_wiz_0 rise edge)
                                                      0.000     0.000 r  
    W5                                                0.000     0.000 r  clk100 (IN)
                         net (fo=0)                   0.000     0.000    clk_div/inst/clk_in1
    W5                   IBUF (Prop_ibuf_I_O)         1.458     1.458 r  clk_div/inst/clkin1_ibufg/O
                         net (fo=1, routed)           1.233     2.691    clk_div/inst/clk_in1_clk_wiz_0
    MMCME2_ADV_X1Y0      MMCME2_ADV (Prop_mmcme2_adv_CLKIN1_CLKOUT0)
                                                     -6.961    -4.269 r  clk_div/inst/mmcm_adv_inst/CLKOUT0
                         net (fo=1, routed)           1.661    -2.608    clk_div/inst/clk_out1_clk_wiz_0
    BUFGCTRL_X0Y2        BUFG (Prop_bufg_I_O)         0.096    -2.512 r  clk_div/inst/clkout1_buf/O
                         net (fo=25, routed)          1.800    -0.712    btn_debounce/clk_out1
    SLICE_X0Y132         FDRE                                         r  btn_debounce/c_reg[0]/C
  -------------------------------------------------------------------    -------------------
    SLICE_X0Y132         FDRE (Prop_fdre_C_Q)         0.456    -0.256 f  btn_debounce/c_reg[0]/Q
                         net (fo=2, routed)           0.522     0.266    btn_debounce/c_reg[0]
    SLICE_X0Y132         LUT1 (Prop_lut1_I0_O)        0.124     0.390 r  btn_debounce/c[0]_i_3/O
                         net (fo=1, routed)           0.000     0.390    btn_debounce/c[0]_i_3_n_0
    SLICE_X0Y132         CARRY4 (Prop_carry4_S[0]_CO[3])
                                                      0.532     0.922 r  btn_debounce/c_reg[0]_i_2/CO[3]
                         net (fo=1, routed)           0.000     0.922    btn_debounce/c_reg[0]_i_2_n_0
    SLICE_X0Y133         CARRY4 (Prop_carry4_CI_CO[3])
                                                      0.114     1.036 r  btn_debounce/c_reg[4]_i_1/CO[3]
                         net (fo=1, routed)           0.000     1.036    btn_debounce/c_reg[4]_i_1_n_0
    SLICE_X0Y134         CARRY4 (Prop_carry4_CI_CO[3])
                                                      0.114     1.150 r  btn_debounce/c_reg[8]_i_1/CO[3]
                         net (fo=1, routed)           0.000     1.150    btn_debounce/c_reg[8]_i_1_n_0
    SLICE_X0Y135         CARRY4 (Prop_carry4_CI_CO[3])
                                                      0.114     1.264 r  btn_debounce/c_reg[12]_i_1/CO[3]
                         net (fo=1, routed)           0.000     1.264    btn_debounce/c_reg[12]_i_1_n_0
    SLICE_X0Y136         CARRY4 (Prop_carry4_CI_CO[3])
                                                      0.114     1.378 r  btn_debounce/c_reg[16]_i_1/CO[3]
                         net (fo=1, routed)           0.000     1.378    btn_debounce/c_reg[16]_i_1_n_0
    SLICE_X0Y137         CARRY4 (Prop_carry4_CI_O[1])
                                                      0.334     1.712 r  btn_debounce/c_reg[20]_i_1/O[1]
                         net (fo=1, routed)           0.000     1.712    btn_debounce/c_reg[20]_i_1_n_6
    SLICE_X0Y137         FDRE                                         r  btn_debounce/c_reg[21]/D
  -------------------------------------------------------------------    -------------------

                         (clock clk_out1_clk_wiz_0 rise edge)
                                                     20.000    20.000 r  
    W5                                                0.000    20.000 r  clk100 (IN)
                         net (fo=0)                   0.000    20.000    clk_div/inst/clk_in1
    W5                   IBUF (Prop_ibuf_I_O)         1.388    21.388 r  clk_div/inst/clkin1_ibufg/O
                         net (fo=1, routed)           1.162    22.550    clk_div/inst/clk_in1_clk_wiz_0
    MMCME2_ADV_X1Y0      MMCME2_ADV (Prop_mmcme2_adv_CLKIN1_CLKOUT0)
                                                     -7.217    15.332 r  clk_div/inst/mmcm_adv_inst/CLKOUT0
                         net (fo=1, routed)           1.581    16.914    clk_div/inst/clk_out1_clk_wiz_0
    BUFGCTRL_X0Y2        BUFG (Prop_bufg_I_O)         0.091    17.005 r  clk_div/inst/clkout1_buf/O
                         net (fo=25, routed)          1.679    18.684    btn_debounce/clk_out1
    SLICE_X0Y137         FDRE                                         r  btn_debounce/c_reg[21]/C
                         clock pessimism              0.585    19.268    
                         clock uncertainty           -0.094    19.174    
    SLICE_X0Y137         FDRE (Setup_fdre_C_D)        0.062    19.236    btn_debounce/c_reg[21]
  -------------------------------------------------------------------
                         required time                         19.236    
                         arrival time                          -1.712    
  -------------------------------------------------------------------
                         slack                                 17.524    

Slack (MET) :             17.545ns  (required time - arrival time)
  Source:                 btn_debounce/c_reg[0]/C
                            (rising edge-triggered cell FDRE clocked by clk_out1_clk_wiz_0  {rise@0.000ns fall@10.000ns period=20.000ns})
  Destination:            btn_debounce/c_reg[23]/D
                            (rising edge-triggered cell FDRE clocked by clk_out1_clk_wiz_0  {rise@0.000ns fall@10.000ns period=20.000ns})
  Path Group:             clk_out1_clk_wiz_0
  Path Type:              Setup (Max at Slow Process Corner)
  Requirement:            20.000ns  (clk_out1_clk_wiz_0 rise@20.000ns - clk_out1_clk_wiz_0 rise@0.000ns)
  Data Path Delay:        2.403ns  (logic 1.881ns (78.284%)  route 0.522ns (21.716%))
  Logic Levels:           7  (CARRY4=6 LUT1=1)
  Clock Path Skew:        -0.020ns (DCD - SCD + CPR)
    Destination Clock Delay (DCD):    -1.316ns = ( 18.684 - 20.000 ) 
    Source Clock Delay      (SCD):    -0.712ns
    Clock Pessimism Removal (CPR):    0.585ns
  Clock Uncertainty:      0.094ns  ((TSJ^2 + DJ^2)^1/2) / 2 + PE
    Total System Jitter     (TSJ):    0.071ns
    Discrete Jitter          (DJ):    0.174ns
    Phase Error              (PE):    0.000ns

    Location             Delay type                Incr(ns)  Path(ns)    Netlist Resource(s)
  -------------------------------------------------------------------    -------------------
                         (clock clk_out1_clk_wiz_0 rise edge)
                                                      0.000     0.000 r  
    W5                                                0.000     0.000 r  clk100 (IN)
                         net (fo=0)                   0.000     0.000    clk_div/inst/clk_in1
    W5                   IBUF (Prop_ibuf_I_O)         1.458     1.458 r  clk_div/inst/clkin1_ibufg/O
                         net (fo=1, routed)           1.233     2.691    clk_div/inst/clk_in1_clk_wiz_0
    MMCME2_ADV_X1Y0      MMCME2_ADV (Prop_mmcme2_adv_CLKIN1_CLKOUT0)
                                                     -6.961    -4.269 r  clk_div/inst/mmcm_adv_inst/CLKOUT0
                         net (fo=1, routed)           1.661    -2.608    clk_div/inst/clk_out1_clk_wiz_0
    BUFGCTRL_X0Y2        BUFG (Prop_bufg_I_O)         0.096    -2.512 r  clk_div/inst/clkout1_buf/O
                         net (fo=25, routed)          1.800    -0.712    btn_debounce/clk_out1
    SLICE_X0Y132         FDRE                                         r  btn_debounce/c_reg[0]/C
  -------------------------------------------------------------------    -------------------
    SLICE_X0Y132         FDRE (Prop_fdre_C_Q)         0.456    -0.256 f  btn_debounce/c_reg[0]/Q
                         net (fo=2, routed)           0.522     0.266    btn_debounce/c_reg[0]
    SLICE_X0Y132         LUT1 (Prop_lut1_I0_O)        0.124     0.390 r  btn_debounce/c[0]_i_3/O
                         net (fo=1, routed)           0.000     0.390    btn_debounce/c[0]_i_3_n_0
    SLICE_X0Y132         CARRY4 (Prop_carry4_S[0]_CO[3])
                                                      0.532     0.922 r  btn_debounce/c_reg[0]_i_2/CO[3]
                         net (fo=1, routed)           0.000     0.922    btn_debounce/c_reg[0]_i_2_n_0
    SLICE_X0Y133         CARRY4 (Prop_carry4_CI_CO[3])
                                                      0.114     1.036 r  btn_debounce/c_reg[4]_i_1/CO[3]
                         net (fo=1, routed)           0.000     1.036    btn_debounce/c_reg[4]_i_1_n_0
    SLICE_X0Y134         CARRY4 (Prop_carry4_CI_CO[3])
                                                      0.114     1.150 r  btn_debounce/c_reg[8]_i_1/CO[3]
                         net (fo=1, routed)           0.000     1.150    btn_debounce/c_reg[8]_i_1_n_0
    SLICE_X0Y135         CARRY4 (Prop_carry4_CI_CO[3])
                                                      0.114     1.264 r  btn_debounce/c_reg[12]_i_1/CO[3]
                         net (fo=1, routed)           0.000     1.264    btn_debounce/c_reg[12]_i_1_n_0
    SLICE_X0Y136         CARRY4 (Prop_carry4_CI_CO[3])
                                                      0.114     1.378 r  btn_debounce/c_reg[16]_i_1/CO[3]
                         net (fo=1, routed)           0.000     1.378    btn_debounce/c_reg[16]_i_1_n_0
    SLICE_X0Y137         CARRY4 (Prop_carry4_CI_O[3])
                                                      0.313     1.691 r  btn_debounce/c_reg[20]_i_1/O[3]
                         net (fo=1, routed)           0.000     1.691    btn_debounce/c_reg[20]_i_1_n_4
    SLICE_X0Y137         FDRE                                         r  btn_debounce/c_reg[23]/D
  -------------------------------------------------------------------    -------------------

                         (clock clk_out1_clk_wiz_0 rise edge)
                                                     20.000    20.000 r  
    W5                                                0.000    20.000 r  clk100 (IN)
                         net (fo=0)                   0.000    20.000    clk_div/inst/clk_in1
    W5                   IBUF (Prop_ibuf_I_O)         1.388    21.388 r  clk_div/inst/clkin1_ibufg/O
                         net (fo=1, routed)           1.162    22.550    clk_div/inst/clk_in1_clk_wiz_0
    MMCME2_ADV_X1Y0      MMCME2_ADV (Prop_mmcme2_adv_CLKIN1_CLKOUT0)
                                                     -7.217    15.332 r  clk_div/inst/mmcm_adv_inst/CLKOUT0
                         net (fo=1, routed)           1.581    16.914    clk_div/inst/clk_out1_clk_wiz_0
    BUFGCTRL_X0Y2        BUFG (Prop_bufg_I_O)         0.091    17.005 r  clk_div/inst/clkout1_buf/O
                         net (fo=25, routed)          1.679    18.684    btn_debounce/clk_out1
    SLICE_X0Y137         FDRE                                         r  btn_debounce/c_reg[23]/C
                         clock pessimism              0.585    19.268    
                         clock uncertainty           -0.094    19.174    
    SLICE_X0Y137         FDRE (Setup_fdre_C_D)        0.062    19.236    btn_debounce/c_reg[23]
  -------------------------------------------------------------------
                         required time                         19.236    
                         arrival time                          -1.691    
  -------------------------------------------------------------------
                         slack                                 17.545    

Slack (MET) :             17.619ns  (required time - arrival time)
  Source:                 btn_debounce/c_reg[0]/C
                            (rising edge-triggered cell FDRE clocked by clk_out1_clk_wiz_0  {rise@0.000ns fall@10.000ns period=20.000ns})
  Destination:            btn_debounce/c_reg[22]/D
                            (rising edge-triggered cell FDRE clocked by clk_out1_clk_wiz_0  {rise@0.000ns fall@10.000ns period=20.000ns})
  Path Group:             clk_out1_clk_wiz_0
  Path Type:              Setup (Max at Slow Process Corner)
  Requirement:            20.000ns  (clk_out1_clk_wiz_0 rise@20.000ns - clk_out1_clk_wiz_0 rise@0.000ns)
  Data Path Delay:        2.329ns  (logic 1.807ns (77.594%)  route 0.522ns (22.406%))
  Logic Levels:           7  (CARRY4=6 LUT1=1)
  Clock Path Skew:        -0.020ns (DCD - SCD + CPR)
    Destination Clock Delay (DCD):    -1.316ns = ( 18.684 - 20.000 ) 
    Source Clock Delay      (SCD):    -0.712ns
    Clock Pessimism Removal (CPR):    0.585ns
  Clock Uncertainty:      0.094ns  ((TSJ^2 + DJ^2)^1/2) / 2 + PE
    Total System Jitter     (TSJ):    0.071ns
    Discrete Jitter          (DJ):    0.174ns
    Phase Error              (PE):    0.000ns

    Location             Delay type                Incr(ns)  Path(ns)    Netlist Resource(s)
  -------------------------------------------------------------------    -------------------
                         (clock clk_out1_clk_wiz_0 rise edge)
                                                      0.000     0.000 r  
    W5                                                0.000     0.000 r  clk100 (IN)
                         net (fo=0)                   0.000     0.000    clk_div/inst/clk_in1
    W5                   IBUF (Prop_ibuf_I_O)         1.458     1.458 r  clk_div/inst/clkin1_ibufg/O
                         net (fo=1, routed)           1.233     2.691    clk_div/inst/clk_in1_clk_wiz_0
    MMCME2_ADV_X1Y0      MMCME2_ADV (Prop_mmcme2_adv_CLKIN1_CLKOUT0)
                                                     -6.961    -4.269 r  clk_div/inst/mmcm_adv_inst/CLKOUT0
                         net (fo=1, routed)           1.661    -2.608    clk_div/inst/clk_out1_clk_wiz_0
    BUFGCTRL_X0Y2        BUFG (Prop_bufg_I_O)         0.096    -2.512 r  clk_div/inst/clkout1_buf/O
                         net (fo=25, routed)          1.800    -0.712    btn_debounce/clk_out1
    SLICE_X0Y132         FDRE                                         r  btn_debounce/c_reg[0]/C
  -------------------------------------------------------------------    -------------------
    SLICE_X0Y132         FDRE (Prop_fdre_C_Q)         0.456    -0.256 f  btn_debounce/c_reg[0]/Q
                         net (fo=2, routed)           0.522     0.266    btn_debounce/c_reg[0]
    SLICE_X0Y132         LUT1 (Prop_lut1_I0_O)        0.124     0.390 r  btn_debounce/c[0]_i_3/O
                         net (fo=1, routed)           0.000     0.390    btn_debounce/c[0]_i_3_n_0
    SLICE_X0Y132         CARRY4 (Prop_carry4_S[0]_CO[3])
                                                      0.532     0.922 r  btn_debounce/c_reg[0]_i_2/CO[3]
                         net (fo=1, routed)           0.000     0.922    btn_debounce/c_reg[0]_i_2_n_0
    SLICE_X0Y133         CARRY4 (Prop_carry4_CI_CO[3])
                                                      0.114     1.036 r  btn_debounce/c_reg[4]_i_1/CO[3]
                         net (fo=1, routed)           0.000     1.036    btn_debounce/c_reg[4]_i_1_n_0
    SLICE_X0Y134         CARRY4 (Prop_carry4_CI_CO[3])
                                                      0.114     1.150 r  btn_debounce/c_reg[8]_i_1/CO[3]
                         net (fo=1, routed)           0.000     1.150    btn_debounce/c_reg[8]_i_1_n_0
    SLICE_X0Y135         CARRY4 (Prop_carry4_CI_CO[3])
                                                      0.114     1.264 r  btn_debounce/c_reg[12]_i_1/CO[3]
                         net (fo=1, routed)           0.000     1.264    btn_debounce/c_reg[12]_i_1_n_0
    SLICE_X0Y136         CARRY4 (Prop_carry4_CI_CO[3])
                                                      0.114     1.378 r  btn_debounce/c_reg[16]_i_1/CO[3]
                         net (fo=1, routed)           0.000     1.378    btn_debounce/c_reg[16]_i_1_n_0
    SLICE_X0Y137         CARRY4 (Prop_carry4_CI_O[2])
                                                      0.239     1.617 r  btn_debounce/c_reg[20]_i_1/O[2]
                         net (fo=1, routed)           0.000     1.617    btn_debounce/c_reg[20]_i_1_n_5
    SLICE_X0Y137         FDRE                                         r  btn_debounce/c_reg[22]/D
  -------------------------------------------------------------------    -------------------

                         (clock clk_out1_clk_wiz_0 rise edge)
                                                     20.000    20.000 r  
    W5                                                0.000    20.000 r  clk100 (IN)
                         net (fo=0)                   0.000    20.000    clk_div/inst/clk_in1
    W5                   IBUF (Prop_ibuf_I_O)         1.388    21.388 r  clk_div/inst/clkin1_ibufg/O
                         net (fo=1, routed)           1.162    22.550    clk_div/inst/clk_in1_clk_wiz_0
    MMCME2_ADV_X1Y0      MMCME2_ADV (Prop_mmcme2_adv_CLKIN1_CLKOUT0)
                                                     -7.217    15.332 r  clk_div/inst/mmcm_adv_inst/CLKOUT0
                         net (fo=1, routed)           1.581    16.914    clk_div/inst/clk_out1_clk_wiz_0
    BUFGCTRL_X0Y2        BUFG (Prop_bufg_I_O)         0.091    17.005 r  clk_div/inst/clkout1_buf/O
                         net (fo=25, routed)          1.679    18.684    btn_debounce/clk_out1
    SLICE_X0Y137         FDRE                                         r  btn_debounce/c_reg[22]/C
                         clock pessimism              0.585    19.268    
                         clock uncertainty           -0.094    19.174    
    SLICE_X0Y137         FDRE (Setup_fdre_C_D)        0.062    19.236    btn_debounce/c_reg[22]
  -------------------------------------------------------------------
                         required time                         19.236    
                         arrival time                          -1.617    
  -------------------------------------------------------------------
                         slack                                 17.619    

Slack (MET) :             17.635ns  (required time - arrival time)
  Source:                 btn_debounce/c_reg[0]/C
                            (rising edge-triggered cell FDRE clocked by clk_out1_clk_wiz_0  {rise@0.000ns fall@10.000ns period=20.000ns})
  Destination:            btn_debounce/c_reg[20]/D
                            (rising edge-triggered cell FDRE clocked by clk_out1_clk_wiz_0  {rise@0.000ns fall@10.000ns period=20.000ns})
  Path Group:             clk_out1_clk_wiz_0
  Path Type:              Setup (Max at Slow Process Corner)
  Requirement:            20.000ns  (clk_out1_clk_wiz_0 rise@20.000ns - clk_out1_clk_wiz_0 rise@0.000ns)
  Data Path Delay:        2.313ns  (logic 1.791ns (77.439%)  route 0.522ns (22.561%))
  Logic Levels:           7  (CARRY4=6 LUT1=1)
  Clock Path Skew:        -0.020ns (DCD - SCD + CPR)
    Destination Clock Delay (DCD):    -1.316ns = ( 18.684 - 20.000 ) 
    Source Clock Delay      (SCD):    -0.712ns
    Clock Pessimism Removal (CPR):    0.585ns
  Clock Uncertainty:      0.094ns  ((TSJ^2 + DJ^2)^1/2) / 2 + PE
    Total System Jitter     (TSJ):    0.071ns
    Discrete Jitter          (DJ):    0.174ns
    Phase Error              (PE):    0.000ns

    Location             Delay type                Incr(ns)  Path(ns)    Netlist Resource(s)
  -------------------------------------------------------------------    -------------------
                         (clock clk_out1_clk_wiz_0 rise edge)
                                                      0.000     0.000 r  
    W5                                                0.000     0.000 r  clk100 (IN)
                         net (fo=0)                   0.000     0.000    clk_div/inst/clk_in1
    W5                   IBUF (Prop_ibuf_I_O)         1.458     1.458 r  clk_div/inst/clkin1_ibufg/O
                         net (fo=1, routed)           1.233     2.691    clk_div/inst/clk_in1_clk_wiz_0
    MMCME2_ADV_X1Y0      MMCME2_ADV (Prop_mmcme2_adv_CLKIN1_CLKOUT0)
                                                     -6.961    -4.269 r  clk_div/inst/mmcm_adv_inst/CLKOUT0
                         net (fo=1, routed)           1.661    -2.608    clk_div/inst/clk_out1_clk_wiz_0
    BUFGCTRL_X0Y2        BUFG (Prop_bufg_I_O)         0.096    -2.512 r  clk_div/inst/clkout1_buf/O
                         net (fo=25, routed)          1.800    -0.712    btn_debounce/clk_out1
    SLICE_X0Y132         FDRE                                         r  btn_debounce/c_reg[0]/C
  -------------------------------------------------------------------    -------------------
    SLICE_X0Y132         FDRE (Prop_fdre_C_Q)         0.456    -0.256 f  btn_debounce/c_reg[0]/Q
                         net (fo=2, routed)           0.522     0.266    btn_debounce/c_reg[0]
    SLICE_X0Y132         LUT1 (Prop_lut1_I0_O)        0.124     0.390 r  btn_debounce/c[0]_i_3/O
                         net (fo=1, routed)           0.000     0.390    btn_debounce/c[0]_i_3_n_0
    SLICE_X0Y132         CARRY4 (Prop_carry4_S[0]_CO[3])
                                                      0.532     0.922 r  btn_debounce/c_reg[0]_i_2/CO[3]
                         net (fo=1, routed)           0.000     0.922    btn_debounce/c_reg[0]_i_2_n_0
    SLICE_X0Y133         CARRY4 (Prop_carry4_CI_CO[3])
                                                      0.114     1.036 r  btn_debounce/c_reg[4]_i_1/CO[3]
                         net (fo=1, routed)           0.000     1.036    btn_debounce/c_reg[4]_i_1_n_0
    SLICE_X0Y134         CARRY4 (Prop_carry4_CI_CO[3])
                                                      0.114     1.150 r  btn_debounce/c_reg[8]_i_1/CO[3]
                         net (fo=1, routed)           0.000     1.150    btn_debounce/c_reg[8]_i_1_n_0
    SLICE_X0Y135         CARRY4 (Prop_carry4_CI_CO[3])
                                                      0.114     1.264 r  btn_debounce/c_reg[12]_i_1/CO[3]
                         net (fo=1, routed)           0.000     1.264    btn_debounce/c_reg[12]_i_1_n_0
    SLICE_X0Y136         CARRY4 (Prop_carry4_CI_CO[3])
                                                      0.114     1.378 r  btn_debounce/c_reg[16]_i_1/CO[3]
                         net (fo=1, routed)           0.000     1.378    btn_debounce/c_reg[16]_i_1_n_0
    SLICE_X0Y137         CARRY4 (Prop_carry4_CI_O[0])
                                                      0.223     1.601 r  btn_debounce/c_reg[20]_i_1/O[0]
                         net (fo=1, routed)           0.000     1.601    btn_debounce/c_reg[20]_i_1_n_7
    SLICE_X0Y137         FDRE                                         r  btn_debounce/c_reg[20]/D
  -------------------------------------------------------------------    -------------------

                         (clock clk_out1_clk_wiz_0 rise edge)
                                                     20.000    20.000 r  
    W5                                                0.000    20.000 r  clk100 (IN)
                         net (fo=0)                   0.000    20.000    clk_div/inst/clk_in1
    W5                   IBUF (Prop_ibuf_I_O)         1.388    21.388 r  clk_div/inst/clkin1_ibufg/O
                         net (fo=1, routed)           1.162    22.550    clk_div/inst/clk_in1_clk_wiz_0
    MMCME2_ADV_X1Y0      MMCME2_ADV (Prop_mmcme2_adv_CLKIN1_CLKOUT0)
                                                     -7.217    15.332 r  clk_div/inst/mmcm_adv_inst/CLKOUT0
                         net (fo=1, routed)           1.581    16.914    clk_div/inst/clk_out1_clk_wiz_0
    BUFGCTRL_X0Y2        BUFG (Prop_bufg_I_O)         0.091    17.005 r  clk_div/inst/clkout1_buf/O
                         net (fo=25, routed)          1.679    18.684    btn_debounce/clk_out1
    SLICE_X0Y137         FDRE                                         r  btn_debounce/c_reg[20]/C
                         clock pessimism              0.585    19.268    
                         clock uncertainty           -0.094    19.174    
    SLICE_X0Y137         FDRE (Setup_fdre_C_D)        0.062    19.236    btn_debounce/c_reg[20]
  -------------------------------------------------------------------
                         required time                         19.236    
                         arrival time                          -1.601    
  -------------------------------------------------------------------
                         slack                                 17.635    

Slack (MET) :             17.637ns  (required time - arrival time)
  Source:                 btn_debounce/c_reg[0]/C
                            (rising edge-triggered cell FDRE clocked by clk_out1_clk_wiz_0  {rise@0.000ns fall@10.000ns period=20.000ns})
  Destination:            btn_debounce/c_reg[17]/D
                            (rising edge-triggered cell FDRE clocked by clk_out1_clk_wiz_0  {rise@0.000ns fall@10.000ns period=20.000ns})
  Path Group:             clk_out1_clk_wiz_0
  Path Type:              Setup (Max at Slow Process Corner)
  Requirement:            20.000ns  (clk_out1_clk_wiz_0 rise@20.000ns - clk_out1_clk_wiz_0 rise@0.000ns)
  Data Path Delay:        2.310ns  (logic 1.788ns (77.409%)  route 0.522ns (22.591%))
  Logic Levels:           6  (CARRY4=5 LUT1=1)
  Clock Path Skew:        -0.021ns (DCD - SCD + CPR)
    Destination Clock Delay (DCD):    -1.317ns = ( 18.683 - 20.000 ) 
    Source Clock Delay      (SCD):    -0.712ns
    Clock Pessimism Removal (CPR):    0.585ns
  Clock Uncertainty:      0.094ns  ((TSJ^2 + DJ^2)^1/2) / 2 + PE
    Total System Jitter     (TSJ):    0.071ns
    Discrete Jitter          (DJ):    0.174ns
    Phase Error              (PE):    0.000ns

    Location             Delay type                Incr(ns)  Path(ns)    Netlist Resource(s)
  -------------------------------------------------------------------    -------------------
                         (clock clk_out1_clk_wiz_0 rise edge)
                                                      0.000     0.000 r  
    W5                                                0.000     0.000 r  clk100 (IN)
                         net (fo=0)                   0.000     0.000    clk_div/inst/clk_in1
    W5                   IBUF (Prop_ibuf_I_O)         1.458     1.458 r  clk_div/inst/clkin1_ibufg/O
                         net (fo=1, routed)           1.233     2.691    clk_div/inst/clk_in1_clk_wiz_0
    MMCME2_ADV_X1Y0      MMCME2_ADV (Prop_mmcme2_adv_CLKIN1_CLKOUT0)
                                                     -6.961    -4.269 r  clk_div/inst/mmcm_adv_inst/CLKOUT0
                         net (fo=1, routed)           1.661    -2.608    clk_div/inst/clk_out1_clk_wiz_0
    BUFGCTRL_X0Y2        BUFG (Prop_bufg_I_O)         0.096    -2.512 r  clk_div/inst/clkout1_buf/O
                         net (fo=25, routed)          1.800    -0.712    btn_debounce/clk_out1
    SLICE_X0Y132         FDRE                                         r  btn_debounce/c_reg[0]/C
  -------------------------------------------------------------------    -------------------
    SLICE_X0Y132         FDRE (Prop_fdre_C_Q)         0.456    -0.256 f  btn_debounce/c_reg[0]/Q
                         net (fo=2, routed)           0.522     0.266    btn_debounce/c_reg[0]
    SLICE_X0Y132         LUT1 (Prop_lut1_I0_O)        0.124     0.390 r  btn_debounce/c[0]_i_3/O
                         net (fo=1, routed)           0.000     0.390    btn_debounce/c[0]_i_3_n_0
    SLICE_X0Y132         CARRY4 (Prop_carry4_S[0]_CO[3])
                                                      0.532     0.922 r  btn_debounce/c_reg[0]_i_2/CO[3]
                         net (fo=1, routed)           0.000     0.922    btn_debounce/c_reg[0]_i_2_n_0
    SLICE_X0Y133         CARRY4 (Prop_carry4_CI_CO[3])
                                                      0.114     1.036 r  btn_debounce/c_reg[4]_i_1/CO[3]
                         net (fo=1, routed)           0.000     1.036    btn_debounce/c_reg[4]_i_1_n_0
    SLICE_X0Y134         CARRY4 (Prop_carry4_CI_CO[3])
                                                      0.114     1.150 r  btn_debounce/c_reg[8]_i_1/CO[3]
                         net (fo=1, routed)           0.000     1.150    btn_debounce/c_reg[8]_i_1_n_0
    SLICE_X0Y135         CARRY4 (Prop_carry4_CI_CO[3])
                                                      0.114     1.264 r  btn_debounce/c_reg[12]_i_1/CO[3]
                         net (fo=1, routed)           0.000     1.264    btn_debounce/c_reg[12]_i_1_n_0
    SLICE_X0Y136         CARRY4 (Prop_carry4_CI_O[1])
                                                      0.334     1.598 r  btn_debounce/c_reg[16]_i_1/O[1]
                         net (fo=1, routed)           0.000     1.598    btn_debounce/c_reg[16]_i_1_n_6
    SLICE_X0Y136         FDRE                                         r  btn_debounce/c_reg[17]/D
  -------------------------------------------------------------------    -------------------

                         (clock clk_out1_clk_wiz_0 rise edge)
                                                     20.000    20.000 r  
    W5                                                0.000    20.000 r  clk100 (IN)
                         net (fo=0)                   0.000    20.000    clk_div/inst/clk_in1
    W5                   IBUF (Prop_ibuf_I_O)         1.388    21.388 r  clk_div/inst/clkin1_ibufg/O
                         net (fo=1, routed)           1.162    22.550    clk_div/inst/clk_in1_clk_wiz_0
    MMCME2_ADV_X1Y0      MMCME2_ADV (Prop_mmcme2_adv_CLKIN1_CLKOUT0)
                                                     -7.217    15.332 r  clk_div/inst/mmcm_adv_inst/CLKOUT0
                         net (fo=1, routed)           1.581    16.914    clk_div/inst/clk_out1_clk_wiz_0
    BUFGCTRL_X0Y2        BUFG (Prop_bufg_I_O)         0.091    17.005 r  clk_div/inst/clkout1_buf/O
                         net (fo=25, routed)          1.678    18.683    btn_debounce/clk_out1
    SLICE_X0Y136         FDRE                                         r  btn_debounce/c_reg[17]/C
                         clock pessimism              0.585    19.267    
                         clock uncertainty           -0.094    19.173    
    SLICE_X0Y136         FDRE (Setup_fdre_C_D)        0.062    19.235    btn_debounce/c_reg[17]
  -------------------------------------------------------------------
                         required time                         19.235    
                         arrival time                          -1.598    
  -------------------------------------------------------------------
                         slack                                 17.637    

Slack (MET) :             17.658ns  (required time - arrival time)
  Source:                 btn_debounce/c_reg[0]/C
                            (rising edge-triggered cell FDRE clocked by clk_out1_clk_wiz_0  {rise@0.000ns fall@10.000ns period=20.000ns})
  Destination:            btn_debounce/c_reg[19]/D
                            (rising edge-triggered cell FDRE clocked by clk_out1_clk_wiz_0  {rise@0.000ns fall@10.000ns period=20.000ns})
  Path Group:             clk_out1_clk_wiz_0
  Path Type:              Setup (Max at Slow Process Corner)
  Requirement:            20.000ns  (clk_out1_clk_wiz_0 rise@20.000ns - clk_out1_clk_wiz_0 rise@0.000ns)
  Data Path Delay:        2.289ns  (logic 1.767ns (77.202%)  route 0.522ns (22.798%))
  Logic Levels:           6  (CARRY4=5 LUT1=1)
  Clock Path Skew:        -0.021ns (DCD - SCD + CPR)
    Destination Clock Delay (DCD):    -1.317ns = ( 18.683 - 20.000 ) 
    Source Clock Delay      (SCD):    -0.712ns
    Clock Pessimism Removal (CPR):    0.585ns
  Clock Uncertainty:      0.094ns  ((TSJ^2 + DJ^2)^1/2) / 2 + PE
    Total System Jitter     (TSJ):    0.071ns
    Discrete Jitter          (DJ):    0.174ns
    Phase Error              (PE):    0.000ns

    Location             Delay type                Incr(ns)  Path(ns)    Netlist Resource(s)
  -------------------------------------------------------------------    -------------------
                         (clock clk_out1_clk_wiz_0 rise edge)
                                                      0.000     0.000 r  
    W5                                                0.000     0.000 r  clk100 (IN)
                         net (fo=0)                   0.000     0.000    clk_div/inst/clk_in1
    W5                   IBUF (Prop_ibuf_I_O)         1.458     1.458 r  clk_div/inst/clkin1_ibufg/O
                         net (fo=1, routed)           1.233     2.691    clk_div/inst/clk_in1_clk_wiz_0
    MMCME2_ADV_X1Y0      MMCME2_ADV (Prop_mmcme2_adv_CLKIN1_CLKOUT0)
                                                     -6.961    -4.269 r  clk_div/inst/mmcm_adv_inst/CLKOUT0
                         net (fo=1, routed)           1.661    -2.608    clk_div/inst/clk_out1_clk_wiz_0
    BUFGCTRL_X0Y2        BUFG (Prop_bufg_I_O)         0.096    -2.512 r  clk_div/inst/clkout1_buf/O
                         net (fo=25, routed)          1.800    -0.712    btn_debounce/clk_out1
    SLICE_X0Y132         FDRE                                         r  btn_debounce/c_reg[0]/C
  -------------------------------------------------------------------    -------------------
    SLICE_X0Y132         FDRE (Prop_fdre_C_Q)         0.456    -0.256 f  btn_debounce/c_reg[0]/Q
                         net (fo=2, routed)           0.522     0.266    btn_debounce/c_reg[0]
    SLICE_X0Y132         LUT1 (Prop_lut1_I0_O)        0.124     0.390 r  btn_debounce/c[0]_i_3/O
                         net (fo=1, routed)           0.000     0.390    btn_debounce/c[0]_i_3_n_0
    SLICE_X0Y132         CARRY4 (Prop_carry4_S[0]_CO[3])
                                                      0.532     0.922 r  btn_debounce/c_reg[0]_i_2/CO[3]
                         net (fo=1, routed)           0.000     0.922    btn_debounce/c_reg[0]_i_2_n_0
    SLICE_X0Y133         CARRY4 (Prop_carry4_CI_CO[3])
                                                      0.114     1.036 r  btn_debounce/c_reg[4]_i_1/CO[3]
                         net (fo=1, routed)           0.000     1.036    btn_debounce/c_reg[4]_i_1_n_0
    SLICE_X0Y134         CARRY4 (Prop_carry4_CI_CO[3])
                                                      0.114     1.150 r  btn_debounce/c_reg[8]_i_1/CO[3]
                         net (fo=1, routed)           0.000     1.150    btn_debounce/c_reg[8]_i_1_n_0
    SLICE_X0Y135         CARRY4 (Prop_carry4_CI_CO[3])
                                                      0.114     1.264 r  btn_debounce/c_reg[12]_i_1/CO[3]
                         net (fo=1, routed)           0.000     1.264    btn_debounce/c_reg[12]_i_1_n_0
    SLICE_X0Y136         CARRY4 (Prop_carry4_CI_O[3])
                                                      0.313     1.577 r  btn_debounce/c_reg[16]_i_1/O[3]
                         net (fo=1, routed)           0.000     1.577    btn_debounce/c_reg[16]_i_1_n_4
    SLICE_X0Y136         FDRE                                         r  btn_debounce/c_reg[19]/D
  -------------------------------------------------------------------    -------------------

                         (clock clk_out1_clk_wiz_0 rise edge)
                                                     20.000    20.000 r  
    W5                                                0.000    20.000 r  clk100 (IN)
                         net (fo=0)                   0.000    20.000    clk_div/inst/clk_in1
    W5                   IBUF (Prop_ibuf_I_O)         1.388    21.388 r  clk_div/inst/clkin1_ibufg/O
                         net (fo=1, routed)           1.162    22.550    clk_div/inst/clk_in1_clk_wiz_0
    MMCME2_ADV_X1Y0      MMCME2_ADV (Prop_mmcme2_adv_CLKIN1_CLKOUT0)
                                                     -7.217    15.332 r  clk_div/inst/mmcm_adv_inst/CLKOUT0
                         net (fo=1, routed)           1.581    16.914    clk_div/inst/clk_out1_clk_wiz_0
    BUFGCTRL_X0Y2        BUFG (Prop_bufg_I_O)         0.091    17.005 r  clk_div/inst/clkout1_buf/O
                         net (fo=25, routed)          1.678    18.683    btn_debounce/clk_out1
    SLICE_X0Y136         FDRE                                         r  btn_debounce/c_reg[19]/C
                         clock pessimism              0.585    19.267    
                         clock uncertainty           -0.094    19.173    
    SLICE_X0Y136         FDRE (Setup_fdre_C_D)        0.062    19.235    btn_debounce/c_reg[19]
  -------------------------------------------------------------------
                         required time                         19.235    
                         arrival time                          -1.577    
  -------------------------------------------------------------------
                         slack                                 17.658    

Slack (MET) :             17.732ns  (required time - arrival time)
  Source:                 btn_debounce/c_reg[0]/C
                            (rising edge-triggered cell FDRE clocked by clk_out1_clk_wiz_0  {rise@0.000ns fall@10.000ns period=20.000ns})
  Destination:            btn_debounce/c_reg[18]/D
                            (rising edge-triggered cell FDRE clocked by clk_out1_clk_wiz_0  {rise@0.000ns fall@10.000ns period=20.000ns})
  Path Group:             clk_out1_clk_wiz_0
  Path Type:              Setup (Max at Slow Process Corner)
  Requirement:            20.000ns  (clk_out1_clk_wiz_0 rise@20.000ns - clk_out1_clk_wiz_0 rise@0.000ns)
  Data Path Delay:        2.215ns  (logic 1.693ns (76.440%)  route 0.522ns (23.560%))
  Logic Levels:           6  (CARRY4=5 LUT1=1)
  Clock Path Skew:        -0.021ns (DCD - SCD + CPR)
    Destination Clock Delay (DCD):    -1.317ns = ( 18.683 - 20.000 ) 
    Source Clock Delay      (SCD):    -0.712ns
    Clock Pessimism Removal (CPR):    0.585ns
  Clock Uncertainty:      0.094ns  ((TSJ^2 + DJ^2)^1/2) / 2 + PE
    Total System Jitter     (TSJ):    0.071ns
    Discrete Jitter          (DJ):    0.174ns
    Phase Error              (PE):    0.000ns

    Location             Delay type                Incr(ns)  Path(ns)    Netlist Resource(s)
  -------------------------------------------------------------------    -------------------
                         (clock clk_out1_clk_wiz_0 rise edge)
                                                      0.000     0.000 r  
    W5                                                0.000     0.000 r  clk100 (IN)
                         net (fo=0)                   0.000     0.000    clk_div/inst/clk_in1
    W5                   IBUF (Prop_ibuf_I_O)         1.458     1.458 r  clk_div/inst/clkin1_ibufg/O
                         net (fo=1, routed)           1.233     2.691    clk_div/inst/clk_in1_clk_wiz_0
    MMCME2_ADV_X1Y0      MMCME2_ADV (Prop_mmcme2_adv_CLKIN1_CLKOUT0)
                                                     -6.961    -4.269 r  clk_div/inst/mmcm_adv_inst/CLKOUT0
                         net (fo=1, routed)           1.661    -2.608    clk_div/inst/clk_out1_clk_wiz_0
    BUFGCTRL_X0Y2        BUFG (Prop_bufg_I_O)         0.096    -2.512 r  clk_div/inst/clkout1_buf/O
                         net (fo=25, routed)          1.800    -0.712    btn_debounce/clk_out1
    SLICE_X0Y132         FDRE                                         r  btn_debounce/c_reg[0]/C
  -------------------------------------------------------------------    -------------------
    SLICE_X0Y132         FDRE (Prop_fdre_C_Q)         0.456    -0.256 f  btn_debounce/c_reg[0]/Q
                         net (fo=2, routed)           0.522     0.266    btn_debounce/c_reg[0]
    SLICE_X0Y132         LUT1 (Prop_lut1_I0_O)        0.124     0.390 r  btn_debounce/c[0]_i_3/O
                         net (fo=1, routed)           0.000     0.390    btn_debounce/c[0]_i_3_n_0
    SLICE_X0Y132         CARRY4 (Prop_carry4_S[0]_CO[3])
                                                      0.532     0.922 r  btn_debounce/c_reg[0]_i_2/CO[3]
                         net (fo=1, routed)           0.000     0.922    btn_debounce/c_reg[0]_i_2_n_0
    SLICE_X0Y133         CARRY4 (Prop_carry4_CI_CO[3])
                                                      0.114     1.036 r  btn_debounce/c_reg[4]_i_1/CO[3]
                         net (fo=1, routed)           0.000     1.036    btn_debounce/c_reg[4]_i_1_n_0
    SLICE_X0Y134         CARRY4 (Prop_carry4_CI_CO[3])
                                                      0.114     1.150 r  btn_debounce/c_reg[8]_i_1/CO[3]
                         net (fo=1, routed)           0.000     1.150    btn_debounce/c_reg[8]_i_1_n_0
    SLICE_X0Y135         CARRY4 (Prop_carry4_CI_CO[3])
                                                      0.114     1.264 r  btn_debounce/c_reg[12]_i_1/CO[3]
                         net (fo=1, routed)           0.000     1.264    btn_debounce/c_reg[12]_i_1_n_0
    SLICE_X0Y136         CARRY4 (Prop_carry4_CI_O[2])
                                                      0.239     1.503 r  btn_debounce/c_reg[16]_i_1/O[2]
                         net (fo=1, routed)           0.000     1.503    btn_debounce/c_reg[16]_i_1_n_5
    SLICE_X0Y136         FDRE                                         r  btn_debounce/c_reg[18]/D
  -------------------------------------------------------------------    -------------------

                         (clock clk_out1_clk_wiz_0 rise edge)
                                                     20.000    20.000 r  
    W5                                                0.000    20.000 r  clk100 (IN)
                         net (fo=0)                   0.000    20.000    clk_div/inst/clk_in1
    W5                   IBUF (Prop_ibuf_I_O)         1.388    21.388 r  clk_div/inst/clkin1_ibufg/O
                         net (fo=1, routed)           1.162    22.550    clk_div/inst/clk_in1_clk_wiz_0
    MMCME2_ADV_X1Y0      MMCME2_ADV (Prop_mmcme2_adv_CLKIN1_CLKOUT0)
                                                     -7.217    15.332 r  clk_div/inst/mmcm_adv_inst/CLKOUT0
                         net (fo=1, routed)           1.581    16.914    clk_div/inst/clk_out1_clk_wiz_0
    BUFGCTRL_X0Y2        BUFG (Prop_bufg_I_O)         0.091    17.005 r  clk_div/inst/clkout1_buf/O
                         net (fo=25, routed)          1.678    18.683    btn_debounce/clk_out1
    SLICE_X0Y136         FDRE                                         r  btn_debounce/c_reg[18]/C
                         clock pessimism              0.585    19.267    
                         clock uncertainty           -0.094    19.173    
    SLICE_X0Y136         FDRE (Setup_fdre_C_D)        0.062    19.235    btn_debounce/c_reg[18]
  -------------------------------------------------------------------
                         required time                         19.235    
                         arrival time                          -1.503    
  -------------------------------------------------------------------
                         slack                                 17.732    

Slack (MET) :             17.748ns  (required time - arrival time)
  Source:                 btn_debounce/c_reg[0]/C
                            (rising edge-triggered cell FDRE clocked by clk_out1_clk_wiz_0  {rise@0.000ns fall@10.000ns period=20.000ns})
  Destination:            btn_debounce/c_reg[16]/D
                            (rising edge-triggered cell FDRE clocked by clk_out1_clk_wiz_0  {rise@0.000ns fall@10.000ns period=20.000ns})
  Path Group:             clk_out1_clk_wiz_0
  Path Type:              Setup (Max at Slow Process Corner)
  Requirement:            20.000ns  (clk_out1_clk_wiz_0 rise@20.000ns - clk_out1_clk_wiz_0 rise@0.000ns)
  Data Path Delay:        2.199ns  (logic 1.677ns (76.269%)  route 0.522ns (23.731%))
  Logic Levels:           6  (CARRY4=5 LUT1=1)
  Clock Path Skew:        -0.021ns (DCD - SCD + CPR)
    Destination Clock Delay (DCD):    -1.317ns = ( 18.683 - 20.000 ) 
    Source Clock Delay      (SCD):    -0.712ns
    Clock Pessimism Removal (CPR):    0.585ns
  Clock Uncertainty:      0.094ns  ((TSJ^2 + DJ^2)^1/2) / 2 + PE
    Total System Jitter     (TSJ):    0.071ns
    Discrete Jitter          (DJ):    0.174ns
    Phase Error              (PE):    0.000ns

    Location             Delay type                Incr(ns)  Path(ns)    Netlist Resource(s)
  -------------------------------------------------------------------    -------------------
                         (clock clk_out1_clk_wiz_0 rise edge)
                                                      0.000     0.000 r  
    W5                                                0.000     0.000 r  clk100 (IN)
                         net (fo=0)                   0.000     0.000    clk_div/inst/clk_in1
    W5                   IBUF (Prop_ibuf_I_O)         1.458     1.458 r  clk_div/inst/clkin1_ibufg/O
                         net (fo=1, routed)           1.233     2.691    clk_div/inst/clk_in1_clk_wiz_0
    MMCME2_ADV_X1Y0      MMCME2_ADV (Prop_mmcme2_adv_CLKIN1_CLKOUT0)
                                                     -6.961    -4.269 r  clk_div/inst/mmcm_adv_inst/CLKOUT0
                         net (fo=1, routed)           1.661    -2.608    clk_div/inst/clk_out1_clk_wiz_0
    BUFGCTRL_X0Y2        BUFG (Prop_bufg_I_O)         0.096    -2.512 r  clk_div/inst/clkout1_buf/O
                         net (fo=25, routed)          1.800    -0.712    btn_debounce/clk_out1
    SLICE_X0Y132         FDRE                                         r  btn_debounce/c_reg[0]/C
  -------------------------------------------------------------------    -------------------
    SLICE_X0Y132         FDRE (Prop_fdre_C_Q)         0.456    -0.256 f  btn_debounce/c_reg[0]/Q
                         net (fo=2, routed)           0.522     0.266    btn_debounce/c_reg[0]
    SLICE_X0Y132         LUT1 (Prop_lut1_I0_O)        0.124     0.390 r  btn_debounce/c[0]_i_3/O
                         net (fo=1, routed)           0.000     0.390    btn_debounce/c[0]_i_3_n_0
    SLICE_X0Y132         CARRY4 (Prop_carry4_S[0]_CO[3])
                                                      0.532     0.922 r  btn_debounce/c_reg[0]_i_2/CO[3]
                         net (fo=1, routed)           0.000     0.922    btn_debounce/c_reg[0]_i_2_n_0
    SLICE_X0Y133         CARRY4 (Prop_carry4_CI_CO[3])
                                                      0.114     1.036 r  btn_debounce/c_reg[4]_i_1/CO[3]
                         net (fo=1, routed)           0.000     1.036    btn_debounce/c_reg[4]_i_1_n_0
    SLICE_X0Y134         CARRY4 (Prop_carry4_CI_CO[3])
                                                      0.114     1.150 r  btn_debounce/c_reg[8]_i_1/CO[3]
                         net (fo=1, routed)           0.000     1.150    btn_debounce/c_reg[8]_i_1_n_0
    SLICE_X0Y135         CARRY4 (Prop_carry4_CI_CO[3])
                                                      0.114     1.264 r  btn_debounce/c_reg[12]_i_1/CO[3]
                         net (fo=1, routed)           0.000     1.264    btn_debounce/c_reg[12]_i_1_n_0
    SLICE_X0Y136         CARRY4 (Prop_carry4_CI_O[0])
                                                      0.223     1.487 r  btn_debounce/c_reg[16]_i_1/O[0]
                         net (fo=1, routed)           0.000     1.487    btn_debounce/c_reg[16]_i_1_n_7
    SLICE_X0Y136         FDRE                                         r  btn_debounce/c_reg[16]/D
  -------------------------------------------------------------------    -------------------

                         (clock clk_out1_clk_wiz_0 rise edge)
                                                     20.000    20.000 r  
    W5                                                0.000    20.000 r  clk100 (IN)
                         net (fo=0)                   0.000    20.000    clk_div/inst/clk_in1
    W5                   IBUF (Prop_ibuf_I_O)         1.388    21.388 r  clk_div/inst/clkin1_ibufg/O
                         net (fo=1, routed)           1.162    22.550    clk_div/inst/clk_in1_clk_wiz_0
    MMCME2_ADV_X1Y0      MMCME2_ADV (Prop_mmcme2_adv_CLKIN1_CLKOUT0)
                                                     -7.217    15.332 r  clk_div/inst/mmcm_adv_inst/CLKOUT0
                         net (fo=1, routed)           1.581    16.914    clk_div/inst/clk_out1_clk_wiz_0
    BUFGCTRL_X0Y2        BUFG (Prop_bufg_I_O)         0.091    17.005 r  clk_div/inst/clkout1_buf/O
                         net (fo=25, routed)          1.678    18.683    btn_debounce/clk_out1
    SLICE_X0Y136         FDRE                                         r  btn_debounce/c_reg[16]/C
                         clock pessimism              0.585    19.267    
                         clock uncertainty           -0.094    19.173    
    SLICE_X0Y136         FDRE (Setup_fdre_C_D)        0.062    19.235    btn_debounce/c_reg[16]
  -------------------------------------------------------------------
                         required time                         19.235    
                         arrival time                          -1.487    
  -------------------------------------------------------------------
                         slack                                 17.748    

Slack (MET) :             17.751ns  (required time - arrival time)
  Source:                 btn_debounce/c_reg[0]/C
                            (rising edge-triggered cell FDRE clocked by clk_out1_clk_wiz_0  {rise@0.000ns fall@10.000ns period=20.000ns})
  Destination:            btn_debounce/c_reg[13]/D
                            (rising edge-triggered cell FDRE clocked by clk_out1_clk_wiz_0  {rise@0.000ns fall@10.000ns period=20.000ns})
  Path Group:             clk_out1_clk_wiz_0
  Path Type:              Setup (Max at Slow Process Corner)
  Requirement:            20.000ns  (clk_out1_clk_wiz_0 rise@20.000ns - clk_out1_clk_wiz_0 rise@0.000ns)
  Data Path Delay:        2.196ns  (logic 1.674ns (76.237%)  route 0.522ns (23.763%))
  Logic Levels:           5  (CARRY4=4 LUT1=1)
  Clock Path Skew:        -0.021ns (DCD - SCD + CPR)
    Destination Clock Delay (DCD):    -1.317ns = ( 18.683 - 20.000 ) 
    Source Clock Delay      (SCD):    -0.712ns
    Clock Pessimism Removal (CPR):    0.585ns
  Clock Uncertainty:      0.094ns  ((TSJ^2 + DJ^2)^1/2) / 2 + PE
    Total System Jitter     (TSJ):    0.071ns
    Discrete Jitter          (DJ):    0.174ns
    Phase Error              (PE):    0.000ns

    Location             Delay type                Incr(ns)  Path(ns)    Netlist Resource(s)
  -------------------------------------------------------------------    -------------------
                         (clock clk_out1_clk_wiz_0 rise edge)
                                                      0.000     0.000 r  
    W5                                                0.000     0.000 r  clk100 (IN)
                         net (fo=0)                   0.000     0.000    clk_div/inst/clk_in1
    W5                   IBUF (Prop_ibuf_I_O)         1.458     1.458 r  clk_div/inst/clkin1_ibufg/O
                         net (fo=1, routed)           1.233     2.691    clk_div/inst/clk_in1_clk_wiz_0
    MMCME2_ADV_X1Y0      MMCME2_ADV (Prop_mmcme2_adv_CLKIN1_CLKOUT0)
                                                     -6.961    -4.269 r  clk_div/inst/mmcm_adv_inst/CLKOUT0
                         net (fo=1, routed)           1.661    -2.608    clk_div/inst/clk_out1_clk_wiz_0
    BUFGCTRL_X0Y2        BUFG (Prop_bufg_I_O)         0.096    -2.512 r  clk_div/inst/clkout1_buf/O
                         net (fo=25, routed)          1.800    -0.712    btn_debounce/clk_out1
    SLICE_X0Y132         FDRE                                         r  btn_debounce/c_reg[0]/C
  -------------------------------------------------------------------    -------------------
    SLICE_X0Y132         FDRE (Prop_fdre_C_Q)         0.456    -0.256 f  btn_debounce/c_reg[0]/Q
                         net (fo=2, routed)           0.522     0.266    btn_debounce/c_reg[0]
    SLICE_X0Y132         LUT1 (Prop_lut1_I0_O)        0.124     0.390 r  btn_debounce/c[0]_i_3/O
                         net (fo=1, routed)           0.000     0.390    btn_debounce/c[0]_i_3_n_0
    SLICE_X0Y132         CARRY4 (Prop_carry4_S[0]_CO[3])
                                                      0.532     0.922 r  btn_debounce/c_reg[0]_i_2/CO[3]
                         net (fo=1, routed)           0.000     0.922    btn_debounce/c_reg[0]_i_2_n_0
    SLICE_X0Y133         CARRY4 (Prop_carry4_CI_CO[3])
                                                      0.114     1.036 r  btn_debounce/c_reg[4]_i_1/CO[3]
                         net (fo=1, routed)           0.000     1.036    btn_debounce/c_reg[4]_i_1_n_0
    SLICE_X0Y134         CARRY4 (Prop_carry4_CI_CO[3])
                                                      0.114     1.150 r  btn_debounce/c_reg[8]_i_1/CO[3]
                         net (fo=1, routed)           0.000     1.150    btn_debounce/c_reg[8]_i_1_n_0
    SLICE_X0Y135         CARRY4 (Prop_carry4_CI_O[1])
                                                      0.334     1.484 r  btn_debounce/c_reg[12]_i_1/O[1]
                         net (fo=1, routed)           0.000     1.484    btn_debounce/c_reg[12]_i_1_n_6
    SLICE_X0Y135         FDRE                                         r  btn_debounce/c_reg[13]/D
  -------------------------------------------------------------------    -------------------

                         (clock clk_out1_clk_wiz_0 rise edge)
                                                     20.000    20.000 r  
    W5                                                0.000    20.000 r  clk100 (IN)
                         net (fo=0)                   0.000    20.000    clk_div/inst/clk_in1
    W5                   IBUF (Prop_ibuf_I_O)         1.388    21.388 r  clk_div/inst/clkin1_ibufg/O
                         net (fo=1, routed)           1.162    22.550    clk_div/inst/clk_in1_clk_wiz_0
    MMCME2_ADV_X1Y0      MMCME2_ADV (Prop_mmcme2_adv_CLKIN1_CLKOUT0)
                                                     -7.217    15.332 r  clk_div/inst/mmcm_adv_inst/CLKOUT0
                         net (fo=1, routed)           1.581    16.914    clk_div/inst/clk_out1_clk_wiz_0
    BUFGCTRL_X0Y2        BUFG (Prop_bufg_I_O)         0.091    17.005 r  clk_div/inst/clkout1_buf/O
                         net (fo=25, routed)          1.678    18.683    btn_debounce/clk_out1
    SLICE_X0Y135         FDRE                                         r  btn_debounce/c_reg[13]/C
                         clock pessimism              0.585    19.267    
                         clock uncertainty           -0.094    19.173    
    SLICE_X0Y135         FDRE (Setup_fdre_C_D)        0.062    19.235    btn_debounce/c_reg[13]
  -------------------------------------------------------------------
                         required time                         19.235    
                         arrival time                          -1.484    
  -------------------------------------------------------------------
                         slack                                 17.751    





Min Delay Paths
--------------------------------------------------------------------------------------
Slack (MET) :             0.280ns  (arrival time - required time)
  Source:                 btn_debounce/c_reg[10]/C
                            (rising edge-triggered cell FDRE clocked by clk_out1_clk_wiz_0  {rise@0.000ns fall@10.000ns period=20.000ns})
  Destination:            btn_debounce/c_reg[10]/D
                            (rising edge-triggered cell FDRE clocked by clk_out1_clk_wiz_0  {rise@0.000ns fall@10.000ns period=20.000ns})
  Path Group:             clk_out1_clk_wiz_0
  Path Type:              Hold (Min at Fast Process Corner)
  Requirement:            0.000ns  (clk_out1_clk_wiz_0 rise@0.000ns - clk_out1_clk_wiz_0 rise@0.000ns)
  Data Path Delay:        0.385ns  (logic 0.252ns (65.529%)  route 0.133ns (34.471%))
  Logic Levels:           1  (CARRY4=1)
  Clock Path Skew:        0.000ns (DCD - SCD - CPR)
    Destination Clock Delay (DCD):    -0.745ns
    Source Clock Delay      (SCD):    -0.510ns
    Clock Pessimism Removal (CPR):    -0.235ns

    Location             Delay type                Incr(ns)  Path(ns)    Netlist Resource(s)
  -------------------------------------------------------------------    -------------------
                         (clock clk_out1_clk_wiz_0 rise edge)
                                                      0.000     0.000 r  
    W5                                                0.000     0.000 r  clk100 (IN)
                         net (fo=0)                   0.000     0.000    clk_div/inst/clk_in1
    W5                   IBUF (Prop_ibuf_I_O)         0.226     0.226 r  clk_div/inst/clkin1_ibufg/O
                         net (fo=1, routed)           0.440     0.667    clk_div/inst/clk_in1_clk_wiz_0
    MMCME2_ADV_X1Y0      MMCME2_ADV (Prop_mmcme2_adv_CLKIN1_CLKOUT0)
                                                     -2.360    -1.693 r  clk_div/inst/mmcm_adv_inst/CLKOUT0
                         net (fo=1, routed)           0.486    -1.207    clk_div/inst/clk_out1_clk_wiz_0
    BUFGCTRL_X0Y2        BUFG (Prop_bufg_I_O)         0.026    -1.181 r  clk_div/inst/clkout1_buf/O
                         net (fo=25, routed)          0.671    -0.510    btn_debounce/clk_out1
    SLICE_X0Y134         FDRE                                         r  btn_debounce/c_reg[10]/C
  -------------------------------------------------------------------    -------------------
    SLICE_X0Y134         FDRE (Prop_fdre_C_Q)         0.141    -0.369 r  btn_debounce/c_reg[10]/Q
                         net (fo=2, routed)           0.133    -0.236    btn_debounce/c_reg[10]
    SLICE_X0Y134         CARRY4 (Prop_carry4_S[2]_O[2])
                                                      0.111    -0.125 r  btn_debounce/c_reg[8]_i_1/O[2]
                         net (fo=1, routed)           0.000    -0.125    btn_debounce/c_reg[8]_i_1_n_5
    SLICE_X0Y134         FDRE                                         r  btn_debounce/c_reg[10]/D
  -------------------------------------------------------------------    -------------------

                         (clock clk_out1_clk_wiz_0 rise edge)
                                                      0.000     0.000 r  
    W5                                                0.000     0.000 r  clk100 (IN)
                         net (fo=0)                   0.000     0.000    clk_div/inst/clk_in1
    W5                   IBUF (Prop_ibuf_I_O)         0.414     0.414 r  clk_div/inst/clkin1_ibufg/O
                         net (fo=1, routed)           0.480     0.894    clk_div/inst/clk_in1_clk_wiz_0
    MMCME2_ADV_X1Y0      MMCME2_ADV (Prop_mmcme2_adv_CLKIN1_CLKOUT0)
                                                     -3.142    -2.248 r  clk_div/inst/mmcm_adv_inst/CLKOUT0
                         net (fo=1, routed)           0.530    -1.718    clk_div/inst/clk_out1_clk_wiz_0
    BUFGCTRL_X0Y2        BUFG (Prop_bufg_I_O)         0.029    -1.689 r  clk_div/inst/clkout1_buf/O
                         net (fo=25, routed)          0.944    -0.745    btn_debounce/clk_out1
    SLICE_X0Y134         FDRE                                         r  btn_debounce/c_reg[10]/C
                         clock pessimism              0.235    -0.510    
    SLICE_X0Y134         FDRE (Hold_fdre_C_D)         0.105    -0.405    btn_debounce/c_reg[10]
  -------------------------------------------------------------------
                         required time                          0.405    
                         arrival time                          -0.125    
  -------------------------------------------------------------------
                         slack                                  0.280    

Slack (MET) :             0.280ns  (arrival time - required time)
  Source:                 btn_debounce/c_reg[22]/C
                            (rising edge-triggered cell FDRE clocked by clk_out1_clk_wiz_0  {rise@0.000ns fall@10.000ns period=20.000ns})
  Destination:            btn_debounce/c_reg[22]/D
                            (rising edge-triggered cell FDRE clocked by clk_out1_clk_wiz_0  {rise@0.000ns fall@10.000ns period=20.000ns})
  Path Group:             clk_out1_clk_wiz_0
  Path Type:              Hold (Min at Fast Process Corner)
  Requirement:            0.000ns  (clk_out1_clk_wiz_0 rise@0.000ns - clk_out1_clk_wiz_0 rise@0.000ns)
  Data Path Delay:        0.385ns  (logic 0.252ns (65.529%)  route 0.133ns (34.471%))
  Logic Levels:           1  (CARRY4=1)
  Clock Path Skew:        0.000ns (DCD - SCD - CPR)
    Destination Clock Delay (DCD):    -0.743ns
    Source Clock Delay      (SCD):    -0.509ns
    Clock Pessimism Removal (CPR):    -0.234ns

    Location             Delay type                Incr(ns)  Path(ns)    Netlist Resource(s)
  -------------------------------------------------------------------    -------------------
                         (clock clk_out1_clk_wiz_0 rise edge)
                                                      0.000     0.000 r  
    W5                                                0.000     0.000 r  clk100 (IN)
                         net (fo=0)                   0.000     0.000    clk_div/inst/clk_in1
    W5                   IBUF (Prop_ibuf_I_O)         0.226     0.226 r  clk_div/inst/clkin1_ibufg/O
                         net (fo=1, routed)           0.440     0.667    clk_div/inst/clk_in1_clk_wiz_0
    MMCME2_ADV_X1Y0      MMCME2_ADV (Prop_mmcme2_adv_CLKIN1_CLKOUT0)
                                                     -2.360    -1.693 r  clk_div/inst/mmcm_adv_inst/CLKOUT0
                         net (fo=1, routed)           0.486    -1.207    clk_div/inst/clk_out1_clk_wiz_0
    BUFGCTRL_X0Y2        BUFG (Prop_bufg_I_O)         0.026    -1.181 r  clk_div/inst/clkout1_buf/O
                         net (fo=25, routed)          0.672    -0.509    btn_debounce/clk_out1
    SLICE_X0Y137         FDRE                                         r  btn_debounce/c_reg[22]/C
  -------------------------------------------------------------------    -------------------
    SLICE_X0Y137         FDRE (Prop_fdre_C_Q)         0.141    -0.368 r  btn_debounce/c_reg[22]/Q
                         net (fo=2, routed)           0.133    -0.235    btn_debounce/c_reg[22]
    SLICE_X0Y137         CARRY4 (Prop_carry4_S[2]_O[2])
                                                      0.111    -0.124 r  btn_debounce/c_reg[20]_i_1/O[2]
                         net (fo=1, routed)           0.000    -0.124    btn_debounce/c_reg[20]_i_1_n_5
    SLICE_X0Y137         FDRE                                         r  btn_debounce/c_reg[22]/D
  -------------------------------------------------------------------    -------------------

                         (clock clk_out1_clk_wiz_0 rise edge)
                                                      0.000     0.000 r  
    W5                                                0.000     0.000 r  clk100 (IN)
                         net (fo=0)                   0.000     0.000    clk_div/inst/clk_in1
    W5                   IBUF (Prop_ibuf_I_O)         0.414     0.414 r  clk_div/inst/clkin1_ibufg/O
                         net (fo=1, routed)           0.480     0.894    clk_div/inst/clk_in1_clk_wiz_0
    MMCME2_ADV_X1Y0      MMCME2_ADV (Prop_mmcme2_adv_CLKIN1_CLKOUT0)
                                                     -3.142    -2.248 r  clk_div/inst/mmcm_adv_inst/CLKOUT0
                         net (fo=1, routed)           0.530    -1.718    clk_div/inst/clk_out1_clk_wiz_0
    BUFGCTRL_X0Y2        BUFG (Prop_bufg_I_O)         0.029    -1.689 r  clk_div/inst/clkout1_buf/O
                         net (fo=25, routed)          0.946    -0.743    btn_debounce/clk_out1
    SLICE_X0Y137         FDRE                                         r  btn_debounce/c_reg[22]/C
                         clock pessimism              0.234    -0.509    
    SLICE_X0Y137         FDRE (Hold_fdre_C_D)         0.105    -0.404    btn_debounce/c_reg[22]
  -------------------------------------------------------------------
                         required time                          0.404    
                         arrival time                          -0.124    
  -------------------------------------------------------------------
                         slack                                  0.280    

Slack (MET) :             0.280ns  (arrival time - required time)
  Source:                 btn_debounce/c_reg[6]/C
                            (rising edge-triggered cell FDRE clocked by clk_out1_clk_wiz_0  {rise@0.000ns fall@10.000ns period=20.000ns})
  Destination:            btn_debounce/c_reg[6]/D
                            (rising edge-triggered cell FDRE clocked by clk_out1_clk_wiz_0  {rise@0.000ns fall@10.000ns period=20.000ns})
  Path Group:             clk_out1_clk_wiz_0
  Path Type:              Hold (Min at Fast Process Corner)
  Requirement:            0.000ns  (clk_out1_clk_wiz_0 rise@0.000ns - clk_out1_clk_wiz_0 rise@0.000ns)
  Data Path Delay:        0.385ns  (logic 0.252ns (65.529%)  route 0.133ns (34.471%))
  Logic Levels:           1  (CARRY4=1)
  Clock Path Skew:        0.000ns (DCD - SCD - CPR)
    Destination Clock Delay (DCD):    -0.746ns
    Source Clock Delay      (SCD):    -0.511ns
    Clock Pessimism Removal (CPR):    -0.235ns

    Location             Delay type                Incr(ns)  Path(ns)    Netlist Resource(s)
  -------------------------------------------------------------------    -------------------
                         (clock clk_out1_clk_wiz_0 rise edge)
                                                      0.000     0.000 r  
    W5                                                0.000     0.000 r  clk100 (IN)
                         net (fo=0)                   0.000     0.000    clk_div/inst/clk_in1
    W5                   IBUF (Prop_ibuf_I_O)         0.226     0.226 r  clk_div/inst/clkin1_ibufg/O
                         net (fo=1, routed)           0.440     0.667    clk_div/inst/clk_in1_clk_wiz_0
    MMCME2_ADV_X1Y0      MMCME2_ADV (Prop_mmcme2_adv_CLKIN1_CLKOUT0)
                                                     -2.360    -1.693 r  clk_div/inst/mmcm_adv_inst/CLKOUT0
                         net (fo=1, routed)           0.486    -1.207    clk_div/inst/clk_out1_clk_wiz_0
    BUFGCTRL_X0Y2        BUFG (Prop_bufg_I_O)         0.026    -1.181 r  clk_div/inst/clkout1_buf/O
                         net (fo=25, routed)          0.670    -0.511    btn_debounce/clk_out1
    SLICE_X0Y133         FDRE                                         r  btn_debounce/c_reg[6]/C
  -------------------------------------------------------------------    -------------------
    SLICE_X0Y133         FDRE (Prop_fdre_C_Q)         0.141    -0.370 r  btn_debounce/c_reg[6]/Q
                         net (fo=2, routed)           0.133    -0.237    btn_debounce/c_reg[6]
    SLICE_X0Y133         CARRY4 (Prop_carry4_S[2]_O[2])
                                                      0.111    -0.126 r  btn_debounce/c_reg[4]_i_1/O[2]
                         net (fo=1, routed)           0.000    -0.126    btn_debounce/c_reg[4]_i_1_n_5
    SLICE_X0Y133         FDRE                                         r  btn_debounce/c_reg[6]/D
  -------------------------------------------------------------------    -------------------

                         (clock clk_out1_clk_wiz_0 rise edge)
                                                      0.000     0.000 r  
    W5                                                0.000     0.000 r  clk100 (IN)
                         net (fo=0)                   0.000     0.000    clk_div/inst/clk_in1
    W5                   IBUF (Prop_ibuf_I_O)         0.414     0.414 r  clk_div/inst/clkin1_ibufg/O
                         net (fo=1, routed)           0.480     0.894    clk_div/inst/clk_in1_clk_wiz_0
    MMCME2_ADV_X1Y0      MMCME2_ADV (Prop_mmcme2_adv_CLKIN1_CLKOUT0)
                                                     -3.142    -2.248 r  clk_div/inst/mmcm_adv_inst/CLKOUT0
                         net (fo=1, routed)           0.530    -1.718    clk_div/inst/clk_out1_clk_wiz_0
    BUFGCTRL_X0Y2        BUFG (Prop_bufg_I_O)         0.029    -1.689 r  clk_div/inst/clkout1_buf/O
                         net (fo=25, routed)          0.943    -0.746    btn_debounce/clk_out1
    SLICE_X0Y133         FDRE                                         r  btn_debounce/c_reg[6]/C
                         clock pessimism              0.235    -0.511    
    SLICE_X0Y133         FDRE (Hold_fdre_C_D)         0.105    -0.406    btn_debounce/c_reg[6]
  -------------------------------------------------------------------
                         required time                          0.406    
                         arrival time                          -0.126    
  -------------------------------------------------------------------
                         slack                                  0.280    

Slack (MET) :             0.280ns  (arrival time - required time)
  Source:                 btn_debounce/c_reg[14]/C
                            (rising edge-triggered cell FDRE clocked by clk_out1_clk_wiz_0  {rise@0.000ns fall@10.000ns period=20.000ns})
  Destination:            btn_debounce/c_reg[14]/D
                            (rising edge-triggered cell FDRE clocked by clk_out1_clk_wiz_0  {rise@0.000ns fall@10.000ns period=20.000ns})
  Path Group:             clk_out1_clk_wiz_0
  Path Type:              Hold (Min at Fast Process Corner)
  Requirement:            0.000ns  (clk_out1_clk_wiz_0 rise@0.000ns - clk_out1_clk_wiz_0 rise@0.000ns)
  Data Path Delay:        0.385ns  (logic 0.252ns (65.465%)  route 0.133ns (34.535%))
  Logic Levels:           1  (CARRY4=1)
  Clock Path Skew:        0.000ns (DCD - SCD - CPR)
    Destination Clock Delay (DCD):    -0.744ns
    Source Clock Delay      (SCD):    -0.510ns
    Clock Pessimism Removal (CPR):    -0.234ns

    Location             Delay type                Incr(ns)  Path(ns)    Netlist Resource(s)
  -------------------------------------------------------------------    -------------------
                         (clock clk_out1_clk_wiz_0 rise edge)
                                                      0.000     0.000 r  
    W5                                                0.000     0.000 r  clk100 (IN)
                         net (fo=0)                   0.000     0.000    clk_div/inst/clk_in1
    W5                   IBUF (Prop_ibuf_I_O)         0.226     0.226 r  clk_div/inst/clkin1_ibufg/O
                         net (fo=1, routed)           0.440     0.667    clk_div/inst/clk_in1_clk_wiz_0
    MMCME2_ADV_X1Y0      MMCME2_ADV (Prop_mmcme2_adv_CLKIN1_CLKOUT0)
                                                     -2.360    -1.693 r  clk_div/inst/mmcm_adv_inst/CLKOUT0
                         net (fo=1, routed)           0.486    -1.207    clk_div/inst/clk_out1_clk_wiz_0
    BUFGCTRL_X0Y2        BUFG (Prop_bufg_I_O)         0.026    -1.181 r  clk_div/inst/clkout1_buf/O
                         net (fo=25, routed)          0.671    -0.510    btn_debounce/clk_out1
    SLICE_X0Y135         FDRE                                         r  btn_debounce/c_reg[14]/C
  -------------------------------------------------------------------    -------------------
    SLICE_X0Y135         FDRE (Prop_fdre_C_Q)         0.141    -0.369 r  btn_debounce/c_reg[14]/Q
                         net (fo=2, routed)           0.133    -0.236    btn_debounce/c_reg[14]
    SLICE_X0Y135         CARRY4 (Prop_carry4_S[2]_O[2])
                                                      0.111    -0.125 r  btn_debounce/c_reg[12]_i_1/O[2]
                         net (fo=1, routed)           0.000    -0.125    btn_debounce/c_reg[12]_i_1_n_5
    SLICE_X0Y135         FDRE                                         r  btn_debounce/c_reg[14]/D
  -------------------------------------------------------------------    -------------------

                         (clock clk_out1_clk_wiz_0 rise edge)
                                                      0.000     0.000 r  
    W5                                                0.000     0.000 r  clk100 (IN)
                         net (fo=0)                   0.000     0.000    clk_div/inst/clk_in1
    W5                   IBUF (Prop_ibuf_I_O)         0.414     0.414 r  clk_div/inst/clkin1_ibufg/O
                         net (fo=1, routed)           0.480     0.894    clk_div/inst/clk_in1_clk_wiz_0
    MMCME2_ADV_X1Y0      MMCME2_ADV (Prop_mmcme2_adv_CLKIN1_CLKOUT0)
                                                     -3.142    -2.248 r  clk_div/inst/mmcm_adv_inst/CLKOUT0
                         net (fo=1, routed)           0.530    -1.718    clk_div/inst/clk_out1_clk_wiz_0
    BUFGCTRL_X0Y2        BUFG (Prop_bufg_I_O)         0.029    -1.689 r  clk_div/inst/clkout1_buf/O
                         net (fo=25, routed)          0.945    -0.744    btn_debounce/clk_out1
    SLICE_X0Y135         FDRE                                         r  btn_debounce/c_reg[14]/C
                         clock pessimism              0.234    -0.510    
    SLICE_X0Y135         FDRE (Hold_fdre_C_D)         0.105    -0.405    btn_debounce/c_reg[14]
  -------------------------------------------------------------------
                         required time                          0.405    
                         arrival time                          -0.125    
  -------------------------------------------------------------------
                         slack                                  0.280    

Slack (MET) :             0.281ns  (arrival time - required time)
  Source:                 btn_debounce/c_reg[18]/C
                            (rising edge-triggered cell FDRE clocked by clk_out1_clk_wiz_0  {rise@0.000ns fall@10.000ns period=20.000ns})
  Destination:            btn_debounce/c_reg[18]/D
                            (rising edge-triggered cell FDRE clocked by clk_out1_clk_wiz_0  {rise@0.000ns fall@10.000ns period=20.000ns})
  Path Group:             clk_out1_clk_wiz_0
  Path Type:              Hold (Min at Fast Process Corner)
  Requirement:            0.000ns  (clk_out1_clk_wiz_0 rise@0.000ns - clk_out1_clk_wiz_0 rise@0.000ns)
  Data Path Delay:        0.386ns  (logic 0.252ns (65.354%)  route 0.134ns (34.646%))
  Logic Levels:           1  (CARRY4=1)
  Clock Path Skew:        0.000ns (DCD - SCD - CPR)
    Destination Clock Delay (DCD):    -0.744ns
    Source Clock Delay      (SCD):    -0.510ns
    Clock Pessimism Removal (CPR):    -0.234ns

    Location             Delay type                Incr(ns)  Path(ns)    Netlist Resource(s)
  -------------------------------------------------------------------    -------------------
                         (clock clk_out1_clk_wiz_0 rise edge)
                                                      0.000     0.000 r  
    W5                                                0.000     0.000 r  clk100 (IN)
                         net (fo=0)                   0.000     0.000    clk_div/inst/clk_in1
    W5                   IBUF (Prop_ibuf_I_O)         0.226     0.226 r  clk_div/inst/clkin1_ibufg/O
                         net (fo=1, routed)           0.440     0.667    clk_div/inst/clk_in1_clk_wiz_0
    MMCME2_ADV_X1Y0      MMCME2_ADV (Prop_mmcme2_adv_CLKIN1_CLKOUT0)
                                                     -2.360    -1.693 r  clk_div/inst/mmcm_adv_inst/CLKOUT0
                         net (fo=1, routed)           0.486    -1.207    clk_div/inst/clk_out1_clk_wiz_0
    BUFGCTRL_X0Y2        BUFG (Prop_bufg_I_O)         0.026    -1.181 r  clk_div/inst/clkout1_buf/O
                         net (fo=25, routed)          0.671    -0.510    btn_debounce/clk_out1
    SLICE_X0Y136         FDRE                                         r  btn_debounce/c_reg[18]/C
  -------------------------------------------------------------------    -------------------
    SLICE_X0Y136         FDRE (Prop_fdre_C_Q)         0.141    -0.369 r  btn_debounce/c_reg[18]/Q
                         net (fo=2, routed)           0.134    -0.235    btn_debounce/c_reg[18]
    SLICE_X0Y136         CARRY4 (Prop_carry4_S[2]_O[2])
                                                      0.111    -0.124 r  btn_debounce/c_reg[16]_i_1/O[2]
                         net (fo=1, routed)           0.000    -0.124    btn_debounce/c_reg[16]_i_1_n_5
    SLICE_X0Y136         FDRE                                         r  btn_debounce/c_reg[18]/D
  -------------------------------------------------------------------    -------------------

                         (clock clk_out1_clk_wiz_0 rise edge)
                                                      0.000     0.000 r  
    W5                                                0.000     0.000 r  clk100 (IN)
                         net (fo=0)                   0.000     0.000    clk_div/inst/clk_in1
    W5                   IBUF (Prop_ibuf_I_O)         0.414     0.414 r  clk_div/inst/clkin1_ibufg/O
                         net (fo=1, routed)           0.480     0.894    clk_div/inst/clk_in1_clk_wiz_0
    MMCME2_ADV_X1Y0      MMCME2_ADV (Prop_mmcme2_adv_CLKIN1_CLKOUT0)
                                                     -3.142    -2.248 r  clk_div/inst/mmcm_adv_inst/CLKOUT0
                         net (fo=1, routed)           0.530    -1.718    clk_div/inst/clk_out1_clk_wiz_0
    BUFGCTRL_X0Y2        BUFG (Prop_bufg_I_O)         0.029    -1.689 r  clk_div/inst/clkout1_buf/O
                         net (fo=25, routed)          0.945    -0.744    btn_debounce/clk_out1
    SLICE_X0Y136         FDRE                                         r  btn_debounce/c_reg[18]/C
                         clock pessimism              0.234    -0.510    
    SLICE_X0Y136         FDRE (Hold_fdre_C_D)         0.105    -0.405    btn_debounce/c_reg[18]
  -------------------------------------------------------------------
                         required time                          0.405    
                         arrival time                          -0.124    
  -------------------------------------------------------------------
                         slack                                  0.281    

Slack (MET) :             0.281ns  (arrival time - required time)
  Source:                 btn_debounce/c_reg[2]/C
                            (rising edge-triggered cell FDRE clocked by clk_out1_clk_wiz_0  {rise@0.000ns fall@10.000ns period=20.000ns})
  Destination:            btn_debounce/c_reg[2]/D
                            (rising edge-triggered cell FDRE clocked by clk_out1_clk_wiz_0  {rise@0.000ns fall@10.000ns period=20.000ns})
  Path Group:             clk_out1_clk_wiz_0
  Path Type:              Hold (Min at Fast Process Corner)
  Requirement:            0.000ns  (clk_out1_clk_wiz_0 rise@0.000ns - clk_out1_clk_wiz_0 rise@0.000ns)
  Data Path Delay:        0.386ns  (logic 0.252ns (65.354%)  route 0.134ns (34.646%))
  Logic Levels:           1  (CARRY4=1)
  Clock Path Skew:        0.000ns (DCD - SCD - CPR)
    Destination Clock Delay (DCD):    -0.747ns
    Source Clock Delay      (SCD):    -0.512ns
    Clock Pessimism Removal (CPR):    -0.235ns

    Location             Delay type                Incr(ns)  Path(ns)    Netlist Resource(s)
  -------------------------------------------------------------------    -------------------
                         (clock clk_out1_clk_wiz_0 rise edge)
                                                      0.000     0.000 r  
    W5                                                0.000     0.000 r  clk100 (IN)
                         net (fo=0)                   0.000     0.000    clk_div/inst/clk_in1
    W5                   IBUF (Prop_ibuf_I_O)         0.226     0.226 r  clk_div/inst/clkin1_ibufg/O
                         net (fo=1, routed)           0.440     0.667    clk_div/inst/clk_in1_clk_wiz_0
    MMCME2_ADV_X1Y0      MMCME2_ADV (Prop_mmcme2_adv_CLKIN1_CLKOUT0)
                                                     -2.360    -1.693 r  clk_div/inst/mmcm_adv_inst/CLKOUT0
                         net (fo=1, routed)           0.486    -1.207    clk_div/inst/clk_out1_clk_wiz_0
    BUFGCTRL_X0Y2        BUFG (Prop_bufg_I_O)         0.026    -1.181 r  clk_div/inst/clkout1_buf/O
                         net (fo=25, routed)          0.669    -0.512    btn_debounce/clk_out1
    SLICE_X0Y132         FDRE                                         r  btn_debounce/c_reg[2]/C
  -------------------------------------------------------------------    -------------------
    SLICE_X0Y132         FDRE (Prop_fdre_C_Q)         0.141    -0.371 r  btn_debounce/c_reg[2]/Q
                         net (fo=2, routed)           0.134    -0.237    btn_debounce/c_reg[2]
    SLICE_X0Y132         CARRY4 (Prop_carry4_S[2]_O[2])
                                                      0.111    -0.126 r  btn_debounce/c_reg[0]_i_2/O[2]
                         net (fo=1, routed)           0.000    -0.126    btn_debounce/c_reg[0]_i_2_n_5
    SLICE_X0Y132         FDRE                                         r  btn_debounce/c_reg[2]/D
  -------------------------------------------------------------------    -------------------

                         (clock clk_out1_clk_wiz_0 rise edge)
                                                      0.000     0.000 r  
    W5                                                0.000     0.000 r  clk100 (IN)
                         net (fo=0)                   0.000     0.000    clk_div/inst/clk_in1
    W5                   IBUF (Prop_ibuf_I_O)         0.414     0.414 r  clk_div/inst/clkin1_ibufg/O
                         net (fo=1, routed)           0.480     0.894    clk_div/inst/clk_in1_clk_wiz_0
    MMCME2_ADV_X1Y0      MMCME2_ADV (Prop_mmcme2_adv_CLKIN1_CLKOUT0)
                                                     -3.142    -2.248 r  clk_div/inst/mmcm_adv_inst/CLKOUT0
                         net (fo=1, routed)           0.530    -1.718    clk_div/inst/clk_out1_clk_wiz_0
    BUFGCTRL_X0Y2        BUFG (Prop_bufg_I_O)         0.029    -1.689 r  clk_div/inst/clkout1_buf/O
                         net (fo=25, routed)          0.942    -0.747    btn_debounce/clk_out1
    SLICE_X0Y132         FDRE                                         r  btn_debounce/c_reg[2]/C
                         clock pessimism              0.235    -0.512    
    SLICE_X0Y132         FDRE (Hold_fdre_C_D)         0.105    -0.407    btn_debounce/c_reg[2]
  -------------------------------------------------------------------
                         required time                          0.407    
                         arrival time                          -0.126    
  -------------------------------------------------------------------
                         slack                                  0.281    

Slack (MET) :             0.310ns  (arrival time - required time)
  Source:                 btn_debounce/c_reg[0]/C
                            (rising edge-triggered cell FDRE clocked by clk_out1_clk_wiz_0  {rise@0.000ns fall@10.000ns period=20.000ns})
  Destination:            btn_debounce/o_reg/D
                            (rising edge-triggered cell FDRE clocked by clk_out1_clk_wiz_0  {rise@0.000ns fall@10.000ns period=20.000ns})
  Path Group:             clk_out1_clk_wiz_0
  Path Type:              Hold (Min at Fast Process Corner)
  Requirement:            0.000ns  (clk_out1_clk_wiz_0 rise@0.000ns - clk_out1_clk_wiz_0 rise@0.000ns)
  Data Path Delay:        0.417ns  (logic 0.186ns (44.594%)  route 0.231ns (55.406%))
  Logic Levels:           1  (LUT5=1)
  Clock Path Skew:        0.016ns (DCD - SCD - CPR)
    Destination Clock Delay (DCD):    -0.745ns
    Source Clock Delay      (SCD):    -0.512ns
    Clock Pessimism Removal (CPR):    -0.249ns

    Location             Delay type                Incr(ns)  Path(ns)    Netlist Resource(s)
  -------------------------------------------------------------------    -------------------
                         (clock clk_out1_clk_wiz_0 rise edge)
                                                      0.000     0.000 r  
    W5                                                0.000     0.000 r  clk100 (IN)
                         net (fo=0)                   0.000     0.000    clk_div/inst/clk_in1
    W5                   IBUF (Prop_ibuf_I_O)         0.226     0.226 r  clk_div/inst/clkin1_ibufg/O
                         net (fo=1, routed)           0.440     0.667    clk_div/inst/clk_in1_clk_wiz_0
    MMCME2_ADV_X1Y0      MMCME2_ADV (Prop_mmcme2_adv_CLKIN1_CLKOUT0)
                                                     -2.360    -1.693 r  clk_div/inst/mmcm_adv_inst/CLKOUT0
                         net (fo=1, routed)           0.486    -1.207    clk_div/inst/clk_out1_clk_wiz_0
    BUFGCTRL_X0Y2        BUFG (Prop_bufg_I_O)         0.026    -1.181 r  clk_div/inst/clkout1_buf/O
                         net (fo=25, routed)          0.669    -0.512    btn_debounce/clk_out1
    SLICE_X0Y132         FDRE                                         r  btn_debounce/c_reg[0]/C
  -------------------------------------------------------------------    -------------------
    SLICE_X0Y132         FDRE (Prop_fdre_C_Q)         0.141    -0.371 r  btn_debounce/c_reg[0]/Q
                         net (fo=2, routed)           0.231    -0.140    btn_debounce/c_reg[0]
    SLICE_X1Y134         LUT5 (Prop_lut5_I3_O)        0.045    -0.095 r  btn_debounce/o_i_1/O
                         net (fo=1, routed)           0.000    -0.095    btn_debounce/o_i_1_n_0
    SLICE_X1Y134         FDRE                                         r  btn_debounce/o_reg/D
  -------------------------------------------------------------------    -------------------

                         (clock clk_out1_clk_wiz_0 rise edge)
                                                      0.000     0.000 r  
    W5                                                0.000     0.000 r  clk100 (IN)
                         net (fo=0)                   0.000     0.000    clk_div/inst/clk_in1
    W5                   IBUF (Prop_ibuf_I_O)         0.414     0.414 r  clk_div/inst/clkin1_ibufg/O
                         net (fo=1, routed)           0.480     0.894    clk_div/inst/clk_in1_clk_wiz_0
    MMCME2_ADV_X1Y0      MMCME2_ADV (Prop_mmcme2_adv_CLKIN1_CLKOUT0)
                                                     -3.142    -2.248 r  clk_div/inst/mmcm_adv_inst/CLKOUT0
                         net (fo=1, routed)           0.530    -1.718    clk_div/inst/clk_out1_clk_wiz_0
    BUFGCTRL_X0Y2        BUFG (Prop_bufg_I_O)         0.029    -1.689 r  clk_div/inst/clkout1_buf/O
                         net (fo=25, routed)          0.944    -0.745    btn_debounce/clk_out1
    SLICE_X1Y134         FDRE                                         r  btn_debounce/o_reg/C
                         clock pessimism              0.249    -0.496    
    SLICE_X1Y134         FDRE (Hold_fdre_C_D)         0.091    -0.405    btn_debounce/o_reg
  -------------------------------------------------------------------
                         required time                          0.405    
                         arrival time                          -0.095    
  -------------------------------------------------------------------
                         slack                                  0.310    

Slack (MET) :             0.313ns  (arrival time - required time)
  Source:                 btn_debounce/c_reg[10]/C
                            (rising edge-triggered cell FDRE clocked by clk_out1_clk_wiz_0  {rise@0.000ns fall@10.000ns period=20.000ns})
  Destination:            btn_debounce/c_reg[11]/D
                            (rising edge-triggered cell FDRE clocked by clk_out1_clk_wiz_0  {rise@0.000ns fall@10.000ns period=20.000ns})
  Path Group:             clk_out1_clk_wiz_0
  Path Type:              Hold (Min at Fast Process Corner)
  Requirement:            0.000ns  (clk_out1_clk_wiz_0 rise@0.000ns - clk_out1_clk_wiz_0 rise@0.000ns)
  Data Path Delay:        0.418ns  (logic 0.285ns (68.253%)  route 0.133ns (31.747%))
  Logic Levels:           1  (CARRY4=1)
  Clock Path Skew:        0.000ns (DCD - SCD - CPR)
    Destination Clock Delay (DCD):    -0.745ns
    Source Clock Delay      (SCD):    -0.510ns
    Clock Pessimism Removal (CPR):    -0.235ns

    Location             Delay type                Incr(ns)  Path(ns)    Netlist Resource(s)
  -------------------------------------------------------------------    -------------------
                         (clock clk_out1_clk_wiz_0 rise edge)
                                                      0.000     0.000 r  
    W5                                                0.000     0.000 r  clk100 (IN)
                         net (fo=0)                   0.000     0.000    clk_div/inst/clk_in1
    W5                   IBUF (Prop_ibuf_I_O)         0.226     0.226 r  clk_div/inst/clkin1_ibufg/O
                         net (fo=1, routed)           0.440     0.667    clk_div/inst/clk_in1_clk_wiz_0
    MMCME2_ADV_X1Y0      MMCME2_ADV (Prop_mmcme2_adv_CLKIN1_CLKOUT0)
                                                     -2.360    -1.693 r  clk_div/inst/mmcm_adv_inst/CLKOUT0
                         net (fo=1, routed)           0.486    -1.207    clk_div/inst/clk_out1_clk_wiz_0
    BUFGCTRL_X0Y2        BUFG (Prop_bufg_I_O)         0.026    -1.181 r  clk_div/inst/clkout1_buf/O
                         net (fo=25, routed)          0.671    -0.510    btn_debounce/clk_out1
    SLICE_X0Y134         FDRE                                         r  btn_debounce/c_reg[10]/C
  -------------------------------------------------------------------    -------------------
    SLICE_X0Y134         FDRE (Prop_fdre_C_Q)         0.141    -0.369 r  btn_debounce/c_reg[10]/Q
                         net (fo=2, routed)           0.133    -0.236    btn_debounce/c_reg[10]
    SLICE_X0Y134         CARRY4 (Prop_carry4_S[2]_O[3])
                                                      0.144    -0.092 r  btn_debounce/c_reg[8]_i_1/O[3]
                         net (fo=1, routed)           0.000    -0.092    btn_debounce/c_reg[8]_i_1_n_4
    SLICE_X0Y134         FDRE                                         r  btn_debounce/c_reg[11]/D
  -------------------------------------------------------------------    -------------------

                         (clock clk_out1_clk_wiz_0 rise edge)
                                                      0.000     0.000 r  
    W5                                                0.000     0.000 r  clk100 (IN)
                         net (fo=0)                   0.000     0.000    clk_div/inst/clk_in1
    W5                   IBUF (Prop_ibuf_I_O)         0.414     0.414 r  clk_div/inst/clkin1_ibufg/O
                         net (fo=1, routed)           0.480     0.894    clk_div/inst/clk_in1_clk_wiz_0
    MMCME2_ADV_X1Y0      MMCME2_ADV (Prop_mmcme2_adv_CLKIN1_CLKOUT0)
                                                     -3.142    -2.248 r  clk_div/inst/mmcm_adv_inst/CLKOUT0
                         net (fo=1, routed)           0.530    -1.718    clk_div/inst/clk_out1_clk_wiz_0
    BUFGCTRL_X0Y2        BUFG (Prop_bufg_I_O)         0.029    -1.689 r  clk_div/inst/clkout1_buf/O
                         net (fo=25, routed)          0.944    -0.745    btn_debounce/clk_out1
    SLICE_X0Y134         FDRE                                         r  btn_debounce/c_reg[11]/C
                         clock pessimism              0.235    -0.510    
    SLICE_X0Y134         FDRE (Hold_fdre_C_D)         0.105    -0.405    btn_debounce/c_reg[11]
  -------------------------------------------------------------------
                         required time                          0.405    
                         arrival time                          -0.092    
  -------------------------------------------------------------------
                         slack                                  0.313    

Slack (MET) :             0.313ns  (arrival time - required time)
  Source:                 btn_debounce/c_reg[22]/C
                            (rising edge-triggered cell FDRE clocked by clk_out1_clk_wiz_0  {rise@0.000ns fall@10.000ns period=20.000ns})
  Destination:            btn_debounce/c_reg[23]/D
                            (rising edge-triggered cell FDRE clocked by clk_out1_clk_wiz_0  {rise@0.000ns fall@10.000ns period=20.000ns})
  Path Group:             clk_out1_clk_wiz_0
  Path Type:              Hold (Min at Fast Process Corner)
  Requirement:            0.000ns  (clk_out1_clk_wiz_0 rise@0.000ns - clk_out1_clk_wiz_0 rise@0.000ns)
  Data Path Delay:        0.418ns  (logic 0.285ns (68.253%)  route 0.133ns (31.747%))
  Logic Levels:           1  (CARRY4=1)
  Clock Path Skew:        0.000ns (DCD - SCD - CPR)
    Destination Clock Delay (DCD):    -0.743ns
    Source Clock Delay      (SCD):    -0.509ns
    Clock Pessimism Removal (CPR):    -0.234ns

    Location             Delay type                Incr(ns)  Path(ns)    Netlist Resource(s)
  -------------------------------------------------------------------    -------------------
                         (clock clk_out1_clk_wiz_0 rise edge)
                                                      0.000     0.000 r  
    W5                                                0.000     0.000 r  clk100 (IN)
                         net (fo=0)                   0.000     0.000    clk_div/inst/clk_in1
    W5                   IBUF (Prop_ibuf_I_O)         0.226     0.226 r  clk_div/inst/clkin1_ibufg/O
                         net (fo=1, routed)           0.440     0.667    clk_div/inst/clk_in1_clk_wiz_0
    MMCME2_ADV_X1Y0      MMCME2_ADV (Prop_mmcme2_adv_CLKIN1_CLKOUT0)
                                                     -2.360    -1.693 r  clk_div/inst/mmcm_adv_inst/CLKOUT0
                         net (fo=1, routed)           0.486    -1.207    clk_div/inst/clk_out1_clk_wiz_0
    BUFGCTRL_X0Y2        BUFG (Prop_bufg_I_O)         0.026    -1.181 r  clk_div/inst/clkout1_buf/O
                         net (fo=25, routed)          0.672    -0.509    btn_debounce/clk_out1
    SLICE_X0Y137         FDRE                                         r  btn_debounce/c_reg[22]/C
  -------------------------------------------------------------------    -------------------
    SLICE_X0Y137         FDRE (Prop_fdre_C_Q)         0.141    -0.368 r  btn_debounce/c_reg[22]/Q
                         net (fo=2, routed)           0.133    -0.235    btn_debounce/c_reg[22]
    SLICE_X0Y137         CARRY4 (Prop_carry4_S[2]_O[3])
                                                      0.144    -0.091 r  btn_debounce/c_reg[20]_i_1/O[3]
                         net (fo=1, routed)           0.000    -0.091    btn_debounce/c_reg[20]_i_1_n_4
    SLICE_X0Y137         FDRE                                         r  btn_debounce/c_reg[23]/D
  -------------------------------------------------------------------    -------------------

                         (clock clk_out1_clk_wiz_0 rise edge)
                                                      0.000     0.000 r  
    W5                                                0.000     0.000 r  clk100 (IN)
                         net (fo=0)                   0.000     0.000    clk_div/inst/clk_in1
    W5                   IBUF (Prop_ibuf_I_O)         0.414     0.414 r  clk_div/inst/clkin1_ibufg/O
                         net (fo=1, routed)           0.480     0.894    clk_div/inst/clk_in1_clk_wiz_0
    MMCME2_ADV_X1Y0      MMCME2_ADV (Prop_mmcme2_adv_CLKIN1_CLKOUT0)
                                                     -3.142    -2.248 r  clk_div/inst/mmcm_adv_inst/CLKOUT0
                         net (fo=1, routed)           0.530    -1.718    clk_div/inst/clk_out1_clk_wiz_0
    BUFGCTRL_X0Y2        BUFG (Prop_bufg_I_O)         0.029    -1.689 r  clk_div/inst/clkout1_buf/O
                         net (fo=25, routed)          0.946    -0.743    btn_debounce/clk_out1
    SLICE_X0Y137         FDRE                                         r  btn_debounce/c_reg[23]/C
                         clock pessimism              0.234    -0.509    
    SLICE_X0Y137         FDRE (Hold_fdre_C_D)         0.105    -0.404    btn_debounce/c_reg[23]
  -------------------------------------------------------------------
                         required time                          0.404    
                         arrival time                          -0.091    
  -------------------------------------------------------------------
                         slack                                  0.313    

Slack (MET) :             0.313ns  (arrival time - required time)
  Source:                 btn_debounce/c_reg[6]/C
                            (rising edge-triggered cell FDRE clocked by clk_out1_clk_wiz_0  {rise@0.000ns fall@10.000ns period=20.000ns})
  Destination:            btn_debounce/c_reg[7]/D
                            (rising edge-triggered cell FDRE clocked by clk_out1_clk_wiz_0  {rise@0.000ns fall@10.000ns period=20.000ns})
  Path Group:             clk_out1_clk_wiz_0
  Path Type:              Hold (Min at Fast Process Corner)
  Requirement:            0.000ns  (clk_out1_clk_wiz_0 rise@0.000ns - clk_out1_clk_wiz_0 rise@0.000ns)
  Data Path Delay:        0.418ns  (logic 0.285ns (68.253%)  route 0.133ns (31.747%))
  Logic Levels:           1  (CARRY4=1)
  Clock Path Skew:        0.000ns (DCD - SCD - CPR)
    Destination Clock Delay (DCD):    -0.746ns
    Source Clock Delay      (SCD):    -0.511ns
    Clock Pessimism Removal (CPR):    -0.235ns

    Location             Delay type                Incr(ns)  Path(ns)    Netlist Resource(s)
  -------------------------------------------------------------------    -------------------
                         (clock clk_out1_clk_wiz_0 rise edge)
                                                      0.000     0.000 r  
    W5                                                0.000     0.000 r  clk100 (IN)
                         net (fo=0)                   0.000     0.000    clk_div/inst/clk_in1
    W5                   IBUF (Prop_ibuf_I_O)         0.226     0.226 r  clk_div/inst/clkin1_ibufg/O
                         net (fo=1, routed)           0.440     0.667    clk_div/inst/clk_in1_clk_wiz_0
    MMCME2_ADV_X1Y0      MMCME2_ADV (Prop_mmcme2_adv_CLKIN1_CLKOUT0)
                                                     -2.360    -1.693 r  clk_div/inst/mmcm_adv_inst/CLKOUT0
                         net (fo=1, routed)           0.486    -1.207    clk_div/inst/clk_out1_clk_wiz_0
    BUFGCTRL_X0Y2        BUFG (Prop_bufg_I_O)         0.026    -1.181 r  clk_div/inst/clkout1_buf/O
                         net (fo=25, routed)          0.670    -0.511    btn_debounce/clk_out1
    SLICE_X0Y133         FDRE                                         r  btn_debounce/c_reg[6]/C
  -------------------------------------------------------------------    -------------------
    SLICE_X0Y133         FDRE (Prop_fdre_C_Q)         0.141    -0.370 r  btn_debounce/c_reg[6]/Q
                         net (fo=2, routed)           0.133    -0.237    btn_debounce/c_reg[6]
    SLICE_X0Y133         CARRY4 (Prop_carry4_S[2]_O[3])
                                                      0.144    -0.093 r  btn_debounce/c_reg[4]_i_1/O[3]
                         net (fo=1, routed)           0.000    -0.093    btn_debounce/c_reg[4]_i_1_n_4
    SLICE_X0Y133         FDRE                                         r  btn_debounce/c_reg[7]/D
  -------------------------------------------------------------------    -------------------

                         (clock clk_out1_clk_wiz_0 rise edge)
                                                      0.000     0.000 r  
    W5                                                0.000     0.000 r  clk100 (IN)
                         net (fo=0)                   0.000     0.000    clk_div/inst/clk_in1
    W5                   IBUF (Prop_ibuf_I_O)         0.414     0.414 r  clk_div/inst/clkin1_ibufg/O
                         net (fo=1, routed)           0.480     0.894    clk_div/inst/clk_in1_clk_wiz_0
    MMCME2_ADV_X1Y0      MMCME2_ADV (Prop_mmcme2_adv_CLKIN1_CLKOUT0)
                                                     -3.142    -2.248 r  clk_div/inst/mmcm_adv_inst/CLKOUT0
                         net (fo=1, routed)           0.530    -1.718    clk_div/inst/clk_out1_clk_wiz_0
    BUFGCTRL_X0Y2        BUFG (Prop_bufg_I_O)         0.029    -1.689 r  clk_div/inst/clkout1_buf/O
                         net (fo=25, routed)          0.943    -0.746    btn_debounce/clk_out1
    SLICE_X0Y133         FDRE                                         r  btn_debounce/c_reg[7]/C
                         clock pessimism              0.235    -0.511    
    SLICE_X0Y133         FDRE (Hold_fdre_C_D)         0.105    -0.406    btn_debounce/c_reg[7]
  -------------------------------------------------------------------
                         required time                          0.406    
                         arrival time                          -0.093    
  -------------------------------------------------------------------
                         slack                                  0.313    





Pulse Width Checks
--------------------------------------------------------------------------------------
Clock Name:         clk_out1_clk_wiz_0
Waveform(ns):       { 0.000 10.000 }
Period(ns):         20.000
Sources:            { clk_div/inst/mmcm_adv_inst/CLKOUT0 }

Check Type        Corner  Lib Pin             Reference Pin  Required(ns)  Actual(ns)  Slack(ns)  Location         Pin
Min Period        n/a     BUFG/I              n/a            2.155         20.000      17.845     BUFGCTRL_X0Y2    clk_div/inst/clkout1_buf/I
Min Period        n/a     MMCME2_ADV/CLKOUT0  n/a            1.249         20.000      18.751     MMCME2_ADV_X1Y0  clk_div/inst/mmcm_adv_inst/CLKOUT0
Min Period        n/a     FDRE/C              n/a            1.000         20.000      19.000     SLICE_X0Y132     btn_debounce/c_reg[0]/C
Min Period        n/a     FDRE/C              n/a            1.000         20.000      19.000     SLICE_X0Y134     btn_debounce/c_reg[10]/C
Min Period        n/a     FDRE/C              n/a            1.000         20.000      19.000     SLICE_X0Y134     btn_debounce/c_reg[11]/C
Min Period        n/a     FDRE/C              n/a            1.000         20.000      19.000     SLICE_X0Y135     btn_debounce/c_reg[12]/C
Min Period        n/a     FDRE/C              n/a            1.000         20.000      19.000     SLICE_X0Y135     btn_debounce/c_reg[13]/C
Min Period        n/a     FDRE/C              n/a            1.000         20.000      19.000     SLICE_X0Y135     btn_debounce/c_reg[14]/C
Min Period        n/a     FDRE/C              n/a            1.000         20.000      19.000     SLICE_X0Y135     btn_debounce/c_reg[15]/C
Min Period        n/a     FDRE/C              n/a            1.000         20.000      19.000     SLICE_X0Y136     btn_debounce/c_reg[16]/C
Max Period        n/a     MMCME2_ADV/CLKOUT0  n/a            213.360       20.000      193.360    MMCME2_ADV_X1Y0  clk_div/inst/mmcm_adv_inst/CLKOUT0
Low Pulse Width   Slow    FDRE/C              n/a            0.500         10.000      9.500      SLICE_X0Y132     btn_debounce/c_reg[0]/C
Low Pulse Width   Fast    FDRE/C              n/a            0.500         10.000      9.500      SLICE_X0Y132     btn_debounce/c_reg[0]/C
Low Pulse Width   Slow    FDRE/C              n/a            0.500         10.000      9.500      SLICE_X0Y134     btn_debounce/c_reg[10]/C
Low Pulse Width   Fast    FDRE/C              n/a            0.500         10.000      9.500      SLICE_X0Y134     btn_debounce/c_reg[10]/C
Low Pulse Width   Slow    FDRE/C              n/a            0.500         10.000      9.500      SLICE_X0Y134     btn_debounce/c_reg[11]/C
Low Pulse Width   Fast    FDRE/C              n/a            0.500         10.000      9.500      SLICE_X0Y134     btn_debounce/c_reg[11]/C
Low Pulse Width   Slow    FDRE/C              n/a            0.500         10.000      9.500      SLICE_X0Y135     btn_debounce/c_reg[12]/C
Low Pulse Width   Fast    FDRE/C              n/a            0.500         10.000      9.500      SLICE_X0Y135     btn_debounce/c_reg[12]/C
Low Pulse Width   Slow    FDRE/C              n/a            0.500         10.000      9.500      SLICE_X0Y135     btn_debounce/c_reg[13]/C
Low Pulse Width   Fast    FDRE/C              n/a            0.500         10.000      9.500      SLICE_X0Y135     btn_debounce/c_reg[13]/C
High Pulse Width  Slow    FDRE/C              n/a            0.500         10.000      9.500      SLICE_X0Y132     btn_debounce/c_reg[0]/C
High Pulse Width  Fast    FDRE/C              n/a            0.500         10.000      9.500      SLICE_X0Y132     btn_debounce/c_reg[0]/C
High Pulse Width  Slow    FDRE/C              n/a            0.500         10.000      9.500      SLICE_X0Y134     btn_debounce/c_reg[10]/C
High Pulse Width  Fast    FDRE/C              n/a            0.500         10.000      9.500      SLICE_X0Y134     btn_debounce/c_reg[10]/C
High Pulse Width  Slow    FDRE/C              n/a            0.500         10.000      9.500      SLICE_X0Y134     btn_debounce/c_reg[11]/C
High Pulse Width  Fast    FDRE/C              n/a            0.500         10.000      9.500      SLICE_X0Y134     btn_debounce/c_reg[11]/C
High Pulse Width  Slow    FDRE/C              n/a            0.500         10.000      9.500      SLICE_X0Y135     btn_debounce/c_reg[12]/C
High Pulse Width  Fast    FDRE/C              n/a            0.500         10.000      9.500      SLICE_X0Y135     btn_debounce/c_reg[12]/C
High Pulse Width  Slow    FDRE/C              n/a            0.500         10.000      9.500      SLICE_X0Y135     btn_debounce/c_reg[13]/C
High Pulse Width  Fast    FDRE/C              n/a            0.500         10.000      9.500      SLICE_X0Y135     btn_debounce/c_reg[13]/C



---------------------------------------------------------------------------------------------------
From Clock:  clk_out2_clk_wiz_0
  To Clock:  clk_out2_clk_wiz_0

Setup :            0  Failing Endpoints,  Worst Slack       19.873ns,  Total Violation        0.000ns
Hold  :            0  Failing Endpoints,  Worst Slack        0.202ns,  Total Violation        0.000ns
PW    :            0  Failing Endpoints,  Worst Slack       19.020ns,  Total Violation        0.000ns
---------------------------------------------------------------------------------------------------


Max Delay Paths
--------------------------------------------------------------------------------------
Slack (MET) :             19.873ns  (required time - arrival time)
  Source:                 u_frame_buffer/U0/inst_blk_mem_gen/gnbram.gnativebmg.native_blk_mem_gen/valid.cstr/ramloop[8].ram.r/prim_noinit.ram/DEVICE_7SERIES.NO_BMM_INFO.SDP.SIMPLE_PRIM36.ram/CLKBWRCLK
                            (rising edge-triggered cell RAMB36E1 clocked by clk_out2_clk_wiz_0  {rise@0.000ns fall@20.000ns period=40.000ns})
  Destination:            vga_display/vga_red_reg[3]/D
                            (rising edge-triggered cell FDRE clocked by clk_out2_clk_wiz_0  {rise@0.000ns fall@20.000ns period=40.000ns})
  Path Group:             clk_out2_clk_wiz_0
  Path Type:              Setup (Max at Slow Process Corner)
  Requirement:            40.000ns  (clk_out2_clk_wiz_0 rise@40.000ns - clk_out2_clk_wiz_0 rise@0.000ns)
  Data Path Delay:        19.893ns  (logic 7.066ns (35.520%)  route 12.827ns (64.480%))
  Logic Levels:           23  (CARRY4=5 LUT2=1 LUT4=4 LUT5=9 LUT6=3 MUXF7=1)
  Clock Path Skew:        -0.158ns (DCD - SCD + CPR)
    Destination Clock Delay (DCD):    -1.550ns = ( 38.450 - 40.000 ) 
    Source Clock Delay      (SCD):    -0.900ns
    Clock Pessimism Removal (CPR):    0.492ns
  Clock Uncertainty:      0.106ns  ((TSJ^2 + DJ^2)^1/2) / 2 + PE
    Total System Jitter     (TSJ):    0.071ns
    Discrete Jitter          (DJ):    0.200ns
    Phase Error              (PE):    0.000ns

    Location             Delay type                Incr(ns)  Path(ns)    Netlist Resource(s)
  -------------------------------------------------------------------    -------------------
                         (clock clk_out2_clk_wiz_0 rise edge)
                                                      0.000     0.000 r  
    W5                                                0.000     0.000 r  clk100 (IN)
                         net (fo=0)                   0.000     0.000    clk_div/inst/clk_in1
    W5                   IBUF (Prop_ibuf_I_O)         1.458     1.458 r  clk_div/inst/clkin1_ibufg/O
                         net (fo=1, routed)           1.233     2.691    clk_div/inst/clk_in1_clk_wiz_0
    MMCME2_ADV_X1Y0      MMCME2_ADV (Prop_mmcme2_adv_CLKIN1_CLKOUT1)
                                                     -6.961    -4.269 r  clk_div/inst/mmcm_adv_inst/CLKOUT1
                         net (fo=1, routed)           1.661    -2.608    clk_div/inst/clk_out2_clk_wiz_0
    BUFGCTRL_X0Y1        BUFG (Prop_bufg_I_O)         0.096    -2.512 r  clk_div/inst/clkout2_buf/O
                         net (fo=140, routed)         1.612    -0.900    u_frame_buffer/U0/inst_blk_mem_gen/gnbram.gnativebmg.native_blk_mem_gen/valid.cstr/ramloop[8].ram.r/prim_noinit.ram/clkb
    RAMB36_X0Y9          RAMB36E1                                     r  u_frame_buffer/U0/inst_blk_mem_gen/gnbram.gnativebmg.native_blk_mem_gen/valid.cstr/ramloop[8].ram.r/prim_noinit.ram/DEVICE_7SERIES.NO_BMM_INFO.SDP.SIMPLE_PRIM36.ram/CLKBWRCLK
  -------------------------------------------------------------------    -------------------
    RAMB36_X0Y9          RAMB36E1 (Prop_ramb36e1_CLKBWRCLK_DOBDO[2])
                                                      0.882    -0.018 r  u_frame_buffer/U0/inst_blk_mem_gen/gnbram.gnativebmg.native_blk_mem_gen/valid.cstr/ramloop[8].ram.r/prim_noinit.ram/DEVICE_7SERIES.NO_BMM_INFO.SDP.SIMPLE_PRIM36.ram/DOBDO[2]
                         net (fo=1, routed)           1.827     1.809    u_frame_buffer/U0/inst_blk_mem_gen/gnbram.gnativebmg.native_blk_mem_gen/valid.cstr/has_mux_b.B/ramloop[8].ram.ram_doutb[2]
    SLICE_X28Y40         LUT6 (Prop_lut6_I0_O)        0.124     1.933 r  u_frame_buffer/U0/inst_blk_mem_gen/gnbram.gnativebmg.native_blk_mem_gen/valid.cstr/has_mux_b.B/doutb[5]_INST_0_i_6/O
                         net (fo=1, routed)           0.000     1.933    u_frame_buffer/U0/inst_blk_mem_gen/gnbram.gnativebmg.native_blk_mem_gen/valid.cstr/has_mux_b.B/doutb[5]_INST_0_i_6_n_0
    SLICE_X28Y40         MUXF7 (Prop_muxf7_I0_O)      0.212     2.145 r  u_frame_buffer/U0/inst_blk_mem_gen/gnbram.gnativebmg.native_blk_mem_gen/valid.cstr/has_mux_b.B/doutb[5]_INST_0_i_3/O
                         net (fo=1, routed)           1.419     3.564    u_frame_buffer/U0/inst_blk_mem_gen/gnbram.gnativebmg.native_blk_mem_gen/valid.cstr/has_mux_b.B/doutb[5]_INST_0_i_3_n_0
    SLICE_X48Y50         LUT5 (Prop_lut5_I4_O)        0.299     3.863 r  u_frame_buffer/U0/inst_blk_mem_gen/gnbram.gnativebmg.native_blk_mem_gen/valid.cstr/has_mux_b.B/doutb[5]_INST_0/O
                         net (fo=12, routed)          1.240     5.103    vga_display/my_filter/doutb[5]
    SLICE_X46Y49         LUT4 (Prop_lut4_I3_O)        0.152     5.255 r  vga_display/my_filter/vga_green[3]_i_10/O
                         net (fo=4, routed)           0.682     5.938    pf/pixel_corrected[0]
    SLICE_X46Y50         LUT5 (Prop_lut5_I0_O)        0.348     6.286 r  pf/vga_red[2]_i_40/O
                         net (fo=1, routed)           0.000     6.286    pf/vga_red[2]_i_40_n_0
    SLICE_X46Y50         CARRY4 (Prop_carry4_S[1]_O[3])
                                                      0.643     6.929 r  pf/vga_red_reg[2]_i_30/O[3]
                         net (fo=1, routed)           0.639     7.567    pf/PCOUT[3]
    SLICE_X47Y50         LUT5 (Prop_lut5_I4_O)        0.307     7.874 r  pf/vga_red[2]_i_26/O
                         net (fo=1, routed)           0.000     7.874    pf/vga_red[2]_i_26_n_0
    SLICE_X47Y50         CARRY4 (Prop_carry4_S[3]_CO[3])
                                                      0.401     8.275 r  pf/vga_red_reg[2]_i_17/CO[3]
                         net (fo=1, routed)           0.000     8.275    pf/vga_red_reg[2]_i_17_n_0
    SLICE_X47Y51         CARRY4 (Prop_carry4_CI_O[0])
                                                      0.222     8.497 r  pf/vga_red_reg[2]_i_11/O[0]
                         net (fo=4, routed)           1.032     9.529    pf/gray8[4]
    SLICE_X42Y49         LUT6 (Prop_lut6_I2_O)        0.299     9.828 r  pf/vga_red[2]_i_9/O
                         net (fo=12, routed)          0.487    10.315    pf/vga_red[2]_i_9_n_0
    SLICE_X41Y50         LUT5 (Prop_lut5_I2_O)        0.124    10.439 r  pf/vga_green[3]_i_3/O
                         net (fo=4, routed)           0.667    11.106    pf/filtered_pixel[5]
    SLICE_X40Y50         LUT4 (Prop_lut4_I3_O)        0.152    11.258 f  pf/vga_green[1]_i_2/O
                         net (fo=8, routed)           0.678    11.936    pf/pixel_corrected__0__0[5]
    SLICE_X40Y48         LUT2 (Prop_lut2_I1_O)        0.326    12.262 r  pf/prev_gray[3]_i_20/O
                         net (fo=5, routed)           0.474    12.736    pf/prev_gray[3]_i_20_n_0
    SLICE_X40Y48         LUT4 (Prop_lut4_I0_O)        0.153    12.889 r  pf/prev_gray[3]_i_10/O
                         net (fo=2, routed)           0.598    13.486    pf/prev_gray[3]_i_10_n_0
    SLICE_X39Y48         LUT5 (Prop_lut5_I4_O)        0.327    13.813 r  pf/prev_gray[3]_i_13/O
                         net (fo=1, routed)           0.000    13.813    pf/prev_gray[3]_i_13_n_0
    SLICE_X39Y48         CARRY4 (Prop_carry4_S[0]_O[0])
                                                      0.247    14.060 r  pf/prev_gray_reg[3]_i_3/O[0]
                         net (fo=1, routed)           0.592    14.652    pf/prev_gray_reg[3]_i_3_n_7
    SLICE_X38Y48         CARRY4 (Prop_carry4_S[0]_O[1])
                                                      0.726    15.378 r  pf/prev_gray_reg[3]_i_1/O[1]
                         net (fo=7, routed)           0.591    15.969    pf/O[1]
    SLICE_X37Y48         LUT4 (Prop_lut4_I0_O)        0.306    16.275 r  pf/vga_red[3]_i_19/O
                         net (fo=1, routed)           0.263    16.538    pf/vga_red[3]_i_19_n_0
    SLICE_X37Y48         LUT5 (Prop_lut5_I0_O)        0.124    16.662 r  pf/vga_red[3]_i_17/O
                         net (fo=3, routed)           0.462    17.124    pf/vga_red[3]_i_17_n_0
    SLICE_X37Y48         LUT5 (Prop_lut5_I2_O)        0.118    17.242 r  pf/vga_red[3]_i_18/O
                         net (fo=1, routed)           0.154    17.397    pf/vga_red[3]_i_18_n_0
    SLICE_X37Y48         LUT6 (Prop_lut6_I3_O)        0.326    17.723 r  pf/vga_red[3]_i_12/O
                         net (fo=1, routed)           0.351    18.073    pf/vga_red[3]_i_12_n_0
    SLICE_X36Y48         LUT5 (Prop_lut5_I1_O)        0.124    18.197 r  pf/vga_red[3]_i_4/O
                         net (fo=12, routed)          0.671    18.869    pf/vga_red[3]_i_4_n_0
    SLICE_X36Y46         LUT5 (Prop_lut5_I2_O)        0.124    18.993 r  pf/vga_red[3]_i_1/O
                         net (fo=1, routed)           0.000    18.993    vga_display/vga_red_reg[3]_1[3]
    SLICE_X36Y46         FDRE                                         r  vga_display/vga_red_reg[3]/D
  -------------------------------------------------------------------    -------------------

                         (clock clk_out2_clk_wiz_0 rise edge)
                                                     40.000    40.000 r  
    W5                                                0.000    40.000 r  clk100 (IN)
                         net (fo=0)                   0.000    40.000    clk_div/inst/clk_in1
    W5                   IBUF (Prop_ibuf_I_O)         1.388    41.388 r  clk_div/inst/clkin1_ibufg/O
                         net (fo=1, routed)           1.162    42.550    clk_div/inst/clk_in1_clk_wiz_0
    MMCME2_ADV_X1Y0      MMCME2_ADV (Prop_mmcme2_adv_CLKIN1_CLKOUT1)
                                                     -7.217    35.332 r  clk_div/inst/mmcm_adv_inst/CLKOUT1
                         net (fo=1, routed)           1.581    36.914    clk_div/inst/clk_out2_clk_wiz_0
    BUFGCTRL_X0Y1        BUFG (Prop_bufg_I_O)         0.091    37.005 r  clk_div/inst/clkout2_buf/O
                         net (fo=140, routed)         1.445    38.450    vga_display/clk_out2
    SLICE_X36Y46         FDRE                                         r  vga_display/vga_red_reg[3]/C
                         clock pessimism              0.492    38.941    
                         clock uncertainty           -0.106    38.835    
    SLICE_X36Y46         FDRE (Setup_fdre_C_D)        0.031    38.866    vga_display/vga_red_reg[3]
  -------------------------------------------------------------------
                         required time                         38.866    
                         arrival time                         -18.993    
  -------------------------------------------------------------------
                         slack                                 19.873    

Slack (MET) :             19.986ns  (required time - arrival time)
  Source:                 u_frame_buffer/U0/inst_blk_mem_gen/gnbram.gnativebmg.native_blk_mem_gen/valid.cstr/ramloop[8].ram.r/prim_noinit.ram/DEVICE_7SERIES.NO_BMM_INFO.SDP.SIMPLE_PRIM36.ram/CLKBWRCLK
                            (rising edge-triggered cell RAMB36E1 clocked by clk_out2_clk_wiz_0  {rise@0.000ns fall@20.000ns period=40.000ns})
  Destination:            vga_display/vga_blue_reg[3]/D
                            (rising edge-triggered cell FDRE clocked by clk_out2_clk_wiz_0  {rise@0.000ns fall@20.000ns period=40.000ns})
  Path Group:             clk_out2_clk_wiz_0
  Path Type:              Setup (Max at Slow Process Corner)
  Requirement:            40.000ns  (clk_out2_clk_wiz_0 rise@40.000ns - clk_out2_clk_wiz_0 rise@0.000ns)
  Data Path Delay:        19.778ns  (logic 7.066ns (35.726%)  route 12.712ns (64.274%))
  Logic Levels:           23  (CARRY4=5 LUT2=1 LUT4=4 LUT5=9 LUT6=3 MUXF7=1)
  Clock Path Skew:        -0.158ns (DCD - SCD + CPR)
    Destination Clock Delay (DCD):    -1.550ns = ( 38.450 - 40.000 ) 
    Source Clock Delay      (SCD):    -0.900ns
    Clock Pessimism Removal (CPR):    0.492ns
  Clock Uncertainty:      0.106ns  ((TSJ^2 + DJ^2)^1/2) / 2 + PE
    Total System Jitter     (TSJ):    0.071ns
    Discrete Jitter          (DJ):    0.200ns
    Phase Error              (PE):    0.000ns

    Location             Delay type                Incr(ns)  Path(ns)    Netlist Resource(s)
  -------------------------------------------------------------------    -------------------
                         (clock clk_out2_clk_wiz_0 rise edge)
                                                      0.000     0.000 r  
    W5                                                0.000     0.000 r  clk100 (IN)
                         net (fo=0)                   0.000     0.000    clk_div/inst/clk_in1
    W5                   IBUF (Prop_ibuf_I_O)         1.458     1.458 r  clk_div/inst/clkin1_ibufg/O
                         net (fo=1, routed)           1.233     2.691    clk_div/inst/clk_in1_clk_wiz_0
    MMCME2_ADV_X1Y0      MMCME2_ADV (Prop_mmcme2_adv_CLKIN1_CLKOUT1)
                                                     -6.961    -4.269 r  clk_div/inst/mmcm_adv_inst/CLKOUT1
                         net (fo=1, routed)           1.661    -2.608    clk_div/inst/clk_out2_clk_wiz_0
    BUFGCTRL_X0Y1        BUFG (Prop_bufg_I_O)         0.096    -2.512 r  clk_div/inst/clkout2_buf/O
                         net (fo=140, routed)         1.612    -0.900    u_frame_buffer/U0/inst_blk_mem_gen/gnbram.gnativebmg.native_blk_mem_gen/valid.cstr/ramloop[8].ram.r/prim_noinit.ram/clkb
    RAMB36_X0Y9          RAMB36E1                                     r  u_frame_buffer/U0/inst_blk_mem_gen/gnbram.gnativebmg.native_blk_mem_gen/valid.cstr/ramloop[8].ram.r/prim_noinit.ram/DEVICE_7SERIES.NO_BMM_INFO.SDP.SIMPLE_PRIM36.ram/CLKBWRCLK
  -------------------------------------------------------------------    -------------------
    RAMB36_X0Y9          RAMB36E1 (Prop_ramb36e1_CLKBWRCLK_DOBDO[2])
                                                      0.882    -0.018 r  u_frame_buffer/U0/inst_blk_mem_gen/gnbram.gnativebmg.native_blk_mem_gen/valid.cstr/ramloop[8].ram.r/prim_noinit.ram/DEVICE_7SERIES.NO_BMM_INFO.SDP.SIMPLE_PRIM36.ram/DOBDO[2]
                         net (fo=1, routed)           1.827     1.809    u_frame_buffer/U0/inst_blk_mem_gen/gnbram.gnativebmg.native_blk_mem_gen/valid.cstr/has_mux_b.B/ramloop[8].ram.ram_doutb[2]
    SLICE_X28Y40         LUT6 (Prop_lut6_I0_O)        0.124     1.933 r  u_frame_buffer/U0/inst_blk_mem_gen/gnbram.gnativebmg.native_blk_mem_gen/valid.cstr/has_mux_b.B/doutb[5]_INST_0_i_6/O
                         net (fo=1, routed)           0.000     1.933    u_frame_buffer/U0/inst_blk_mem_gen/gnbram.gnativebmg.native_blk_mem_gen/valid.cstr/has_mux_b.B/doutb[5]_INST_0_i_6_n_0
    SLICE_X28Y40         MUXF7 (Prop_muxf7_I0_O)      0.212     2.145 r  u_frame_buffer/U0/inst_blk_mem_gen/gnbram.gnativebmg.native_blk_mem_gen/valid.cstr/has_mux_b.B/doutb[5]_INST_0_i_3/O
                         net (fo=1, routed)           1.419     3.564    u_frame_buffer/U0/inst_blk_mem_gen/gnbram.gnativebmg.native_blk_mem_gen/valid.cstr/has_mux_b.B/doutb[5]_INST_0_i_3_n_0
    SLICE_X48Y50         LUT5 (Prop_lut5_I4_O)        0.299     3.863 r  u_frame_buffer/U0/inst_blk_mem_gen/gnbram.gnativebmg.native_blk_mem_gen/valid.cstr/has_mux_b.B/doutb[5]_INST_0/O
                         net (fo=12, routed)          1.240     5.103    vga_display/my_filter/doutb[5]
    SLICE_X46Y49         LUT4 (Prop_lut4_I3_O)        0.152     5.255 r  vga_display/my_filter/vga_green[3]_i_10/O
                         net (fo=4, routed)           0.682     5.938    pf/pixel_corrected[0]
    SLICE_X46Y50         LUT5 (Prop_lut5_I0_O)        0.348     6.286 r  pf/vga_red[2]_i_40/O
                         net (fo=1, routed)           0.000     6.286    pf/vga_red[2]_i_40_n_0
    SLICE_X46Y50         CARRY4 (Prop_carry4_S[1]_O[3])
                                                      0.643     6.929 r  pf/vga_red_reg[2]_i_30/O[3]
                         net (fo=1, routed)           0.639     7.567    pf/PCOUT[3]
    SLICE_X47Y50         LUT5 (Prop_lut5_I4_O)        0.307     7.874 r  pf/vga_red[2]_i_26/O
                         net (fo=1, routed)           0.000     7.874    pf/vga_red[2]_i_26_n_0
    SLICE_X47Y50         CARRY4 (Prop_carry4_S[3]_CO[3])
                                                      0.401     8.275 r  pf/vga_red_reg[2]_i_17/CO[3]
                         net (fo=1, routed)           0.000     8.275    pf/vga_red_reg[2]_i_17_n_0
    SLICE_X47Y51         CARRY4 (Prop_carry4_CI_O[0])
                                                      0.222     8.497 r  pf/vga_red_reg[2]_i_11/O[0]
                         net (fo=4, routed)           1.032     9.529    pf/gray8[4]
    SLICE_X42Y49         LUT6 (Prop_lut6_I2_O)        0.299     9.828 r  pf/vga_red[2]_i_9/O
                         net (fo=12, routed)          0.487    10.315    pf/vga_red[2]_i_9_n_0
    SLICE_X41Y50         LUT5 (Prop_lut5_I2_O)        0.124    10.439 r  pf/vga_green[3]_i_3/O
                         net (fo=4, routed)           0.667    11.106    pf/filtered_pixel[5]
    SLICE_X40Y50         LUT4 (Prop_lut4_I3_O)        0.152    11.258 f  pf/vga_green[1]_i_2/O
                         net (fo=8, routed)           0.678    11.936    pf/pixel_corrected__0__0[5]
    SLICE_X40Y48         LUT2 (Prop_lut2_I1_O)        0.326    12.262 r  pf/prev_gray[3]_i_20/O
                         net (fo=5, routed)           0.474    12.736    pf/prev_gray[3]_i_20_n_0
    SLICE_X40Y48         LUT4 (Prop_lut4_I0_O)        0.153    12.889 r  pf/prev_gray[3]_i_10/O
                         net (fo=2, routed)           0.598    13.486    pf/prev_gray[3]_i_10_n_0
    SLICE_X39Y48         LUT5 (Prop_lut5_I4_O)        0.327    13.813 r  pf/prev_gray[3]_i_13/O
                         net (fo=1, routed)           0.000    13.813    pf/prev_gray[3]_i_13_n_0
    SLICE_X39Y48         CARRY4 (Prop_carry4_S[0]_O[0])
                                                      0.247    14.060 r  pf/prev_gray_reg[3]_i_3/O[0]
                         net (fo=1, routed)           0.592    14.652    pf/prev_gray_reg[3]_i_3_n_7
    SLICE_X38Y48         CARRY4 (Prop_carry4_S[0]_O[1])
                                                      0.726    15.378 r  pf/prev_gray_reg[3]_i_1/O[1]
                         net (fo=7, routed)           0.591    15.969    pf/O[1]
    SLICE_X37Y48         LUT4 (Prop_lut4_I0_O)        0.306    16.275 r  pf/vga_red[3]_i_19/O
                         net (fo=1, routed)           0.263    16.538    pf/vga_red[3]_i_19_n_0
    SLICE_X37Y48         LUT5 (Prop_lut5_I0_O)        0.124    16.662 r  pf/vga_red[3]_i_17/O
                         net (fo=3, routed)           0.462    17.124    pf/vga_red[3]_i_17_n_0
    SLICE_X37Y48         LUT5 (Prop_lut5_I2_O)        0.118    17.242 r  pf/vga_red[3]_i_18/O
                         net (fo=1, routed)           0.154    17.397    pf/vga_red[3]_i_18_n_0
    SLICE_X37Y48         LUT6 (Prop_lut6_I3_O)        0.326    17.723 r  pf/vga_red[3]_i_12/O
                         net (fo=1, routed)           0.351    18.073    pf/vga_red[3]_i_12_n_0
    SLICE_X36Y48         LUT5 (Prop_lut5_I1_O)        0.124    18.197 r  pf/vga_red[3]_i_4/O
                         net (fo=12, routed)          0.557    18.754    pf/vga_red[3]_i_4_n_0
    SLICE_X36Y46         LUT5 (Prop_lut5_I2_O)        0.124    18.878 r  pf/vga_blue[3]_i_1/O
                         net (fo=1, routed)           0.000    18.878    vga_display/vga_blue_reg[3]_1[3]
    SLICE_X36Y46         FDRE                                         r  vga_display/vga_blue_reg[3]/D
  -------------------------------------------------------------------    -------------------

                         (clock clk_out2_clk_wiz_0 rise edge)
                                                     40.000    40.000 r  
    W5                                                0.000    40.000 r  clk100 (IN)
                         net (fo=0)                   0.000    40.000    clk_div/inst/clk_in1
    W5                   IBUF (Prop_ibuf_I_O)         1.388    41.388 r  clk_div/inst/clkin1_ibufg/O
                         net (fo=1, routed)           1.162    42.550    clk_div/inst/clk_in1_clk_wiz_0
    MMCME2_ADV_X1Y0      MMCME2_ADV (Prop_mmcme2_adv_CLKIN1_CLKOUT1)
                                                     -7.217    35.332 r  clk_div/inst/mmcm_adv_inst/CLKOUT1
                         net (fo=1, routed)           1.581    36.914    clk_div/inst/clk_out2_clk_wiz_0
    BUFGCTRL_X0Y1        BUFG (Prop_bufg_I_O)         0.091    37.005 r  clk_div/inst/clkout2_buf/O
                         net (fo=140, routed)         1.445    38.450    vga_display/clk_out2
    SLICE_X36Y46         FDRE                                         r  vga_display/vga_blue_reg[3]/C
                         clock pessimism              0.492    38.941    
                         clock uncertainty           -0.106    38.835    
    SLICE_X36Y46         FDRE (Setup_fdre_C_D)        0.029    38.864    vga_display/vga_blue_reg[3]
  -------------------------------------------------------------------
                         required time                         38.864    
                         arrival time                         -18.878    
  -------------------------------------------------------------------
                         slack                                 19.986    

Slack (MET) :             20.026ns  (required time - arrival time)
  Source:                 u_frame_buffer/U0/inst_blk_mem_gen/gnbram.gnativebmg.native_blk_mem_gen/valid.cstr/ramloop[8].ram.r/prim_noinit.ram/DEVICE_7SERIES.NO_BMM_INFO.SDP.SIMPLE_PRIM36.ram/CLKBWRCLK
                            (rising edge-triggered cell RAMB36E1 clocked by clk_out2_clk_wiz_0  {rise@0.000ns fall@20.000ns period=40.000ns})
  Destination:            vga_display/vga_red_reg[0]/D
                            (rising edge-triggered cell FDRE clocked by clk_out2_clk_wiz_0  {rise@0.000ns fall@20.000ns period=40.000ns})
  Path Group:             clk_out2_clk_wiz_0
  Path Type:              Setup (Max at Slow Process Corner)
  Requirement:            40.000ns  (clk_out2_clk_wiz_0 rise@40.000ns - clk_out2_clk_wiz_0 rise@0.000ns)
  Data Path Delay:        19.741ns  (logic 7.066ns (35.793%)  route 12.675ns (64.207%))
  Logic Levels:           23  (CARRY4=5 LUT2=1 LUT4=4 LUT5=9 LUT6=3 MUXF7=1)
  Clock Path Skew:        -0.157ns (DCD - SCD + CPR)
    Destination Clock Delay (DCD):    -1.549ns = ( 38.451 - 40.000 ) 
    Source Clock Delay      (SCD):    -0.900ns
    Clock Pessimism Removal (CPR):    0.492ns
  Clock Uncertainty:      0.106ns  ((TSJ^2 + DJ^2)^1/2) / 2 + PE
    Total System Jitter     (TSJ):    0.071ns
    Discrete Jitter          (DJ):    0.200ns
    Phase Error              (PE):    0.000ns

    Location             Delay type                Incr(ns)  Path(ns)    Netlist Resource(s)
  -------------------------------------------------------------------    -------------------
                         (clock clk_out2_clk_wiz_0 rise edge)
                                                      0.000     0.000 r  
    W5                                                0.000     0.000 r  clk100 (IN)
                         net (fo=0)                   0.000     0.000    clk_div/inst/clk_in1
    W5                   IBUF (Prop_ibuf_I_O)         1.458     1.458 r  clk_div/inst/clkin1_ibufg/O
                         net (fo=1, routed)           1.233     2.691    clk_div/inst/clk_in1_clk_wiz_0
    MMCME2_ADV_X1Y0      MMCME2_ADV (Prop_mmcme2_adv_CLKIN1_CLKOUT1)
                                                     -6.961    -4.269 r  clk_div/inst/mmcm_adv_inst/CLKOUT1
                         net (fo=1, routed)           1.661    -2.608    clk_div/inst/clk_out2_clk_wiz_0
    BUFGCTRL_X0Y1        BUFG (Prop_bufg_I_O)         0.096    -2.512 r  clk_div/inst/clkout2_buf/O
                         net (fo=140, routed)         1.612    -0.900    u_frame_buffer/U0/inst_blk_mem_gen/gnbram.gnativebmg.native_blk_mem_gen/valid.cstr/ramloop[8].ram.r/prim_noinit.ram/clkb
    RAMB36_X0Y9          RAMB36E1                                     r  u_frame_buffer/U0/inst_blk_mem_gen/gnbram.gnativebmg.native_blk_mem_gen/valid.cstr/ramloop[8].ram.r/prim_noinit.ram/DEVICE_7SERIES.NO_BMM_INFO.SDP.SIMPLE_PRIM36.ram/CLKBWRCLK
  -------------------------------------------------------------------    -------------------
    RAMB36_X0Y9          RAMB36E1 (Prop_ramb36e1_CLKBWRCLK_DOBDO[2])
                                                      0.882    -0.018 r  u_frame_buffer/U0/inst_blk_mem_gen/gnbram.gnativebmg.native_blk_mem_gen/valid.cstr/ramloop[8].ram.r/prim_noinit.ram/DEVICE_7SERIES.NO_BMM_INFO.SDP.SIMPLE_PRIM36.ram/DOBDO[2]
                         net (fo=1, routed)           1.827     1.809    u_frame_buffer/U0/inst_blk_mem_gen/gnbram.gnativebmg.native_blk_mem_gen/valid.cstr/has_mux_b.B/ramloop[8].ram.ram_doutb[2]
    SLICE_X28Y40         LUT6 (Prop_lut6_I0_O)        0.124     1.933 r  u_frame_buffer/U0/inst_blk_mem_gen/gnbram.gnativebmg.native_blk_mem_gen/valid.cstr/has_mux_b.B/doutb[5]_INST_0_i_6/O
                         net (fo=1, routed)           0.000     1.933    u_frame_buffer/U0/inst_blk_mem_gen/gnbram.gnativebmg.native_blk_mem_gen/valid.cstr/has_mux_b.B/doutb[5]_INST_0_i_6_n_0
    SLICE_X28Y40         MUXF7 (Prop_muxf7_I0_O)      0.212     2.145 r  u_frame_buffer/U0/inst_blk_mem_gen/gnbram.gnativebmg.native_blk_mem_gen/valid.cstr/has_mux_b.B/doutb[5]_INST_0_i_3/O
                         net (fo=1, routed)           1.419     3.564    u_frame_buffer/U0/inst_blk_mem_gen/gnbram.gnativebmg.native_blk_mem_gen/valid.cstr/has_mux_b.B/doutb[5]_INST_0_i_3_n_0
    SLICE_X48Y50         LUT5 (Prop_lut5_I4_O)        0.299     3.863 r  u_frame_buffer/U0/inst_blk_mem_gen/gnbram.gnativebmg.native_blk_mem_gen/valid.cstr/has_mux_b.B/doutb[5]_INST_0/O
                         net (fo=12, routed)          1.240     5.103    vga_display/my_filter/doutb[5]
    SLICE_X46Y49         LUT4 (Prop_lut4_I3_O)        0.152     5.255 r  vga_display/my_filter/vga_green[3]_i_10/O
                         net (fo=4, routed)           0.682     5.938    pf/pixel_corrected[0]
    SLICE_X46Y50         LUT5 (Prop_lut5_I0_O)        0.348     6.286 r  pf/vga_red[2]_i_40/O
                         net (fo=1, routed)           0.000     6.286    pf/vga_red[2]_i_40_n_0
    SLICE_X46Y50         CARRY4 (Prop_carry4_S[1]_O[3])
                                                      0.643     6.929 r  pf/vga_red_reg[2]_i_30/O[3]
                         net (fo=1, routed)           0.639     7.567    pf/PCOUT[3]
    SLICE_X47Y50         LUT5 (Prop_lut5_I4_O)        0.307     7.874 r  pf/vga_red[2]_i_26/O
                         net (fo=1, routed)           0.000     7.874    pf/vga_red[2]_i_26_n_0
    SLICE_X47Y50         CARRY4 (Prop_carry4_S[3]_CO[3])
                                                      0.401     8.275 r  pf/vga_red_reg[2]_i_17/CO[3]
                         net (fo=1, routed)           0.000     8.275    pf/vga_red_reg[2]_i_17_n_0
    SLICE_X47Y51         CARRY4 (Prop_carry4_CI_O[0])
                                                      0.222     8.497 r  pf/vga_red_reg[2]_i_11/O[0]
                         net (fo=4, routed)           1.032     9.529    pf/gray8[4]
    SLICE_X42Y49         LUT6 (Prop_lut6_I2_O)        0.299     9.828 r  pf/vga_red[2]_i_9/O
                         net (fo=12, routed)          0.487    10.315    pf/vga_red[2]_i_9_n_0
    SLICE_X41Y50         LUT5 (Prop_lut5_I2_O)        0.124    10.439 r  pf/vga_green[3]_i_3/O
                         net (fo=4, routed)           0.667    11.106    pf/filtered_pixel[5]
    SLICE_X40Y50         LUT4 (Prop_lut4_I3_O)        0.152    11.258 f  pf/vga_green[1]_i_2/O
                         net (fo=8, routed)           0.678    11.936    pf/pixel_corrected__0__0[5]
    SLICE_X40Y48         LUT2 (Prop_lut2_I1_O)        0.326    12.262 r  pf/prev_gray[3]_i_20/O
                         net (fo=5, routed)           0.474    12.736    pf/prev_gray[3]_i_20_n_0
    SLICE_X40Y48         LUT4 (Prop_lut4_I0_O)        0.153    12.889 r  pf/prev_gray[3]_i_10/O
                         net (fo=2, routed)           0.598    13.486    pf/prev_gray[3]_i_10_n_0
    SLICE_X39Y48         LUT5 (Prop_lut5_I4_O)        0.327    13.813 r  pf/prev_gray[3]_i_13/O
                         net (fo=1, routed)           0.000    13.813    pf/prev_gray[3]_i_13_n_0
    SLICE_X39Y48         CARRY4 (Prop_carry4_S[0]_O[0])
                                                      0.247    14.060 r  pf/prev_gray_reg[3]_i_3/O[0]
                         net (fo=1, routed)           0.592    14.652    pf/prev_gray_reg[3]_i_3_n_7
    SLICE_X38Y48         CARRY4 (Prop_carry4_S[0]_O[1])
                                                      0.726    15.378 r  pf/prev_gray_reg[3]_i_1/O[1]
                         net (fo=7, routed)           0.591    15.969    pf/O[1]
    SLICE_X37Y48         LUT4 (Prop_lut4_I0_O)        0.306    16.275 r  pf/vga_red[3]_i_19/O
                         net (fo=1, routed)           0.263    16.538    pf/vga_red[3]_i_19_n_0
    SLICE_X37Y48         LUT5 (Prop_lut5_I0_O)        0.124    16.662 r  pf/vga_red[3]_i_17/O
                         net (fo=3, routed)           0.462    17.124    pf/vga_red[3]_i_17_n_0
    SLICE_X37Y48         LUT5 (Prop_lut5_I2_O)        0.118    17.242 r  pf/vga_red[3]_i_18/O
                         net (fo=1, routed)           0.154    17.397    pf/vga_red[3]_i_18_n_0
    SLICE_X37Y48         LUT6 (Prop_lut6_I3_O)        0.326    17.723 r  pf/vga_red[3]_i_12/O
                         net (fo=1, routed)           0.351    18.073    pf/vga_red[3]_i_12_n_0
    SLICE_X36Y48         LUT5 (Prop_lut5_I1_O)        0.124    18.197 r  pf/vga_red[3]_i_4/O
                         net (fo=12, routed)          0.520    18.717    pf/vga_red[3]_i_4_n_0
    SLICE_X37Y47         LUT5 (Prop_lut5_I2_O)        0.124    18.841 r  pf/vga_red[0]_i_1/O
                         net (fo=1, routed)           0.000    18.841    vga_display/vga_red_reg[3]_1[0]
    SLICE_X37Y47         FDRE                                         r  vga_display/vga_red_reg[0]/D
  -------------------------------------------------------------------    -------------------

                         (clock clk_out2_clk_wiz_0 rise edge)
                                                     40.000    40.000 r  
    W5                                                0.000    40.000 r  clk100 (IN)
                         net (fo=0)                   0.000    40.000    clk_div/inst/clk_in1
    W5                   IBUF (Prop_ibuf_I_O)         1.388    41.388 r  clk_div/inst/clkin1_ibufg/O
                         net (fo=1, routed)           1.162    42.550    clk_div/inst/clk_in1_clk_wiz_0
    MMCME2_ADV_X1Y0      MMCME2_ADV (Prop_mmcme2_adv_CLKIN1_CLKOUT1)
                                                     -7.217    35.332 r  clk_div/inst/mmcm_adv_inst/CLKOUT1
                         net (fo=1, routed)           1.581    36.914    clk_div/inst/clk_out2_clk_wiz_0
    BUFGCTRL_X0Y1        BUFG (Prop_bufg_I_O)         0.091    37.005 r  clk_div/inst/clkout2_buf/O
                         net (fo=140, routed)         1.446    38.451    vga_display/clk_out2
    SLICE_X37Y47         FDRE                                         r  vga_display/vga_red_reg[0]/C
                         clock pessimism              0.492    38.942    
                         clock uncertainty           -0.106    38.836    
    SLICE_X37Y47         FDRE (Setup_fdre_C_D)        0.031    38.867    vga_display/vga_red_reg[0]
  -------------------------------------------------------------------
                         required time                         38.867    
                         arrival time                         -18.841    
  -------------------------------------------------------------------
                         slack                                 20.026    

Slack (MET) :             20.049ns  (required time - arrival time)
  Source:                 u_frame_buffer/U0/inst_blk_mem_gen/gnbram.gnativebmg.native_blk_mem_gen/valid.cstr/ramloop[8].ram.r/prim_noinit.ram/DEVICE_7SERIES.NO_BMM_INFO.SDP.SIMPLE_PRIM36.ram/CLKBWRCLK
                            (rising edge-triggered cell RAMB36E1 clocked by clk_out2_clk_wiz_0  {rise@0.000ns fall@20.000ns period=40.000ns})
  Destination:            vga_display/vga_red_reg[1]/D
                            (rising edge-triggered cell FDRE clocked by clk_out2_clk_wiz_0  {rise@0.000ns fall@20.000ns period=40.000ns})
  Path Group:             clk_out2_clk_wiz_0
  Path Type:              Setup (Max at Slow Process Corner)
  Requirement:            40.000ns  (clk_out2_clk_wiz_0 rise@40.000ns - clk_out2_clk_wiz_0 rise@0.000ns)
  Data Path Delay:        19.719ns  (logic 7.066ns (35.834%)  route 12.653ns (64.166%))
  Logic Levels:           23  (CARRY4=5 LUT2=1 LUT4=4 LUT5=9 LUT6=3 MUXF7=1)
  Clock Path Skew:        -0.157ns (DCD - SCD + CPR)
    Destination Clock Delay (DCD):    -1.549ns = ( 38.451 - 40.000 ) 
    Source Clock Delay      (SCD):    -0.900ns
    Clock Pessimism Removal (CPR):    0.492ns
  Clock Uncertainty:      0.106ns  ((TSJ^2 + DJ^2)^1/2) / 2 + PE
    Total System Jitter     (TSJ):    0.071ns
    Discrete Jitter          (DJ):    0.200ns
    Phase Error              (PE):    0.000ns

    Location             Delay type                Incr(ns)  Path(ns)    Netlist Resource(s)
  -------------------------------------------------------------------    -------------------
                         (clock clk_out2_clk_wiz_0 rise edge)
                                                      0.000     0.000 r  
    W5                                                0.000     0.000 r  clk100 (IN)
                         net (fo=0)                   0.000     0.000    clk_div/inst/clk_in1
    W5                   IBUF (Prop_ibuf_I_O)         1.458     1.458 r  clk_div/inst/clkin1_ibufg/O
                         net (fo=1, routed)           1.233     2.691    clk_div/inst/clk_in1_clk_wiz_0
    MMCME2_ADV_X1Y0      MMCME2_ADV (Prop_mmcme2_adv_CLKIN1_CLKOUT1)
                                                     -6.961    -4.269 r  clk_div/inst/mmcm_adv_inst/CLKOUT1
                         net (fo=1, routed)           1.661    -2.608    clk_div/inst/clk_out2_clk_wiz_0
    BUFGCTRL_X0Y1        BUFG (Prop_bufg_I_O)         0.096    -2.512 r  clk_div/inst/clkout2_buf/O
                         net (fo=140, routed)         1.612    -0.900    u_frame_buffer/U0/inst_blk_mem_gen/gnbram.gnativebmg.native_blk_mem_gen/valid.cstr/ramloop[8].ram.r/prim_noinit.ram/clkb
    RAMB36_X0Y9          RAMB36E1                                     r  u_frame_buffer/U0/inst_blk_mem_gen/gnbram.gnativebmg.native_blk_mem_gen/valid.cstr/ramloop[8].ram.r/prim_noinit.ram/DEVICE_7SERIES.NO_BMM_INFO.SDP.SIMPLE_PRIM36.ram/CLKBWRCLK
  -------------------------------------------------------------------    -------------------
    RAMB36_X0Y9          RAMB36E1 (Prop_ramb36e1_CLKBWRCLK_DOBDO[2])
                                                      0.882    -0.018 r  u_frame_buffer/U0/inst_blk_mem_gen/gnbram.gnativebmg.native_blk_mem_gen/valid.cstr/ramloop[8].ram.r/prim_noinit.ram/DEVICE_7SERIES.NO_BMM_INFO.SDP.SIMPLE_PRIM36.ram/DOBDO[2]
                         net (fo=1, routed)           1.827     1.809    u_frame_buffer/U0/inst_blk_mem_gen/gnbram.gnativebmg.native_blk_mem_gen/valid.cstr/has_mux_b.B/ramloop[8].ram.ram_doutb[2]
    SLICE_X28Y40         LUT6 (Prop_lut6_I0_O)        0.124     1.933 r  u_frame_buffer/U0/inst_blk_mem_gen/gnbram.gnativebmg.native_blk_mem_gen/valid.cstr/has_mux_b.B/doutb[5]_INST_0_i_6/O
                         net (fo=1, routed)           0.000     1.933    u_frame_buffer/U0/inst_blk_mem_gen/gnbram.gnativebmg.native_blk_mem_gen/valid.cstr/has_mux_b.B/doutb[5]_INST_0_i_6_n_0
    SLICE_X28Y40         MUXF7 (Prop_muxf7_I0_O)      0.212     2.145 r  u_frame_buffer/U0/inst_blk_mem_gen/gnbram.gnativebmg.native_blk_mem_gen/valid.cstr/has_mux_b.B/doutb[5]_INST_0_i_3/O
                         net (fo=1, routed)           1.419     3.564    u_frame_buffer/U0/inst_blk_mem_gen/gnbram.gnativebmg.native_blk_mem_gen/valid.cstr/has_mux_b.B/doutb[5]_INST_0_i_3_n_0
    SLICE_X48Y50         LUT5 (Prop_lut5_I4_O)        0.299     3.863 r  u_frame_buffer/U0/inst_blk_mem_gen/gnbram.gnativebmg.native_blk_mem_gen/valid.cstr/has_mux_b.B/doutb[5]_INST_0/O
                         net (fo=12, routed)          1.240     5.103    vga_display/my_filter/doutb[5]
    SLICE_X46Y49         LUT4 (Prop_lut4_I3_O)        0.152     5.255 r  vga_display/my_filter/vga_green[3]_i_10/O
                         net (fo=4, routed)           0.682     5.938    pf/pixel_corrected[0]
    SLICE_X46Y50         LUT5 (Prop_lut5_I0_O)        0.348     6.286 r  pf/vga_red[2]_i_40/O
                         net (fo=1, routed)           0.000     6.286    pf/vga_red[2]_i_40_n_0
    SLICE_X46Y50         CARRY4 (Prop_carry4_S[1]_O[3])
                                                      0.643     6.929 r  pf/vga_red_reg[2]_i_30/O[3]
                         net (fo=1, routed)           0.639     7.567    pf/PCOUT[3]
    SLICE_X47Y50         LUT5 (Prop_lut5_I4_O)        0.307     7.874 r  pf/vga_red[2]_i_26/O
                         net (fo=1, routed)           0.000     7.874    pf/vga_red[2]_i_26_n_0
    SLICE_X47Y50         CARRY4 (Prop_carry4_S[3]_CO[3])
                                                      0.401     8.275 r  pf/vga_red_reg[2]_i_17/CO[3]
                         net (fo=1, routed)           0.000     8.275    pf/vga_red_reg[2]_i_17_n_0
    SLICE_X47Y51         CARRY4 (Prop_carry4_CI_O[0])
                                                      0.222     8.497 r  pf/vga_red_reg[2]_i_11/O[0]
                         net (fo=4, routed)           1.032     9.529    pf/gray8[4]
    SLICE_X42Y49         LUT6 (Prop_lut6_I2_O)        0.299     9.828 r  pf/vga_red[2]_i_9/O
                         net (fo=12, routed)          0.487    10.315    pf/vga_red[2]_i_9_n_0
    SLICE_X41Y50         LUT5 (Prop_lut5_I2_O)        0.124    10.439 r  pf/vga_green[3]_i_3/O
                         net (fo=4, routed)           0.667    11.106    pf/filtered_pixel[5]
    SLICE_X40Y50         LUT4 (Prop_lut4_I3_O)        0.152    11.258 f  pf/vga_green[1]_i_2/O
                         net (fo=8, routed)           0.678    11.936    pf/pixel_corrected__0__0[5]
    SLICE_X40Y48         LUT2 (Prop_lut2_I1_O)        0.326    12.262 r  pf/prev_gray[3]_i_20/O
                         net (fo=5, routed)           0.474    12.736    pf/prev_gray[3]_i_20_n_0
    SLICE_X40Y48         LUT4 (Prop_lut4_I0_O)        0.153    12.889 r  pf/prev_gray[3]_i_10/O
                         net (fo=2, routed)           0.598    13.486    pf/prev_gray[3]_i_10_n_0
    SLICE_X39Y48         LUT5 (Prop_lut5_I4_O)        0.327    13.813 r  pf/prev_gray[3]_i_13/O
                         net (fo=1, routed)           0.000    13.813    pf/prev_gray[3]_i_13_n_0
    SLICE_X39Y48         CARRY4 (Prop_carry4_S[0]_O[0])
                                                      0.247    14.060 r  pf/prev_gray_reg[3]_i_3/O[0]
                         net (fo=1, routed)           0.592    14.652    pf/prev_gray_reg[3]_i_3_n_7
    SLICE_X38Y48         CARRY4 (Prop_carry4_S[0]_O[1])
                                                      0.726    15.378 r  pf/prev_gray_reg[3]_i_1/O[1]
                         net (fo=7, routed)           0.591    15.969    pf/O[1]
    SLICE_X37Y48         LUT4 (Prop_lut4_I0_O)        0.306    16.275 r  pf/vga_red[3]_i_19/O
                         net (fo=1, routed)           0.263    16.538    pf/vga_red[3]_i_19_n_0
    SLICE_X37Y48         LUT5 (Prop_lut5_I0_O)        0.124    16.662 r  pf/vga_red[3]_i_17/O
                         net (fo=3, routed)           0.462    17.124    pf/vga_red[3]_i_17_n_0
    SLICE_X37Y48         LUT5 (Prop_lut5_I2_O)        0.118    17.242 r  pf/vga_red[3]_i_18/O
                         net (fo=1, routed)           0.154    17.397    pf/vga_red[3]_i_18_n_0
    SLICE_X37Y48         LUT6 (Prop_lut6_I3_O)        0.326    17.723 r  pf/vga_red[3]_i_12/O
                         net (fo=1, routed)           0.351    18.073    pf/vga_red[3]_i_12_n_0
    SLICE_X36Y48         LUT5 (Prop_lut5_I1_O)        0.124    18.197 r  pf/vga_red[3]_i_4/O
                         net (fo=12, routed)          0.497    18.695    pf/vga_red[3]_i_4_n_0
    SLICE_X37Y47         LUT5 (Prop_lut5_I2_O)        0.124    18.819 r  pf/vga_red[1]_i_1/O
                         net (fo=1, routed)           0.000    18.819    vga_display/vga_red_reg[3]_1[1]
    SLICE_X37Y47         FDRE                                         r  vga_display/vga_red_reg[1]/D
  -------------------------------------------------------------------    -------------------

                         (clock clk_out2_clk_wiz_0 rise edge)
                                                     40.000    40.000 r  
    W5                                                0.000    40.000 r  clk100 (IN)
                         net (fo=0)                   0.000    40.000    clk_div/inst/clk_in1
    W5                   IBUF (Prop_ibuf_I_O)         1.388    41.388 r  clk_div/inst/clkin1_ibufg/O
                         net (fo=1, routed)           1.162    42.550    clk_div/inst/clk_in1_clk_wiz_0
    MMCME2_ADV_X1Y0      MMCME2_ADV (Prop_mmcme2_adv_CLKIN1_CLKOUT1)
                                                     -7.217    35.332 r  clk_div/inst/mmcm_adv_inst/CLKOUT1
                         net (fo=1, routed)           1.581    36.914    clk_div/inst/clk_out2_clk_wiz_0
    BUFGCTRL_X0Y1        BUFG (Prop_bufg_I_O)         0.091    37.005 r  clk_div/inst/clkout2_buf/O
                         net (fo=140, routed)         1.446    38.451    vga_display/clk_out2
    SLICE_X37Y47         FDRE                                         r  vga_display/vga_red_reg[1]/C
                         clock pessimism              0.492    38.942    
                         clock uncertainty           -0.106    38.836    
    SLICE_X37Y47         FDRE (Setup_fdre_C_D)        0.032    38.868    vga_display/vga_red_reg[1]
  -------------------------------------------------------------------
                         required time                         38.868    
                         arrival time                         -18.819    
  -------------------------------------------------------------------
                         slack                                 20.049    

Slack (MET) :             20.059ns  (required time - arrival time)
  Source:                 u_frame_buffer/U0/inst_blk_mem_gen/gnbram.gnativebmg.native_blk_mem_gen/valid.cstr/ramloop[8].ram.r/prim_noinit.ram/DEVICE_7SERIES.NO_BMM_INFO.SDP.SIMPLE_PRIM36.ram/CLKBWRCLK
                            (rising edge-triggered cell RAMB36E1 clocked by clk_out2_clk_wiz_0  {rise@0.000ns fall@20.000ns period=40.000ns})
  Destination:            vga_display/vga_red_reg[2]/D
                            (rising edge-triggered cell FDRE clocked by clk_out2_clk_wiz_0  {rise@0.000ns fall@20.000ns period=40.000ns})
  Path Group:             clk_out2_clk_wiz_0
  Path Type:              Setup (Max at Slow Process Corner)
  Requirement:            40.000ns  (clk_out2_clk_wiz_0 rise@40.000ns - clk_out2_clk_wiz_0 rise@0.000ns)
  Data Path Delay:        19.707ns  (logic 7.066ns (35.855%)  route 12.641ns (64.145%))
  Logic Levels:           23  (CARRY4=5 LUT2=1 LUT4=4 LUT5=9 LUT6=3 MUXF7=1)
  Clock Path Skew:        -0.158ns (DCD - SCD + CPR)
    Destination Clock Delay (DCD):    -1.550ns = ( 38.450 - 40.000 ) 
    Source Clock Delay      (SCD):    -0.900ns
    Clock Pessimism Removal (CPR):    0.492ns
  Clock Uncertainty:      0.106ns  ((TSJ^2 + DJ^2)^1/2) / 2 + PE
    Total System Jitter     (TSJ):    0.071ns
    Discrete Jitter          (DJ):    0.200ns
    Phase Error              (PE):    0.000ns

    Location             Delay type                Incr(ns)  Path(ns)    Netlist Resource(s)
  -------------------------------------------------------------------    -------------------
                         (clock clk_out2_clk_wiz_0 rise edge)
                                                      0.000     0.000 r  
    W5                                                0.000     0.000 r  clk100 (IN)
                         net (fo=0)                   0.000     0.000    clk_div/inst/clk_in1
    W5                   IBUF (Prop_ibuf_I_O)         1.458     1.458 r  clk_div/inst/clkin1_ibufg/O
                         net (fo=1, routed)           1.233     2.691    clk_div/inst/clk_in1_clk_wiz_0
    MMCME2_ADV_X1Y0      MMCME2_ADV (Prop_mmcme2_adv_CLKIN1_CLKOUT1)
                                                     -6.961    -4.269 r  clk_div/inst/mmcm_adv_inst/CLKOUT1
                         net (fo=1, routed)           1.661    -2.608    clk_div/inst/clk_out2_clk_wiz_0
    BUFGCTRL_X0Y1        BUFG (Prop_bufg_I_O)         0.096    -2.512 r  clk_div/inst/clkout2_buf/O
                         net (fo=140, routed)         1.612    -0.900    u_frame_buffer/U0/inst_blk_mem_gen/gnbram.gnativebmg.native_blk_mem_gen/valid.cstr/ramloop[8].ram.r/prim_noinit.ram/clkb
    RAMB36_X0Y9          RAMB36E1                                     r  u_frame_buffer/U0/inst_blk_mem_gen/gnbram.gnativebmg.native_blk_mem_gen/valid.cstr/ramloop[8].ram.r/prim_noinit.ram/DEVICE_7SERIES.NO_BMM_INFO.SDP.SIMPLE_PRIM36.ram/CLKBWRCLK
  -------------------------------------------------------------------    -------------------
    RAMB36_X0Y9          RAMB36E1 (Prop_ramb36e1_CLKBWRCLK_DOBDO[2])
                                                      0.882    -0.018 r  u_frame_buffer/U0/inst_blk_mem_gen/gnbram.gnativebmg.native_blk_mem_gen/valid.cstr/ramloop[8].ram.r/prim_noinit.ram/DEVICE_7SERIES.NO_BMM_INFO.SDP.SIMPLE_PRIM36.ram/DOBDO[2]
                         net (fo=1, routed)           1.827     1.809    u_frame_buffer/U0/inst_blk_mem_gen/gnbram.gnativebmg.native_blk_mem_gen/valid.cstr/has_mux_b.B/ramloop[8].ram.ram_doutb[2]
    SLICE_X28Y40         LUT6 (Prop_lut6_I0_O)        0.124     1.933 r  u_frame_buffer/U0/inst_blk_mem_gen/gnbram.gnativebmg.native_blk_mem_gen/valid.cstr/has_mux_b.B/doutb[5]_INST_0_i_6/O
                         net (fo=1, routed)           0.000     1.933    u_frame_buffer/U0/inst_blk_mem_gen/gnbram.gnativebmg.native_blk_mem_gen/valid.cstr/has_mux_b.B/doutb[5]_INST_0_i_6_n_0
    SLICE_X28Y40         MUXF7 (Prop_muxf7_I0_O)      0.212     2.145 r  u_frame_buffer/U0/inst_blk_mem_gen/gnbram.gnativebmg.native_blk_mem_gen/valid.cstr/has_mux_b.B/doutb[5]_INST_0_i_3/O
                         net (fo=1, routed)           1.419     3.564    u_frame_buffer/U0/inst_blk_mem_gen/gnbram.gnativebmg.native_blk_mem_gen/valid.cstr/has_mux_b.B/doutb[5]_INST_0_i_3_n_0
    SLICE_X48Y50         LUT5 (Prop_lut5_I4_O)        0.299     3.863 r  u_frame_buffer/U0/inst_blk_mem_gen/gnbram.gnativebmg.native_blk_mem_gen/valid.cstr/has_mux_b.B/doutb[5]_INST_0/O
                         net (fo=12, routed)          1.240     5.103    vga_display/my_filter/doutb[5]
    SLICE_X46Y49         LUT4 (Prop_lut4_I3_O)        0.152     5.255 r  vga_display/my_filter/vga_green[3]_i_10/O
                         net (fo=4, routed)           0.682     5.938    pf/pixel_corrected[0]
    SLICE_X46Y50         LUT5 (Prop_lut5_I0_O)        0.348     6.286 r  pf/vga_red[2]_i_40/O
                         net (fo=1, routed)           0.000     6.286    pf/vga_red[2]_i_40_n_0
    SLICE_X46Y50         CARRY4 (Prop_carry4_S[1]_O[3])
                                                      0.643     6.929 r  pf/vga_red_reg[2]_i_30/O[3]
                         net (fo=1, routed)           0.639     7.567    pf/PCOUT[3]
    SLICE_X47Y50         LUT5 (Prop_lut5_I4_O)        0.307     7.874 r  pf/vga_red[2]_i_26/O
                         net (fo=1, routed)           0.000     7.874    pf/vga_red[2]_i_26_n_0
    SLICE_X47Y50         CARRY4 (Prop_carry4_S[3]_CO[3])
                                                      0.401     8.275 r  pf/vga_red_reg[2]_i_17/CO[3]
                         net (fo=1, routed)           0.000     8.275    pf/vga_red_reg[2]_i_17_n_0
    SLICE_X47Y51         CARRY4 (Prop_carry4_CI_O[0])
                                                      0.222     8.497 r  pf/vga_red_reg[2]_i_11/O[0]
                         net (fo=4, routed)           1.032     9.529    pf/gray8[4]
    SLICE_X42Y49         LUT6 (Prop_lut6_I2_O)        0.299     9.828 r  pf/vga_red[2]_i_9/O
                         net (fo=12, routed)          0.487    10.315    pf/vga_red[2]_i_9_n_0
    SLICE_X41Y50         LUT5 (Prop_lut5_I2_O)        0.124    10.439 r  pf/vga_green[3]_i_3/O
                         net (fo=4, routed)           0.667    11.106    pf/filtered_pixel[5]
    SLICE_X40Y50         LUT4 (Prop_lut4_I3_O)        0.152    11.258 f  pf/vga_green[1]_i_2/O
                         net (fo=8, routed)           0.678    11.936    pf/pixel_corrected__0__0[5]
    SLICE_X40Y48         LUT2 (Prop_lut2_I1_O)        0.326    12.262 r  pf/prev_gray[3]_i_20/O
                         net (fo=5, routed)           0.474    12.736    pf/prev_gray[3]_i_20_n_0
    SLICE_X40Y48         LUT4 (Prop_lut4_I0_O)        0.153    12.889 r  pf/prev_gray[3]_i_10/O
                         net (fo=2, routed)           0.598    13.486    pf/prev_gray[3]_i_10_n_0
    SLICE_X39Y48         LUT5 (Prop_lut5_I4_O)        0.327    13.813 r  pf/prev_gray[3]_i_13/O
                         net (fo=1, routed)           0.000    13.813    pf/prev_gray[3]_i_13_n_0
    SLICE_X39Y48         CARRY4 (Prop_carry4_S[0]_O[0])
                                                      0.247    14.060 r  pf/prev_gray_reg[3]_i_3/O[0]
                         net (fo=1, routed)           0.592    14.652    pf/prev_gray_reg[3]_i_3_n_7
    SLICE_X38Y48         CARRY4 (Prop_carry4_S[0]_O[1])
                                                      0.726    15.378 r  pf/prev_gray_reg[3]_i_1/O[1]
                         net (fo=7, routed)           0.591    15.969    pf/O[1]
    SLICE_X37Y48         LUT4 (Prop_lut4_I0_O)        0.306    16.275 r  pf/vga_red[3]_i_19/O
                         net (fo=1, routed)           0.263    16.538    pf/vga_red[3]_i_19_n_0
    SLICE_X37Y48         LUT5 (Prop_lut5_I0_O)        0.124    16.662 r  pf/vga_red[3]_i_17/O
                         net (fo=3, routed)           0.462    17.124    pf/vga_red[3]_i_17_n_0
    SLICE_X37Y48         LUT5 (Prop_lut5_I2_O)        0.118    17.242 r  pf/vga_red[3]_i_18/O
                         net (fo=1, routed)           0.154    17.397    pf/vga_red[3]_i_18_n_0
    SLICE_X37Y48         LUT6 (Prop_lut6_I3_O)        0.326    17.723 r  pf/vga_red[3]_i_12/O
                         net (fo=1, routed)           0.351    18.073    pf/vga_red[3]_i_12_n_0
    SLICE_X36Y48         LUT5 (Prop_lut5_I1_O)        0.124    18.197 r  pf/vga_red[3]_i_4/O
                         net (fo=12, routed)          0.486    18.683    pf/vga_red[3]_i_4_n_0
    SLICE_X36Y46         LUT5 (Prop_lut5_I2_O)        0.124    18.807 r  pf/vga_red[2]_i_1/O
                         net (fo=1, routed)           0.000    18.807    vga_display/vga_red_reg[3]_1[2]
    SLICE_X36Y46         FDRE                                         r  vga_display/vga_red_reg[2]/D
  -------------------------------------------------------------------    -------------------

                         (clock clk_out2_clk_wiz_0 rise edge)
                                                     40.000    40.000 r  
    W5                                                0.000    40.000 r  clk100 (IN)
                         net (fo=0)                   0.000    40.000    clk_div/inst/clk_in1
    W5                   IBUF (Prop_ibuf_I_O)         1.388    41.388 r  clk_div/inst/clkin1_ibufg/O
                         net (fo=1, routed)           1.162    42.550    clk_div/inst/clk_in1_clk_wiz_0
    MMCME2_ADV_X1Y0      MMCME2_ADV (Prop_mmcme2_adv_CLKIN1_CLKOUT1)
                                                     -7.217    35.332 r  clk_div/inst/mmcm_adv_inst/CLKOUT1
                         net (fo=1, routed)           1.581    36.914    clk_div/inst/clk_out2_clk_wiz_0
    BUFGCTRL_X0Y1        BUFG (Prop_bufg_I_O)         0.091    37.005 r  clk_div/inst/clkout2_buf/O
                         net (fo=140, routed)         1.445    38.450    vga_display/clk_out2
    SLICE_X36Y46         FDRE                                         r  vga_display/vga_red_reg[2]/C
                         clock pessimism              0.492    38.941    
                         clock uncertainty           -0.106    38.835    
    SLICE_X36Y46         FDRE (Setup_fdre_C_D)        0.031    38.866    vga_display/vga_red_reg[2]
  -------------------------------------------------------------------
                         required time                         38.866    
                         arrival time                         -18.807    
  -------------------------------------------------------------------
                         slack                                 20.059    

Slack (MET) :             20.076ns  (required time - arrival time)
  Source:                 u_frame_buffer/U0/inst_blk_mem_gen/gnbram.gnativebmg.native_blk_mem_gen/valid.cstr/ramloop[8].ram.r/prim_noinit.ram/DEVICE_7SERIES.NO_BMM_INFO.SDP.SIMPLE_PRIM36.ram/CLKBWRCLK
                            (rising edge-triggered cell RAMB36E1 clocked by clk_out2_clk_wiz_0  {rise@0.000ns fall@20.000ns period=40.000ns})
  Destination:            vga_display/vga_blue_reg[0]/D
                            (rising edge-triggered cell FDRE clocked by clk_out2_clk_wiz_0  {rise@0.000ns fall@20.000ns period=40.000ns})
  Path Group:             clk_out2_clk_wiz_0
  Path Type:              Setup (Max at Slow Process Corner)
  Requirement:            40.000ns  (clk_out2_clk_wiz_0 rise@40.000ns - clk_out2_clk_wiz_0 rise@0.000ns)
  Data Path Delay:        19.688ns  (logic 7.066ns (35.889%)  route 12.622ns (64.111%))
  Logic Levels:           23  (CARRY4=5 LUT2=1 LUT4=4 LUT5=9 LUT6=3 MUXF7=1)
  Clock Path Skew:        -0.158ns (DCD - SCD + CPR)
    Destination Clock Delay (DCD):    -1.550ns = ( 38.450 - 40.000 ) 
    Source Clock Delay      (SCD):    -0.900ns
    Clock Pessimism Removal (CPR):    0.492ns
  Clock Uncertainty:      0.106ns  ((TSJ^2 + DJ^2)^1/2) / 2 + PE
    Total System Jitter     (TSJ):    0.071ns
    Discrete Jitter          (DJ):    0.200ns
    Phase Error              (PE):    0.000ns

    Location             Delay type                Incr(ns)  Path(ns)    Netlist Resource(s)
  -------------------------------------------------------------------    -------------------
                         (clock clk_out2_clk_wiz_0 rise edge)
                                                      0.000     0.000 r  
    W5                                                0.000     0.000 r  clk100 (IN)
                         net (fo=0)                   0.000     0.000    clk_div/inst/clk_in1
    W5                   IBUF (Prop_ibuf_I_O)         1.458     1.458 r  clk_div/inst/clkin1_ibufg/O
                         net (fo=1, routed)           1.233     2.691    clk_div/inst/clk_in1_clk_wiz_0
    MMCME2_ADV_X1Y0      MMCME2_ADV (Prop_mmcme2_adv_CLKIN1_CLKOUT1)
                                                     -6.961    -4.269 r  clk_div/inst/mmcm_adv_inst/CLKOUT1
                         net (fo=1, routed)           1.661    -2.608    clk_div/inst/clk_out2_clk_wiz_0
    BUFGCTRL_X0Y1        BUFG (Prop_bufg_I_O)         0.096    -2.512 r  clk_div/inst/clkout2_buf/O
                         net (fo=140, routed)         1.612    -0.900    u_frame_buffer/U0/inst_blk_mem_gen/gnbram.gnativebmg.native_blk_mem_gen/valid.cstr/ramloop[8].ram.r/prim_noinit.ram/clkb
    RAMB36_X0Y9          RAMB36E1                                     r  u_frame_buffer/U0/inst_blk_mem_gen/gnbram.gnativebmg.native_blk_mem_gen/valid.cstr/ramloop[8].ram.r/prim_noinit.ram/DEVICE_7SERIES.NO_BMM_INFO.SDP.SIMPLE_PRIM36.ram/CLKBWRCLK
  -------------------------------------------------------------------    -------------------
    RAMB36_X0Y9          RAMB36E1 (Prop_ramb36e1_CLKBWRCLK_DOBDO[2])
                                                      0.882    -0.018 r  u_frame_buffer/U0/inst_blk_mem_gen/gnbram.gnativebmg.native_blk_mem_gen/valid.cstr/ramloop[8].ram.r/prim_noinit.ram/DEVICE_7SERIES.NO_BMM_INFO.SDP.SIMPLE_PRIM36.ram/DOBDO[2]
                         net (fo=1, routed)           1.827     1.809    u_frame_buffer/U0/inst_blk_mem_gen/gnbram.gnativebmg.native_blk_mem_gen/valid.cstr/has_mux_b.B/ramloop[8].ram.ram_doutb[2]
    SLICE_X28Y40         LUT6 (Prop_lut6_I0_O)        0.124     1.933 r  u_frame_buffer/U0/inst_blk_mem_gen/gnbram.gnativebmg.native_blk_mem_gen/valid.cstr/has_mux_b.B/doutb[5]_INST_0_i_6/O
                         net (fo=1, routed)           0.000     1.933    u_frame_buffer/U0/inst_blk_mem_gen/gnbram.gnativebmg.native_blk_mem_gen/valid.cstr/has_mux_b.B/doutb[5]_INST_0_i_6_n_0
    SLICE_X28Y40         MUXF7 (Prop_muxf7_I0_O)      0.212     2.145 r  u_frame_buffer/U0/inst_blk_mem_gen/gnbram.gnativebmg.native_blk_mem_gen/valid.cstr/has_mux_b.B/doutb[5]_INST_0_i_3/O
                         net (fo=1, routed)           1.419     3.564    u_frame_buffer/U0/inst_blk_mem_gen/gnbram.gnativebmg.native_blk_mem_gen/valid.cstr/has_mux_b.B/doutb[5]_INST_0_i_3_n_0
    SLICE_X48Y50         LUT5 (Prop_lut5_I4_O)        0.299     3.863 r  u_frame_buffer/U0/inst_blk_mem_gen/gnbram.gnativebmg.native_blk_mem_gen/valid.cstr/has_mux_b.B/doutb[5]_INST_0/O
                         net (fo=12, routed)          1.240     5.103    vga_display/my_filter/doutb[5]
    SLICE_X46Y49         LUT4 (Prop_lut4_I3_O)        0.152     5.255 r  vga_display/my_filter/vga_green[3]_i_10/O
                         net (fo=4, routed)           0.682     5.938    pf/pixel_corrected[0]
    SLICE_X46Y50         LUT5 (Prop_lut5_I0_O)        0.348     6.286 r  pf/vga_red[2]_i_40/O
                         net (fo=1, routed)           0.000     6.286    pf/vga_red[2]_i_40_n_0
    SLICE_X46Y50         CARRY4 (Prop_carry4_S[1]_O[3])
                                                      0.643     6.929 r  pf/vga_red_reg[2]_i_30/O[3]
                         net (fo=1, routed)           0.639     7.567    pf/PCOUT[3]
    SLICE_X47Y50         LUT5 (Prop_lut5_I4_O)        0.307     7.874 r  pf/vga_red[2]_i_26/O
                         net (fo=1, routed)           0.000     7.874    pf/vga_red[2]_i_26_n_0
    SLICE_X47Y50         CARRY4 (Prop_carry4_S[3]_CO[3])
                                                      0.401     8.275 r  pf/vga_red_reg[2]_i_17/CO[3]
                         net (fo=1, routed)           0.000     8.275    pf/vga_red_reg[2]_i_17_n_0
    SLICE_X47Y51         CARRY4 (Prop_carry4_CI_O[0])
                                                      0.222     8.497 r  pf/vga_red_reg[2]_i_11/O[0]
                         net (fo=4, routed)           1.032     9.529    pf/gray8[4]
    SLICE_X42Y49         LUT6 (Prop_lut6_I2_O)        0.299     9.828 r  pf/vga_red[2]_i_9/O
                         net (fo=12, routed)          0.487    10.315    pf/vga_red[2]_i_9_n_0
    SLICE_X41Y50         LUT5 (Prop_lut5_I2_O)        0.124    10.439 r  pf/vga_green[3]_i_3/O
                         net (fo=4, routed)           0.667    11.106    pf/filtered_pixel[5]
    SLICE_X40Y50         LUT4 (Prop_lut4_I3_O)        0.152    11.258 f  pf/vga_green[1]_i_2/O
                         net (fo=8, routed)           0.678    11.936    pf/pixel_corrected__0__0[5]
    SLICE_X40Y48         LUT2 (Prop_lut2_I1_O)        0.326    12.262 r  pf/prev_gray[3]_i_20/O
                         net (fo=5, routed)           0.474    12.736    pf/prev_gray[3]_i_20_n_0
    SLICE_X40Y48         LUT4 (Prop_lut4_I0_O)        0.153    12.889 r  pf/prev_gray[3]_i_10/O
                         net (fo=2, routed)           0.598    13.486    pf/prev_gray[3]_i_10_n_0
    SLICE_X39Y48         LUT5 (Prop_lut5_I4_O)        0.327    13.813 r  pf/prev_gray[3]_i_13/O
                         net (fo=1, routed)           0.000    13.813    pf/prev_gray[3]_i_13_n_0
    SLICE_X39Y48         CARRY4 (Prop_carry4_S[0]_O[0])
                                                      0.247    14.060 r  pf/prev_gray_reg[3]_i_3/O[0]
                         net (fo=1, routed)           0.592    14.652    pf/prev_gray_reg[3]_i_3_n_7
    SLICE_X38Y48         CARRY4 (Prop_carry4_S[0]_O[1])
                                                      0.726    15.378 r  pf/prev_gray_reg[3]_i_1/O[1]
                         net (fo=7, routed)           0.591    15.969    pf/O[1]
    SLICE_X37Y48         LUT4 (Prop_lut4_I0_O)        0.306    16.275 r  pf/vga_red[3]_i_19/O
                         net (fo=1, routed)           0.263    16.538    pf/vga_red[3]_i_19_n_0
    SLICE_X37Y48         LUT5 (Prop_lut5_I0_O)        0.124    16.662 r  pf/vga_red[3]_i_17/O
                         net (fo=3, routed)           0.462    17.124    pf/vga_red[3]_i_17_n_0
    SLICE_X37Y48         LUT5 (Prop_lut5_I2_O)        0.118    17.242 r  pf/vga_red[3]_i_18/O
                         net (fo=1, routed)           0.154    17.397    pf/vga_red[3]_i_18_n_0
    SLICE_X37Y48         LUT6 (Prop_lut6_I3_O)        0.326    17.723 r  pf/vga_red[3]_i_12/O
                         net (fo=1, routed)           0.351    18.073    pf/vga_red[3]_i_12_n_0
    SLICE_X36Y48         LUT5 (Prop_lut5_I1_O)        0.124    18.197 r  pf/vga_red[3]_i_4/O
                         net (fo=12, routed)          0.467    18.664    pf/vga_red[3]_i_4_n_0
    SLICE_X37Y46         LUT5 (Prop_lut5_I2_O)        0.124    18.788 r  pf/vga_blue[0]_i_1/O
                         net (fo=1, routed)           0.000    18.788    vga_display/vga_blue_reg[3]_1[0]
    SLICE_X37Y46         FDRE                                         r  vga_display/vga_blue_reg[0]/D
  -------------------------------------------------------------------    -------------------

                         (clock clk_out2_clk_wiz_0 rise edge)
                                                     40.000    40.000 r  
    W5                                                0.000    40.000 r  clk100 (IN)
                         net (fo=0)                   0.000    40.000    clk_div/inst/clk_in1
    W5                   IBUF (Prop_ibuf_I_O)         1.388    41.388 r  clk_div/inst/clkin1_ibufg/O
                         net (fo=1, routed)           1.162    42.550    clk_div/inst/clk_in1_clk_wiz_0
    MMCME2_ADV_X1Y0      MMCME2_ADV (Prop_mmcme2_adv_CLKIN1_CLKOUT1)
                                                     -7.217    35.332 r  clk_div/inst/mmcm_adv_inst/CLKOUT1
                         net (fo=1, routed)           1.581    36.914    clk_div/inst/clk_out2_clk_wiz_0
    BUFGCTRL_X0Y1        BUFG (Prop_bufg_I_O)         0.091    37.005 r  clk_div/inst/clkout2_buf/O
                         net (fo=140, routed)         1.445    38.450    vga_display/clk_out2
    SLICE_X37Y46         FDRE                                         r  vga_display/vga_blue_reg[0]/C
                         clock pessimism              0.492    38.941    
                         clock uncertainty           -0.106    38.835    
    SLICE_X37Y46         FDRE (Setup_fdre_C_D)        0.029    38.864    vga_display/vga_blue_reg[0]
  -------------------------------------------------------------------
                         required time                         38.864    
                         arrival time                         -18.788    
  -------------------------------------------------------------------
                         slack                                 20.076    

Slack (MET) :             20.078ns  (required time - arrival time)
  Source:                 u_frame_buffer/U0/inst_blk_mem_gen/gnbram.gnativebmg.native_blk_mem_gen/valid.cstr/ramloop[8].ram.r/prim_noinit.ram/DEVICE_7SERIES.NO_BMM_INFO.SDP.SIMPLE_PRIM36.ram/CLKBWRCLK
                            (rising edge-triggered cell RAMB36E1 clocked by clk_out2_clk_wiz_0  {rise@0.000ns fall@20.000ns period=40.000ns})
  Destination:            vga_display/vga_green_reg[3]/D
                            (rising edge-triggered cell FDRE clocked by clk_out2_clk_wiz_0  {rise@0.000ns fall@20.000ns period=40.000ns})
  Path Group:             clk_out2_clk_wiz_0
  Path Type:              Setup (Max at Slow Process Corner)
  Requirement:            40.000ns  (clk_out2_clk_wiz_0 rise@40.000ns - clk_out2_clk_wiz_0 rise@0.000ns)
  Data Path Delay:        19.689ns  (logic 7.066ns (35.888%)  route 12.623ns (64.112%))
  Logic Levels:           23  (CARRY4=5 LUT2=1 LUT4=4 LUT5=9 LUT6=3 MUXF7=1)
  Clock Path Skew:        -0.157ns (DCD - SCD + CPR)
    Destination Clock Delay (DCD):    -1.549ns = ( 38.451 - 40.000 ) 
    Source Clock Delay      (SCD):    -0.900ns
    Clock Pessimism Removal (CPR):    0.492ns
  Clock Uncertainty:      0.106ns  ((TSJ^2 + DJ^2)^1/2) / 2 + PE
    Total System Jitter     (TSJ):    0.071ns
    Discrete Jitter          (DJ):    0.200ns
    Phase Error              (PE):    0.000ns

    Location             Delay type                Incr(ns)  Path(ns)    Netlist Resource(s)
  -------------------------------------------------------------------    -------------------
                         (clock clk_out2_clk_wiz_0 rise edge)
                                                      0.000     0.000 r  
    W5                                                0.000     0.000 r  clk100 (IN)
                         net (fo=0)                   0.000     0.000    clk_div/inst/clk_in1
    W5                   IBUF (Prop_ibuf_I_O)         1.458     1.458 r  clk_div/inst/clkin1_ibufg/O
                         net (fo=1, routed)           1.233     2.691    clk_div/inst/clk_in1_clk_wiz_0
    MMCME2_ADV_X1Y0      MMCME2_ADV (Prop_mmcme2_adv_CLKIN1_CLKOUT1)
                                                     -6.961    -4.269 r  clk_div/inst/mmcm_adv_inst/CLKOUT1
                         net (fo=1, routed)           1.661    -2.608    clk_div/inst/clk_out2_clk_wiz_0
    BUFGCTRL_X0Y1        BUFG (Prop_bufg_I_O)         0.096    -2.512 r  clk_div/inst/clkout2_buf/O
                         net (fo=140, routed)         1.612    -0.900    u_frame_buffer/U0/inst_blk_mem_gen/gnbram.gnativebmg.native_blk_mem_gen/valid.cstr/ramloop[8].ram.r/prim_noinit.ram/clkb
    RAMB36_X0Y9          RAMB36E1                                     r  u_frame_buffer/U0/inst_blk_mem_gen/gnbram.gnativebmg.native_blk_mem_gen/valid.cstr/ramloop[8].ram.r/prim_noinit.ram/DEVICE_7SERIES.NO_BMM_INFO.SDP.SIMPLE_PRIM36.ram/CLKBWRCLK
  -------------------------------------------------------------------    -------------------
    RAMB36_X0Y9          RAMB36E1 (Prop_ramb36e1_CLKBWRCLK_DOBDO[2])
                                                      0.882    -0.018 r  u_frame_buffer/U0/inst_blk_mem_gen/gnbram.gnativebmg.native_blk_mem_gen/valid.cstr/ramloop[8].ram.r/prim_noinit.ram/DEVICE_7SERIES.NO_BMM_INFO.SDP.SIMPLE_PRIM36.ram/DOBDO[2]
                         net (fo=1, routed)           1.827     1.809    u_frame_buffer/U0/inst_blk_mem_gen/gnbram.gnativebmg.native_blk_mem_gen/valid.cstr/has_mux_b.B/ramloop[8].ram.ram_doutb[2]
    SLICE_X28Y40         LUT6 (Prop_lut6_I0_O)        0.124     1.933 r  u_frame_buffer/U0/inst_blk_mem_gen/gnbram.gnativebmg.native_blk_mem_gen/valid.cstr/has_mux_b.B/doutb[5]_INST_0_i_6/O
                         net (fo=1, routed)           0.000     1.933    u_frame_buffer/U0/inst_blk_mem_gen/gnbram.gnativebmg.native_blk_mem_gen/valid.cstr/has_mux_b.B/doutb[5]_INST_0_i_6_n_0
    SLICE_X28Y40         MUXF7 (Prop_muxf7_I0_O)      0.212     2.145 r  u_frame_buffer/U0/inst_blk_mem_gen/gnbram.gnativebmg.native_blk_mem_gen/valid.cstr/has_mux_b.B/doutb[5]_INST_0_i_3/O
                         net (fo=1, routed)           1.419     3.564    u_frame_buffer/U0/inst_blk_mem_gen/gnbram.gnativebmg.native_blk_mem_gen/valid.cstr/has_mux_b.B/doutb[5]_INST_0_i_3_n_0
    SLICE_X48Y50         LUT5 (Prop_lut5_I4_O)        0.299     3.863 r  u_frame_buffer/U0/inst_blk_mem_gen/gnbram.gnativebmg.native_blk_mem_gen/valid.cstr/has_mux_b.B/doutb[5]_INST_0/O
                         net (fo=12, routed)          1.240     5.103    vga_display/my_filter/doutb[5]
    SLICE_X46Y49         LUT4 (Prop_lut4_I3_O)        0.152     5.255 r  vga_display/my_filter/vga_green[3]_i_10/O
                         net (fo=4, routed)           0.682     5.938    pf/pixel_corrected[0]
    SLICE_X46Y50         LUT5 (Prop_lut5_I0_O)        0.348     6.286 r  pf/vga_red[2]_i_40/O
                         net (fo=1, routed)           0.000     6.286    pf/vga_red[2]_i_40_n_0
    SLICE_X46Y50         CARRY4 (Prop_carry4_S[1]_O[3])
                                                      0.643     6.929 r  pf/vga_red_reg[2]_i_30/O[3]
                         net (fo=1, routed)           0.639     7.567    pf/PCOUT[3]
    SLICE_X47Y50         LUT5 (Prop_lut5_I4_O)        0.307     7.874 r  pf/vga_red[2]_i_26/O
                         net (fo=1, routed)           0.000     7.874    pf/vga_red[2]_i_26_n_0
    SLICE_X47Y50         CARRY4 (Prop_carry4_S[3]_CO[3])
                                                      0.401     8.275 r  pf/vga_red_reg[2]_i_17/CO[3]
                         net (fo=1, routed)           0.000     8.275    pf/vga_red_reg[2]_i_17_n_0
    SLICE_X47Y51         CARRY4 (Prop_carry4_CI_O[0])
                                                      0.222     8.497 r  pf/vga_red_reg[2]_i_11/O[0]
                         net (fo=4, routed)           1.032     9.529    pf/gray8[4]
    SLICE_X42Y49         LUT6 (Prop_lut6_I2_O)        0.299     9.828 r  pf/vga_red[2]_i_9/O
                         net (fo=12, routed)          0.487    10.315    pf/vga_red[2]_i_9_n_0
    SLICE_X41Y50         LUT5 (Prop_lut5_I2_O)        0.124    10.439 r  pf/vga_green[3]_i_3/O
                         net (fo=4, routed)           0.667    11.106    pf/filtered_pixel[5]
    SLICE_X40Y50         LUT4 (Prop_lut4_I3_O)        0.152    11.258 f  pf/vga_green[1]_i_2/O
                         net (fo=8, routed)           0.678    11.936    pf/pixel_corrected__0__0[5]
    SLICE_X40Y48         LUT2 (Prop_lut2_I1_O)        0.326    12.262 r  pf/prev_gray[3]_i_20/O
                         net (fo=5, routed)           0.474    12.736    pf/prev_gray[3]_i_20_n_0
    SLICE_X40Y48         LUT4 (Prop_lut4_I0_O)        0.153    12.889 r  pf/prev_gray[3]_i_10/O
                         net (fo=2, routed)           0.598    13.486    pf/prev_gray[3]_i_10_n_0
    SLICE_X39Y48         LUT5 (Prop_lut5_I4_O)        0.327    13.813 r  pf/prev_gray[3]_i_13/O
                         net (fo=1, routed)           0.000    13.813    pf/prev_gray[3]_i_13_n_0
    SLICE_X39Y48         CARRY4 (Prop_carry4_S[0]_O[0])
                                                      0.247    14.060 r  pf/prev_gray_reg[3]_i_3/O[0]
                         net (fo=1, routed)           0.592    14.652    pf/prev_gray_reg[3]_i_3_n_7
    SLICE_X38Y48         CARRY4 (Prop_carry4_S[0]_O[1])
                                                      0.726    15.378 r  pf/prev_gray_reg[3]_i_1/O[1]
                         net (fo=7, routed)           0.591    15.969    pf/O[1]
    SLICE_X37Y48         LUT4 (Prop_lut4_I0_O)        0.306    16.275 r  pf/vga_red[3]_i_19/O
                         net (fo=1, routed)           0.263    16.538    pf/vga_red[3]_i_19_n_0
    SLICE_X37Y48         LUT5 (Prop_lut5_I0_O)        0.124    16.662 r  pf/vga_red[3]_i_17/O
                         net (fo=3, routed)           0.462    17.124    pf/vga_red[3]_i_17_n_0
    SLICE_X37Y48         LUT5 (Prop_lut5_I2_O)        0.118    17.242 r  pf/vga_red[3]_i_18/O
                         net (fo=1, routed)           0.154    17.397    pf/vga_red[3]_i_18_n_0
    SLICE_X37Y48         LUT6 (Prop_lut6_I3_O)        0.326    17.723 r  pf/vga_red[3]_i_12/O
                         net (fo=1, routed)           0.351    18.073    pf/vga_red[3]_i_12_n_0
    SLICE_X36Y48         LUT5 (Prop_lut5_I1_O)        0.124    18.197 r  pf/vga_red[3]_i_4/O
                         net (fo=12, routed)          0.467    18.665    pf/vga_red[3]_i_4_n_0
    SLICE_X37Y47         LUT5 (Prop_lut5_I2_O)        0.124    18.789 r  pf/vga_green[3]_i_1/O
                         net (fo=1, routed)           0.000    18.789    vga_display/vga_green_reg[3]_1[3]
    SLICE_X37Y47         FDRE                                         r  vga_display/vga_green_reg[3]/D
  -------------------------------------------------------------------    -------------------

                         (clock clk_out2_clk_wiz_0 rise edge)
                                                     40.000    40.000 r  
    W5                                                0.000    40.000 r  clk100 (IN)
                         net (fo=0)                   0.000    40.000    clk_div/inst/clk_in1
    W5                   IBUF (Prop_ibuf_I_O)         1.388    41.388 r  clk_div/inst/clkin1_ibufg/O
                         net (fo=1, routed)           1.162    42.550    clk_div/inst/clk_in1_clk_wiz_0
    MMCME2_ADV_X1Y0      MMCME2_ADV (Prop_mmcme2_adv_CLKIN1_CLKOUT1)
                                                     -7.217    35.332 r  clk_div/inst/mmcm_adv_inst/CLKOUT1
                         net (fo=1, routed)           1.581    36.914    clk_div/inst/clk_out2_clk_wiz_0
    BUFGCTRL_X0Y1        BUFG (Prop_bufg_I_O)         0.091    37.005 r  clk_div/inst/clkout2_buf/O
                         net (fo=140, routed)         1.446    38.451    vga_display/clk_out2
    SLICE_X37Y47         FDRE                                         r  vga_display/vga_green_reg[3]/C
                         clock pessimism              0.492    38.942    
                         clock uncertainty           -0.106    38.836    
    SLICE_X37Y47         FDRE (Setup_fdre_C_D)        0.031    38.867    vga_display/vga_green_reg[3]
  -------------------------------------------------------------------
                         required time                         38.867    
                         arrival time                         -18.789    
  -------------------------------------------------------------------
                         slack                                 20.078    

Slack (MET) :             20.080ns  (required time - arrival time)
  Source:                 u_frame_buffer/U0/inst_blk_mem_gen/gnbram.gnativebmg.native_blk_mem_gen/valid.cstr/ramloop[8].ram.r/prim_noinit.ram/DEVICE_7SERIES.NO_BMM_INFO.SDP.SIMPLE_PRIM36.ram/CLKBWRCLK
                            (rising edge-triggered cell RAMB36E1 clocked by clk_out2_clk_wiz_0  {rise@0.000ns fall@20.000ns period=40.000ns})
  Destination:            vga_display/vga_green_reg[0]/D
                            (rising edge-triggered cell FDRE clocked by clk_out2_clk_wiz_0  {rise@0.000ns fall@20.000ns period=40.000ns})
  Path Group:             clk_out2_clk_wiz_0
  Path Type:              Setup (Max at Slow Process Corner)
  Requirement:            40.000ns  (clk_out2_clk_wiz_0 rise@40.000ns - clk_out2_clk_wiz_0 rise@0.000ns)
  Data Path Delay:        19.685ns  (logic 7.066ns (35.896%)  route 12.619ns (64.104%))
  Logic Levels:           23  (CARRY4=5 LUT2=1 LUT4=4 LUT5=9 LUT6=3 MUXF7=1)
  Clock Path Skew:        -0.157ns (DCD - SCD + CPR)
    Destination Clock Delay (DCD):    -1.549ns = ( 38.451 - 40.000 ) 
    Source Clock Delay      (SCD):    -0.900ns
    Clock Pessimism Removal (CPR):    0.492ns
  Clock Uncertainty:      0.106ns  ((TSJ^2 + DJ^2)^1/2) / 2 + PE
    Total System Jitter     (TSJ):    0.071ns
    Discrete Jitter          (DJ):    0.200ns
    Phase Error              (PE):    0.000ns

    Location             Delay type                Incr(ns)  Path(ns)    Netlist Resource(s)
  -------------------------------------------------------------------    -------------------
                         (clock clk_out2_clk_wiz_0 rise edge)
                                                      0.000     0.000 r  
    W5                                                0.000     0.000 r  clk100 (IN)
                         net (fo=0)                   0.000     0.000    clk_div/inst/clk_in1
    W5                   IBUF (Prop_ibuf_I_O)         1.458     1.458 r  clk_div/inst/clkin1_ibufg/O
                         net (fo=1, routed)           1.233     2.691    clk_div/inst/clk_in1_clk_wiz_0
    MMCME2_ADV_X1Y0      MMCME2_ADV (Prop_mmcme2_adv_CLKIN1_CLKOUT1)
                                                     -6.961    -4.269 r  clk_div/inst/mmcm_adv_inst/CLKOUT1
                         net (fo=1, routed)           1.661    -2.608    clk_div/inst/clk_out2_clk_wiz_0
    BUFGCTRL_X0Y1        BUFG (Prop_bufg_I_O)         0.096    -2.512 r  clk_div/inst/clkout2_buf/O
                         net (fo=140, routed)         1.612    -0.900    u_frame_buffer/U0/inst_blk_mem_gen/gnbram.gnativebmg.native_blk_mem_gen/valid.cstr/ramloop[8].ram.r/prim_noinit.ram/clkb
    RAMB36_X0Y9          RAMB36E1                                     r  u_frame_buffer/U0/inst_blk_mem_gen/gnbram.gnativebmg.native_blk_mem_gen/valid.cstr/ramloop[8].ram.r/prim_noinit.ram/DEVICE_7SERIES.NO_BMM_INFO.SDP.SIMPLE_PRIM36.ram/CLKBWRCLK
  -------------------------------------------------------------------    -------------------
    RAMB36_X0Y9          RAMB36E1 (Prop_ramb36e1_CLKBWRCLK_DOBDO[2])
                                                      0.882    -0.018 r  u_frame_buffer/U0/inst_blk_mem_gen/gnbram.gnativebmg.native_blk_mem_gen/valid.cstr/ramloop[8].ram.r/prim_noinit.ram/DEVICE_7SERIES.NO_BMM_INFO.SDP.SIMPLE_PRIM36.ram/DOBDO[2]
                         net (fo=1, routed)           1.827     1.809    u_frame_buffer/U0/inst_blk_mem_gen/gnbram.gnativebmg.native_blk_mem_gen/valid.cstr/has_mux_b.B/ramloop[8].ram.ram_doutb[2]
    SLICE_X28Y40         LUT6 (Prop_lut6_I0_O)        0.124     1.933 r  u_frame_buffer/U0/inst_blk_mem_gen/gnbram.gnativebmg.native_blk_mem_gen/valid.cstr/has_mux_b.B/doutb[5]_INST_0_i_6/O
                         net (fo=1, routed)           0.000     1.933    u_frame_buffer/U0/inst_blk_mem_gen/gnbram.gnativebmg.native_blk_mem_gen/valid.cstr/has_mux_b.B/doutb[5]_INST_0_i_6_n_0
    SLICE_X28Y40         MUXF7 (Prop_muxf7_I0_O)      0.212     2.145 r  u_frame_buffer/U0/inst_blk_mem_gen/gnbram.gnativebmg.native_blk_mem_gen/valid.cstr/has_mux_b.B/doutb[5]_INST_0_i_3/O
                         net (fo=1, routed)           1.419     3.564    u_frame_buffer/U0/inst_blk_mem_gen/gnbram.gnativebmg.native_blk_mem_gen/valid.cstr/has_mux_b.B/doutb[5]_INST_0_i_3_n_0
    SLICE_X48Y50         LUT5 (Prop_lut5_I4_O)        0.299     3.863 r  u_frame_buffer/U0/inst_blk_mem_gen/gnbram.gnativebmg.native_blk_mem_gen/valid.cstr/has_mux_b.B/doutb[5]_INST_0/O
                         net (fo=12, routed)          1.240     5.103    vga_display/my_filter/doutb[5]
    SLICE_X46Y49         LUT4 (Prop_lut4_I3_O)        0.152     5.255 r  vga_display/my_filter/vga_green[3]_i_10/O
                         net (fo=4, routed)           0.682     5.938    pf/pixel_corrected[0]
    SLICE_X46Y50         LUT5 (Prop_lut5_I0_O)        0.348     6.286 r  pf/vga_red[2]_i_40/O
                         net (fo=1, routed)           0.000     6.286    pf/vga_red[2]_i_40_n_0
    SLICE_X46Y50         CARRY4 (Prop_carry4_S[1]_O[3])
                                                      0.643     6.929 r  pf/vga_red_reg[2]_i_30/O[3]
                         net (fo=1, routed)           0.639     7.567    pf/PCOUT[3]
    SLICE_X47Y50         LUT5 (Prop_lut5_I4_O)        0.307     7.874 r  pf/vga_red[2]_i_26/O
                         net (fo=1, routed)           0.000     7.874    pf/vga_red[2]_i_26_n_0
    SLICE_X47Y50         CARRY4 (Prop_carry4_S[3]_CO[3])
                                                      0.401     8.275 r  pf/vga_red_reg[2]_i_17/CO[3]
                         net (fo=1, routed)           0.000     8.275    pf/vga_red_reg[2]_i_17_n_0
    SLICE_X47Y51         CARRY4 (Prop_carry4_CI_O[0])
                                                      0.222     8.497 r  pf/vga_red_reg[2]_i_11/O[0]
                         net (fo=4, routed)           1.032     9.529    pf/gray8[4]
    SLICE_X42Y49         LUT6 (Prop_lut6_I2_O)        0.299     9.828 r  pf/vga_red[2]_i_9/O
                         net (fo=12, routed)          0.487    10.315    pf/vga_red[2]_i_9_n_0
    SLICE_X41Y50         LUT5 (Prop_lut5_I2_O)        0.124    10.439 r  pf/vga_green[3]_i_3/O
                         net (fo=4, routed)           0.667    11.106    pf/filtered_pixel[5]
    SLICE_X40Y50         LUT4 (Prop_lut4_I3_O)        0.152    11.258 f  pf/vga_green[1]_i_2/O
                         net (fo=8, routed)           0.678    11.936    pf/pixel_corrected__0__0[5]
    SLICE_X40Y48         LUT2 (Prop_lut2_I1_O)        0.326    12.262 r  pf/prev_gray[3]_i_20/O
                         net (fo=5, routed)           0.474    12.736    pf/prev_gray[3]_i_20_n_0
    SLICE_X40Y48         LUT4 (Prop_lut4_I0_O)        0.153    12.889 r  pf/prev_gray[3]_i_10/O
                         net (fo=2, routed)           0.598    13.486    pf/prev_gray[3]_i_10_n_0
    SLICE_X39Y48         LUT5 (Prop_lut5_I4_O)        0.327    13.813 r  pf/prev_gray[3]_i_13/O
                         net (fo=1, routed)           0.000    13.813    pf/prev_gray[3]_i_13_n_0
    SLICE_X39Y48         CARRY4 (Prop_carry4_S[0]_O[0])
                                                      0.247    14.060 r  pf/prev_gray_reg[3]_i_3/O[0]
                         net (fo=1, routed)           0.592    14.652    pf/prev_gray_reg[3]_i_3_n_7
    SLICE_X38Y48         CARRY4 (Prop_carry4_S[0]_O[1])
                                                      0.726    15.378 r  pf/prev_gray_reg[3]_i_1/O[1]
                         net (fo=7, routed)           0.591    15.969    pf/O[1]
    SLICE_X37Y48         LUT4 (Prop_lut4_I0_O)        0.306    16.275 r  pf/vga_red[3]_i_19/O
                         net (fo=1, routed)           0.263    16.538    pf/vga_red[3]_i_19_n_0
    SLICE_X37Y48         LUT5 (Prop_lut5_I0_O)        0.124    16.662 r  pf/vga_red[3]_i_17/O
                         net (fo=3, routed)           0.462    17.124    pf/vga_red[3]_i_17_n_0
    SLICE_X37Y48         LUT5 (Prop_lut5_I2_O)        0.118    17.242 r  pf/vga_red[3]_i_18/O
                         net (fo=1, routed)           0.154    17.397    pf/vga_red[3]_i_18_n_0
    SLICE_X37Y48         LUT6 (Prop_lut6_I3_O)        0.326    17.723 r  pf/vga_red[3]_i_12/O
                         net (fo=1, routed)           0.351    18.073    pf/vga_red[3]_i_12_n_0
    SLICE_X36Y48         LUT5 (Prop_lut5_I1_O)        0.124    18.197 r  pf/vga_red[3]_i_4/O
                         net (fo=12, routed)          0.463    18.661    pf/vga_red[3]_i_4_n_0
    SLICE_X37Y47         LUT5 (Prop_lut5_I2_O)        0.124    18.785 r  pf/vga_green[0]_i_1/O
                         net (fo=1, routed)           0.000    18.785    vga_display/vga_green_reg[3]_1[0]
    SLICE_X37Y47         FDRE                                         r  vga_display/vga_green_reg[0]/D
  -------------------------------------------------------------------    -------------------

                         (clock clk_out2_clk_wiz_0 rise edge)
                                                     40.000    40.000 r  
    W5                                                0.000    40.000 r  clk100 (IN)
                         net (fo=0)                   0.000    40.000    clk_div/inst/clk_in1
    W5                   IBUF (Prop_ibuf_I_O)         1.388    41.388 r  clk_div/inst/clkin1_ibufg/O
                         net (fo=1, routed)           1.162    42.550    clk_div/inst/clk_in1_clk_wiz_0
    MMCME2_ADV_X1Y0      MMCME2_ADV (Prop_mmcme2_adv_CLKIN1_CLKOUT1)
                                                     -7.217    35.332 r  clk_div/inst/mmcm_adv_inst/CLKOUT1
                         net (fo=1, routed)           1.581    36.914    clk_div/inst/clk_out2_clk_wiz_0
    BUFGCTRL_X0Y1        BUFG (Prop_bufg_I_O)         0.091    37.005 r  clk_div/inst/clkout2_buf/O
                         net (fo=140, routed)         1.446    38.451    vga_display/clk_out2
    SLICE_X37Y47         FDRE                                         r  vga_display/vga_green_reg[0]/C
                         clock pessimism              0.492    38.942    
                         clock uncertainty           -0.106    38.836    
    SLICE_X37Y47         FDRE (Setup_fdre_C_D)        0.029    38.865    vga_display/vga_green_reg[0]
  -------------------------------------------------------------------
                         required time                         38.865    
                         arrival time                         -18.785    
  -------------------------------------------------------------------
                         slack                                 20.080    

Slack (MET) :             20.126ns  (required time - arrival time)
  Source:                 u_frame_buffer/U0/inst_blk_mem_gen/gnbram.gnativebmg.native_blk_mem_gen/valid.cstr/ramloop[8].ram.r/prim_noinit.ram/DEVICE_7SERIES.NO_BMM_INFO.SDP.SIMPLE_PRIM36.ram/CLKBWRCLK
                            (rising edge-triggered cell RAMB36E1 clocked by clk_out2_clk_wiz_0  {rise@0.000ns fall@20.000ns period=40.000ns})
  Destination:            vga_display/vga_blue_reg[1]/D
                            (rising edge-triggered cell FDRE clocked by clk_out2_clk_wiz_0  {rise@0.000ns fall@20.000ns period=40.000ns})
  Path Group:             clk_out2_clk_wiz_0
  Path Type:              Setup (Max at Slow Process Corner)
  Requirement:            40.000ns  (clk_out2_clk_wiz_0 rise@40.000ns - clk_out2_clk_wiz_0 rise@0.000ns)
  Data Path Delay:        19.640ns  (logic 7.066ns (35.978%)  route 12.574ns (64.022%))
  Logic Levels:           23  (CARRY4=5 LUT2=1 LUT4=4 LUT5=9 LUT6=3 MUXF7=1)
  Clock Path Skew:        -0.157ns (DCD - SCD + CPR)
    Destination Clock Delay (DCD):    -1.549ns = ( 38.451 - 40.000 ) 
    Source Clock Delay      (SCD):    -0.900ns
    Clock Pessimism Removal (CPR):    0.492ns
  Clock Uncertainty:      0.106ns  ((TSJ^2 + DJ^2)^1/2) / 2 + PE
    Total System Jitter     (TSJ):    0.071ns
    Discrete Jitter          (DJ):    0.200ns
    Phase Error              (PE):    0.000ns

    Location             Delay type                Incr(ns)  Path(ns)    Netlist Resource(s)
  -------------------------------------------------------------------    -------------------
                         (clock clk_out2_clk_wiz_0 rise edge)
                                                      0.000     0.000 r  
    W5                                                0.000     0.000 r  clk100 (IN)
                         net (fo=0)                   0.000     0.000    clk_div/inst/clk_in1
    W5                   IBUF (Prop_ibuf_I_O)         1.458     1.458 r  clk_div/inst/clkin1_ibufg/O
                         net (fo=1, routed)           1.233     2.691    clk_div/inst/clk_in1_clk_wiz_0
    MMCME2_ADV_X1Y0      MMCME2_ADV (Prop_mmcme2_adv_CLKIN1_CLKOUT1)
                                                     -6.961    -4.269 r  clk_div/inst/mmcm_adv_inst/CLKOUT1
                         net (fo=1, routed)           1.661    -2.608    clk_div/inst/clk_out2_clk_wiz_0
    BUFGCTRL_X0Y1        BUFG (Prop_bufg_I_O)         0.096    -2.512 r  clk_div/inst/clkout2_buf/O
                         net (fo=140, routed)         1.612    -0.900    u_frame_buffer/U0/inst_blk_mem_gen/gnbram.gnativebmg.native_blk_mem_gen/valid.cstr/ramloop[8].ram.r/prim_noinit.ram/clkb
    RAMB36_X0Y9          RAMB36E1                                     r  u_frame_buffer/U0/inst_blk_mem_gen/gnbram.gnativebmg.native_blk_mem_gen/valid.cstr/ramloop[8].ram.r/prim_noinit.ram/DEVICE_7SERIES.NO_BMM_INFO.SDP.SIMPLE_PRIM36.ram/CLKBWRCLK
  -------------------------------------------------------------------    -------------------
    RAMB36_X0Y9          RAMB36E1 (Prop_ramb36e1_CLKBWRCLK_DOBDO[2])
                                                      0.882    -0.018 r  u_frame_buffer/U0/inst_blk_mem_gen/gnbram.gnativebmg.native_blk_mem_gen/valid.cstr/ramloop[8].ram.r/prim_noinit.ram/DEVICE_7SERIES.NO_BMM_INFO.SDP.SIMPLE_PRIM36.ram/DOBDO[2]
                         net (fo=1, routed)           1.827     1.809    u_frame_buffer/U0/inst_blk_mem_gen/gnbram.gnativebmg.native_blk_mem_gen/valid.cstr/has_mux_b.B/ramloop[8].ram.ram_doutb[2]
    SLICE_X28Y40         LUT6 (Prop_lut6_I0_O)        0.124     1.933 r  u_frame_buffer/U0/inst_blk_mem_gen/gnbram.gnativebmg.native_blk_mem_gen/valid.cstr/has_mux_b.B/doutb[5]_INST_0_i_6/O
                         net (fo=1, routed)           0.000     1.933    u_frame_buffer/U0/inst_blk_mem_gen/gnbram.gnativebmg.native_blk_mem_gen/valid.cstr/has_mux_b.B/doutb[5]_INST_0_i_6_n_0
    SLICE_X28Y40         MUXF7 (Prop_muxf7_I0_O)      0.212     2.145 r  u_frame_buffer/U0/inst_blk_mem_gen/gnbram.gnativebmg.native_blk_mem_gen/valid.cstr/has_mux_b.B/doutb[5]_INST_0_i_3/O
                         net (fo=1, routed)           1.419     3.564    u_frame_buffer/U0/inst_blk_mem_gen/gnbram.gnativebmg.native_blk_mem_gen/valid.cstr/has_mux_b.B/doutb[5]_INST_0_i_3_n_0
    SLICE_X48Y50         LUT5 (Prop_lut5_I4_O)        0.299     3.863 r  u_frame_buffer/U0/inst_blk_mem_gen/gnbram.gnativebmg.native_blk_mem_gen/valid.cstr/has_mux_b.B/doutb[5]_INST_0/O
                         net (fo=12, routed)          1.240     5.103    vga_display/my_filter/doutb[5]
    SLICE_X46Y49         LUT4 (Prop_lut4_I3_O)        0.152     5.255 r  vga_display/my_filter/vga_green[3]_i_10/O
                         net (fo=4, routed)           0.682     5.938    pf/pixel_corrected[0]
    SLICE_X46Y50         LUT5 (Prop_lut5_I0_O)        0.348     6.286 r  pf/vga_red[2]_i_40/O
                         net (fo=1, routed)           0.000     6.286    pf/vga_red[2]_i_40_n_0
    SLICE_X46Y50         CARRY4 (Prop_carry4_S[1]_O[3])
                                                      0.643     6.929 r  pf/vga_red_reg[2]_i_30/O[3]
                         net (fo=1, routed)           0.639     7.567    pf/PCOUT[3]
    SLICE_X47Y50         LUT5 (Prop_lut5_I4_O)        0.307     7.874 r  pf/vga_red[2]_i_26/O
                         net (fo=1, routed)           0.000     7.874    pf/vga_red[2]_i_26_n_0
    SLICE_X47Y50         CARRY4 (Prop_carry4_S[3]_CO[3])
                                                      0.401     8.275 r  pf/vga_red_reg[2]_i_17/CO[3]
                         net (fo=1, routed)           0.000     8.275    pf/vga_red_reg[2]_i_17_n_0
    SLICE_X47Y51         CARRY4 (Prop_carry4_CI_O[0])
                                                      0.222     8.497 r  pf/vga_red_reg[2]_i_11/O[0]
                         net (fo=4, routed)           1.032     9.529    pf/gray8[4]
    SLICE_X42Y49         LUT6 (Prop_lut6_I2_O)        0.299     9.828 r  pf/vga_red[2]_i_9/O
                         net (fo=12, routed)          0.487    10.315    pf/vga_red[2]_i_9_n_0
    SLICE_X41Y50         LUT5 (Prop_lut5_I2_O)        0.124    10.439 r  pf/vga_green[3]_i_3/O
                         net (fo=4, routed)           0.667    11.106    pf/filtered_pixel[5]
    SLICE_X40Y50         LUT4 (Prop_lut4_I3_O)        0.152    11.258 f  pf/vga_green[1]_i_2/O
                         net (fo=8, routed)           0.678    11.936    pf/pixel_corrected__0__0[5]
    SLICE_X40Y48         LUT2 (Prop_lut2_I1_O)        0.326    12.262 r  pf/prev_gray[3]_i_20/O
                         net (fo=5, routed)           0.474    12.736    pf/prev_gray[3]_i_20_n_0
    SLICE_X40Y48         LUT4 (Prop_lut4_I0_O)        0.153    12.889 r  pf/prev_gray[3]_i_10/O
                         net (fo=2, routed)           0.598    13.486    pf/prev_gray[3]_i_10_n_0
    SLICE_X39Y48         LUT5 (Prop_lut5_I4_O)        0.327    13.813 r  pf/prev_gray[3]_i_13/O
                         net (fo=1, routed)           0.000    13.813    pf/prev_gray[3]_i_13_n_0
    SLICE_X39Y48         CARRY4 (Prop_carry4_S[0]_O[0])
                                                      0.247    14.060 r  pf/prev_gray_reg[3]_i_3/O[0]
                         net (fo=1, routed)           0.592    14.652    pf/prev_gray_reg[3]_i_3_n_7
    SLICE_X38Y48         CARRY4 (Prop_carry4_S[0]_O[1])
                                                      0.726    15.378 r  pf/prev_gray_reg[3]_i_1/O[1]
                         net (fo=7, routed)           0.591    15.969    pf/O[1]
    SLICE_X37Y48         LUT4 (Prop_lut4_I0_O)        0.306    16.275 r  pf/vga_red[3]_i_19/O
                         net (fo=1, routed)           0.263    16.538    pf/vga_red[3]_i_19_n_0
    SLICE_X37Y48         LUT5 (Prop_lut5_I0_O)        0.124    16.662 r  pf/vga_red[3]_i_17/O
                         net (fo=3, routed)           0.462    17.124    pf/vga_red[3]_i_17_n_0
    SLICE_X37Y48         LUT5 (Prop_lut5_I2_O)        0.118    17.242 r  pf/vga_red[3]_i_18/O
                         net (fo=1, routed)           0.154    17.397    pf/vga_red[3]_i_18_n_0
    SLICE_X37Y48         LUT6 (Prop_lut6_I3_O)        0.326    17.723 r  pf/vga_red[3]_i_12/O
                         net (fo=1, routed)           0.351    18.073    pf/vga_red[3]_i_12_n_0
    SLICE_X36Y48         LUT5 (Prop_lut5_I1_O)        0.124    18.197 r  pf/vga_red[3]_i_4/O
                         net (fo=12, routed)          0.418    18.616    pf/vga_red[3]_i_4_n_0
    SLICE_X36Y47         LUT5 (Prop_lut5_I2_O)        0.124    18.740 r  pf/vga_blue[1]_i_1/O
                         net (fo=1, routed)           0.000    18.740    vga_display/vga_blue_reg[3]_1[1]
    SLICE_X36Y47         FDRE                                         r  vga_display/vga_blue_reg[1]/D
  -------------------------------------------------------------------    -------------------

                         (clock clk_out2_clk_wiz_0 rise edge)
                                                     40.000    40.000 r  
    W5                                                0.000    40.000 r  clk100 (IN)
                         net (fo=0)                   0.000    40.000    clk_div/inst/clk_in1
    W5                   IBUF (Prop_ibuf_I_O)         1.388    41.388 r  clk_div/inst/clkin1_ibufg/O
                         net (fo=1, routed)           1.162    42.550    clk_div/inst/clk_in1_clk_wiz_0
    MMCME2_ADV_X1Y0      MMCME2_ADV (Prop_mmcme2_adv_CLKIN1_CLKOUT1)
                                                     -7.217    35.332 r  clk_div/inst/mmcm_adv_inst/CLKOUT1
                         net (fo=1, routed)           1.581    36.914    clk_div/inst/clk_out2_clk_wiz_0
    BUFGCTRL_X0Y1        BUFG (Prop_bufg_I_O)         0.091    37.005 r  clk_div/inst/clkout2_buf/O
                         net (fo=140, routed)         1.446    38.451    vga_display/clk_out2
    SLICE_X36Y47         FDRE                                         r  vga_display/vga_blue_reg[1]/C
                         clock pessimism              0.492    38.942    
                         clock uncertainty           -0.106    38.836    
    SLICE_X36Y47         FDRE (Setup_fdre_C_D)        0.029    38.865    vga_display/vga_blue_reg[1]
  -------------------------------------------------------------------
                         required time                         38.865    
                         arrival time                         -18.740    
  -------------------------------------------------------------------
                         slack                                 20.126    

Slack (MET) :             20.131ns  (required time - arrival time)
  Source:                 u_frame_buffer/U0/inst_blk_mem_gen/gnbram.gnativebmg.native_blk_mem_gen/valid.cstr/ramloop[8].ram.r/prim_noinit.ram/DEVICE_7SERIES.NO_BMM_INFO.SDP.SIMPLE_PRIM36.ram/CLKBWRCLK
                            (rising edge-triggered cell RAMB36E1 clocked by clk_out2_clk_wiz_0  {rise@0.000ns fall@20.000ns period=40.000ns})
  Destination:            vga_display/vga_blue_reg[2]/D
                            (rising edge-triggered cell FDRE clocked by clk_out2_clk_wiz_0  {rise@0.000ns fall@20.000ns period=40.000ns})
  Path Group:             clk_out2_clk_wiz_0
  Path Type:              Setup (Max at Slow Process Corner)
  Requirement:            40.000ns  (clk_out2_clk_wiz_0 rise@40.000ns - clk_out2_clk_wiz_0 rise@0.000ns)
  Data Path Delay:        19.637ns  (logic 7.066ns (35.984%)  route 12.571ns (64.016%))
  Logic Levels:           23  (CARRY4=5 LUT2=1 LUT4=4 LUT5=9 LUT6=3 MUXF7=1)
  Clock Path Skew:        -0.157ns (DCD - SCD + CPR)
    Destination Clock Delay (DCD):    -1.549ns = ( 38.451 - 40.000 ) 
    Source Clock Delay      (SCD):    -0.900ns
    Clock Pessimism Removal (CPR):    0.492ns
  Clock Uncertainty:      0.106ns  ((TSJ^2 + DJ^2)^1/2) / 2 + PE
    Total System Jitter     (TSJ):    0.071ns
    Discrete Jitter          (DJ):    0.200ns
    Phase Error              (PE):    0.000ns

    Location             Delay type                Incr(ns)  Path(ns)    Netlist Resource(s)
  -------------------------------------------------------------------    -------------------
                         (clock clk_out2_clk_wiz_0 rise edge)
                                                      0.000     0.000 r  
    W5                                                0.000     0.000 r  clk100 (IN)
                         net (fo=0)                   0.000     0.000    clk_div/inst/clk_in1
    W5                   IBUF (Prop_ibuf_I_O)         1.458     1.458 r  clk_div/inst/clkin1_ibufg/O
                         net (fo=1, routed)           1.233     2.691    clk_div/inst/clk_in1_clk_wiz_0
    MMCME2_ADV_X1Y0      MMCME2_ADV (Prop_mmcme2_adv_CLKIN1_CLKOUT1)
                                                     -6.961    -4.269 r  clk_div/inst/mmcm_adv_inst/CLKOUT1
                         net (fo=1, routed)           1.661    -2.608    clk_div/inst/clk_out2_clk_wiz_0
    BUFGCTRL_X0Y1        BUFG (Prop_bufg_I_O)         0.096    -2.512 r  clk_div/inst/clkout2_buf/O
                         net (fo=140, routed)         1.612    -0.900    u_frame_buffer/U0/inst_blk_mem_gen/gnbram.gnativebmg.native_blk_mem_gen/valid.cstr/ramloop[8].ram.r/prim_noinit.ram/clkb
    RAMB36_X0Y9          RAMB36E1                                     r  u_frame_buffer/U0/inst_blk_mem_gen/gnbram.gnativebmg.native_blk_mem_gen/valid.cstr/ramloop[8].ram.r/prim_noinit.ram/DEVICE_7SERIES.NO_BMM_INFO.SDP.SIMPLE_PRIM36.ram/CLKBWRCLK
  -------------------------------------------------------------------    -------------------
    RAMB36_X0Y9          RAMB36E1 (Prop_ramb36e1_CLKBWRCLK_DOBDO[2])
                                                      0.882    -0.018 r  u_frame_buffer/U0/inst_blk_mem_gen/gnbram.gnativebmg.native_blk_mem_gen/valid.cstr/ramloop[8].ram.r/prim_noinit.ram/DEVICE_7SERIES.NO_BMM_INFO.SDP.SIMPLE_PRIM36.ram/DOBDO[2]
                         net (fo=1, routed)           1.827     1.809    u_frame_buffer/U0/inst_blk_mem_gen/gnbram.gnativebmg.native_blk_mem_gen/valid.cstr/has_mux_b.B/ramloop[8].ram.ram_doutb[2]
    SLICE_X28Y40         LUT6 (Prop_lut6_I0_O)        0.124     1.933 r  u_frame_buffer/U0/inst_blk_mem_gen/gnbram.gnativebmg.native_blk_mem_gen/valid.cstr/has_mux_b.B/doutb[5]_INST_0_i_6/O
                         net (fo=1, routed)           0.000     1.933    u_frame_buffer/U0/inst_blk_mem_gen/gnbram.gnativebmg.native_blk_mem_gen/valid.cstr/has_mux_b.B/doutb[5]_INST_0_i_6_n_0
    SLICE_X28Y40         MUXF7 (Prop_muxf7_I0_O)      0.212     2.145 r  u_frame_buffer/U0/inst_blk_mem_gen/gnbram.gnativebmg.native_blk_mem_gen/valid.cstr/has_mux_b.B/doutb[5]_INST_0_i_3/O
                         net (fo=1, routed)           1.419     3.564    u_frame_buffer/U0/inst_blk_mem_gen/gnbram.gnativebmg.native_blk_mem_gen/valid.cstr/has_mux_b.B/doutb[5]_INST_0_i_3_n_0
    SLICE_X48Y50         LUT5 (Prop_lut5_I4_O)        0.299     3.863 r  u_frame_buffer/U0/inst_blk_mem_gen/gnbram.gnativebmg.native_blk_mem_gen/valid.cstr/has_mux_b.B/doutb[5]_INST_0/O
                         net (fo=12, routed)          1.240     5.103    vga_display/my_filter/doutb[5]
    SLICE_X46Y49         LUT4 (Prop_lut4_I3_O)        0.152     5.255 r  vga_display/my_filter/vga_green[3]_i_10/O
                         net (fo=4, routed)           0.682     5.938    pf/pixel_corrected[0]
    SLICE_X46Y50         LUT5 (Prop_lut5_I0_O)        0.348     6.286 r  pf/vga_red[2]_i_40/O
                         net (fo=1, routed)           0.000     6.286    pf/vga_red[2]_i_40_n_0
    SLICE_X46Y50         CARRY4 (Prop_carry4_S[1]_O[3])
                                                      0.643     6.929 r  pf/vga_red_reg[2]_i_30/O[3]
                         net (fo=1, routed)           0.639     7.567    pf/PCOUT[3]
    SLICE_X47Y50         LUT5 (Prop_lut5_I4_O)        0.307     7.874 r  pf/vga_red[2]_i_26/O
                         net (fo=1, routed)           0.000     7.874    pf/vga_red[2]_i_26_n_0
    SLICE_X47Y50         CARRY4 (Prop_carry4_S[3]_CO[3])
                                                      0.401     8.275 r  pf/vga_red_reg[2]_i_17/CO[3]
                         net (fo=1, routed)           0.000     8.275    pf/vga_red_reg[2]_i_17_n_0
    SLICE_X47Y51         CARRY4 (Prop_carry4_CI_O[0])
                                                      0.222     8.497 r  pf/vga_red_reg[2]_i_11/O[0]
                         net (fo=4, routed)           1.032     9.529    pf/gray8[4]
    SLICE_X42Y49         LUT6 (Prop_lut6_I2_O)        0.299     9.828 r  pf/vga_red[2]_i_9/O
                         net (fo=12, routed)          0.487    10.315    pf/vga_red[2]_i_9_n_0
    SLICE_X41Y50         LUT5 (Prop_lut5_I2_O)        0.124    10.439 r  pf/vga_green[3]_i_3/O
                         net (fo=4, routed)           0.667    11.106    pf/filtered_pixel[5]
    SLICE_X40Y50         LUT4 (Prop_lut4_I3_O)        0.152    11.258 f  pf/vga_green[1]_i_2/O
                         net (fo=8, routed)           0.678    11.936    pf/pixel_corrected__0__0[5]
    SLICE_X40Y48         LUT2 (Prop_lut2_I1_O)        0.326    12.262 r  pf/prev_gray[3]_i_20/O
                         net (fo=5, routed)           0.474    12.736    pf/prev_gray[3]_i_20_n_0
    SLICE_X40Y48         LUT4 (Prop_lut4_I0_O)        0.153    12.889 r  pf/prev_gray[3]_i_10/O
                         net (fo=2, routed)           0.598    13.486    pf/prev_gray[3]_i_10_n_0
    SLICE_X39Y48         LUT5 (Prop_lut5_I4_O)        0.327    13.813 r  pf/prev_gray[3]_i_13/O
                         net (fo=1, routed)           0.000    13.813    pf/prev_gray[3]_i_13_n_0
    SLICE_X39Y48         CARRY4 (Prop_carry4_S[0]_O[0])
                                                      0.247    14.060 r  pf/prev_gray_reg[3]_i_3/O[0]
                         net (fo=1, routed)           0.592    14.652    pf/prev_gray_reg[3]_i_3_n_7
    SLICE_X38Y48         CARRY4 (Prop_carry4_S[0]_O[1])
                                                      0.726    15.378 r  pf/prev_gray_reg[3]_i_1/O[1]
                         net (fo=7, routed)           0.591    15.969    pf/O[1]
    SLICE_X37Y48         LUT4 (Prop_lut4_I0_O)        0.306    16.275 r  pf/vga_red[3]_i_19/O
                         net (fo=1, routed)           0.263    16.538    pf/vga_red[3]_i_19_n_0
    SLICE_X37Y48         LUT5 (Prop_lut5_I0_O)        0.124    16.662 r  pf/vga_red[3]_i_17/O
                         net (fo=3, routed)           0.462    17.124    pf/vga_red[3]_i_17_n_0
    SLICE_X37Y48         LUT5 (Prop_lut5_I2_O)        0.118    17.242 r  pf/vga_red[3]_i_18/O
                         net (fo=1, routed)           0.154    17.397    pf/vga_red[3]_i_18_n_0
    SLICE_X37Y48         LUT6 (Prop_lut6_I3_O)        0.326    17.723 r  pf/vga_red[3]_i_12/O
                         net (fo=1, routed)           0.351    18.073    pf/vga_red[3]_i_12_n_0
    SLICE_X36Y48         LUT5 (Prop_lut5_I1_O)        0.124    18.197 r  pf/vga_red[3]_i_4/O
                         net (fo=12, routed)          0.415    18.613    pf/vga_red[3]_i_4_n_0
    SLICE_X36Y47         LUT5 (Prop_lut5_I2_O)        0.124    18.737 r  pf/vga_blue[2]_i_1/O
                         net (fo=1, routed)           0.000    18.737    vga_display/vga_blue_reg[3]_1[2]
    SLICE_X36Y47         FDRE                                         r  vga_display/vga_blue_reg[2]/D
  -------------------------------------------------------------------    -------------------

                         (clock clk_out2_clk_wiz_0 rise edge)
                                                     40.000    40.000 r  
    W5                                                0.000    40.000 r  clk100 (IN)
                         net (fo=0)                   0.000    40.000    clk_div/inst/clk_in1
    W5                   IBUF (Prop_ibuf_I_O)         1.388    41.388 r  clk_div/inst/clkin1_ibufg/O
                         net (fo=1, routed)           1.162    42.550    clk_div/inst/clk_in1_clk_wiz_0
    MMCME2_ADV_X1Y0      MMCME2_ADV (Prop_mmcme2_adv_CLKIN1_CLKOUT1)
                                                     -7.217    35.332 r  clk_div/inst/mmcm_adv_inst/CLKOUT1
                         net (fo=1, routed)           1.581    36.914    clk_div/inst/clk_out2_clk_wiz_0
    BUFGCTRL_X0Y1        BUFG (Prop_bufg_I_O)         0.091    37.005 r  clk_div/inst/clkout2_buf/O
                         net (fo=140, routed)         1.446    38.451    vga_display/clk_out2
    SLICE_X36Y47         FDRE                                         r  vga_display/vga_blue_reg[2]/C
                         clock pessimism              0.492    38.942    
                         clock uncertainty           -0.106    38.836    
    SLICE_X36Y47         FDRE (Setup_fdre_C_D)        0.031    38.867    vga_display/vga_blue_reg[2]
  -------------------------------------------------------------------
                         required time                         38.867    
                         arrival time                         -18.737    
  -------------------------------------------------------------------
                         slack                                 20.131    





Min Delay Paths
--------------------------------------------------------------------------------------
Slack (MET) :             0.202ns  (arrival time - required time)
  Source:                 vga_display/v_count_reg_reg[3]/C
                            (rising edge-triggered cell FDRE clocked by clk_out2_clk_wiz_0  {rise@0.000ns fall@20.000ns period=40.000ns})
  Destination:            vga_display/v_count_reg_reg[0]/D
                            (rising edge-triggered cell FDRE clocked by clk_out2_clk_wiz_0  {rise@0.000ns fall@20.000ns period=40.000ns})
  Path Group:             clk_out2_clk_wiz_0
  Path Type:              Hold (Min at Fast Process Corner)
  Requirement:            0.000ns  (clk_out2_clk_wiz_0 rise@0.000ns - clk_out2_clk_wiz_0 rise@0.000ns)
  Data Path Delay:        0.336ns  (logic 0.186ns (55.433%)  route 0.150ns (44.567%))
  Logic Levels:           1  (LUT6=1)
  Clock Path Skew:        0.013ns (DCD - SCD - CPR)
    Destination Clock Delay (DCD):    -0.856ns
    Source Clock Delay      (SCD):    -0.617ns
    Clock Pessimism Removal (CPR):    -0.251ns

    Location             Delay type                Incr(ns)  Path(ns)    Netlist Resource(s)
  -------------------------------------------------------------------    -------------------
                         (clock clk_out2_clk_wiz_0 rise edge)
                                                      0.000     0.000 r  
    W5                                                0.000     0.000 r  clk100 (IN)
                         net (fo=0)                   0.000     0.000    clk_div/inst/clk_in1
    W5                   IBUF (Prop_ibuf_I_O)         0.226     0.226 r  clk_div/inst/clkin1_ibufg/O
                         net (fo=1, routed)           0.440     0.667    clk_div/inst/clk_in1_clk_wiz_0
    MMCME2_ADV_X1Y0      MMCME2_ADV (Prop_mmcme2_adv_CLKIN1_CLKOUT1)
                                                     -2.360    -1.693 r  clk_div/inst/mmcm_adv_inst/CLKOUT1
                         net (fo=1, routed)           0.486    -1.207    clk_div/inst/clk_out2_clk_wiz_0
    BUFGCTRL_X0Y1        BUFG (Prop_bufg_I_O)         0.026    -1.181 r  clk_div/inst/clkout2_buf/O
                         net (fo=140, routed)         0.564    -0.617    vga_display/clk_out2
    SLICE_X47Y45         FDRE                                         r  vga_display/v_count_reg_reg[3]/C
  -------------------------------------------------------------------    -------------------
    SLICE_X47Y45         FDRE (Prop_fdre_C_Q)         0.141    -0.476 f  vga_display/v_count_reg_reg[3]/Q
                         net (fo=7, routed)           0.150    -0.327    vga_display/v_count_reg_reg_n_0_[3]
    SLICE_X46Y45         LUT6 (Prop_lut6_I1_O)        0.045    -0.282 r  vga_display/v_count_reg[0]_i_1/O
                         net (fo=1, routed)           0.000    -0.282    vga_display/v_count_reg[0]_i_1_n_0
    SLICE_X46Y45         FDRE                                         r  vga_display/v_count_reg_reg[0]/D
  -------------------------------------------------------------------    -------------------

                         (clock clk_out2_clk_wiz_0 rise edge)
                                                      0.000     0.000 r  
    W5                                                0.000     0.000 r  clk100 (IN)
                         net (fo=0)                   0.000     0.000    clk_div/inst/clk_in1
    W5                   IBUF (Prop_ibuf_I_O)         0.414     0.414 r  clk_div/inst/clkin1_ibufg/O
                         net (fo=1, routed)           0.480     0.894    clk_div/inst/clk_in1_clk_wiz_0
    MMCME2_ADV_X1Y0      MMCME2_ADV (Prop_mmcme2_adv_CLKIN1_CLKOUT1)
                                                     -3.142    -2.248 r  clk_div/inst/mmcm_adv_inst/CLKOUT1
                         net (fo=1, routed)           0.530    -1.718    clk_div/inst/clk_out2_clk_wiz_0
    BUFGCTRL_X0Y1        BUFG (Prop_bufg_I_O)         0.029    -1.689 r  clk_div/inst/clkout2_buf/O
                         net (fo=140, routed)         0.834    -0.856    vga_display/clk_out2
    SLICE_X46Y45         FDRE                                         r  vga_display/v_count_reg_reg[0]/C
                         clock pessimism              0.251    -0.604    
    SLICE_X46Y45         FDRE (Hold_fdre_C_D)         0.121    -0.483    vga_display/v_count_reg_reg[0]
  -------------------------------------------------------------------
                         required time                          0.483    
                         arrival time                          -0.282    
  -------------------------------------------------------------------
                         slack                                  0.202    

Slack (MET) :             0.210ns  (arrival time - required time)
  Source:                 IIC/sccb_sender/SD_COUNTER_reg[3]/C
                            (rising edge-triggered cell FDCE clocked by clk_out2_clk_wiz_0  {rise@0.000ns fall@20.000ns period=40.000ns})
  Destination:            IIC/sccb_sender/SD_COUNTER_reg[5]/D
                            (rising edge-triggered cell FDCE clocked by clk_out2_clk_wiz_0  {rise@0.000ns fall@20.000ns period=40.000ns})
  Path Group:             clk_out2_clk_wiz_0
  Path Type:              Hold (Min at Fast Process Corner)
  Requirement:            0.000ns  (clk_out2_clk_wiz_0 rise@0.000ns - clk_out2_clk_wiz_0 rise@0.000ns)
  Data Path Delay:        0.365ns  (logic 0.186ns (50.951%)  route 0.179ns (49.049%))
  Logic Levels:           1  (LUT6=1)
  Clock Path Skew:        0.035ns (DCD - SCD - CPR)
    Destination Clock Delay (DCD):    -0.743ns
    Source Clock Delay      (SCD):    -0.508ns
    Clock Pessimism Removal (CPR):    -0.270ns

    Location             Delay type                Incr(ns)  Path(ns)    Netlist Resource(s)
  -------------------------------------------------------------------    -------------------
                         (clock clk_out2_clk_wiz_0 rise edge)
                                                      0.000     0.000 r  
    W5                                                0.000     0.000 r  clk100 (IN)
                         net (fo=0)                   0.000     0.000    clk_div/inst/clk_in1
    W5                   IBUF (Prop_ibuf_I_O)         0.226     0.226 r  clk_div/inst/clkin1_ibufg/O
                         net (fo=1, routed)           0.440     0.667    clk_div/inst/clk_in1_clk_wiz_0
    MMCME2_ADV_X1Y0      MMCME2_ADV (Prop_mmcme2_adv_CLKIN1_CLKOUT1)
                                                     -2.360    -1.693 r  clk_div/inst/mmcm_adv_inst/CLKOUT1
                         net (fo=1, routed)           0.486    -1.207    clk_div/inst/clk_out2_clk_wiz_0
    BUFGCTRL_X0Y1        BUFG (Prop_bufg_I_O)         0.026    -1.181 r  clk_div/inst/clkout2_buf/O
                         net (fo=140, routed)         0.673    -0.508    IIC/sccb_sender/clk_out2
    SLICE_X3Y139         FDCE                                         r  IIC/sccb_sender/SD_COUNTER_reg[3]/C
  -------------------------------------------------------------------    -------------------
    SLICE_X3Y139         FDCE (Prop_fdce_C_Q)         0.141    -0.367 r  IIC/sccb_sender/SD_COUNTER_reg[3]/Q
                         net (fo=37, routed)          0.179    -0.188    IIC/sccb_sender/SD_COUNTER_reg[3]
    SLICE_X6Y139         LUT6 (Prop_lut6_I4_O)        0.045    -0.143 r  IIC/sccb_sender/SD_COUNTER[5]_i_2/O
                         net (fo=1, routed)           0.000    -0.143    IIC/sccb_sender/SD_COUNTER[5]_i_2_n_0
    SLICE_X6Y139         FDCE                                         r  IIC/sccb_sender/SD_COUNTER_reg[5]/D
  -------------------------------------------------------------------    -------------------

                         (clock clk_out2_clk_wiz_0 rise edge)
                                                      0.000     0.000 r  
    W5                                                0.000     0.000 r  clk100 (IN)
                         net (fo=0)                   0.000     0.000    clk_div/inst/clk_in1
    W5                   IBUF (Prop_ibuf_I_O)         0.414     0.414 r  clk_div/inst/clkin1_ibufg/O
                         net (fo=1, routed)           0.480     0.894    clk_div/inst/clk_in1_clk_wiz_0
    MMCME2_ADV_X1Y0      MMCME2_ADV (Prop_mmcme2_adv_CLKIN1_CLKOUT1)
                                                     -3.142    -2.248 r  clk_div/inst/mmcm_adv_inst/CLKOUT1
                         net (fo=1, routed)           0.530    -1.718    clk_div/inst/clk_out2_clk_wiz_0
    BUFGCTRL_X0Y1        BUFG (Prop_bufg_I_O)         0.029    -1.689 r  clk_div/inst/clkout2_buf/O
                         net (fo=140, routed)         0.946    -0.743    IIC/sccb_sender/clk_out2
    SLICE_X6Y139         FDCE                                         r  IIC/sccb_sender/SD_COUNTER_reg[5]/C
                         clock pessimism              0.270    -0.473    
    SLICE_X6Y139         FDCE (Hold_fdce_C_D)         0.120    -0.353    IIC/sccb_sender/SD_COUNTER_reg[5]
  -------------------------------------------------------------------
                         required time                          0.353    
                         arrival time                          -0.143    
  -------------------------------------------------------------------
                         slack                                  0.210    

Slack (MET) :             0.225ns  (arrival time - required time)
  Source:                 vga_display/v_count_reg_reg[8]/C
                            (rising edge-triggered cell FDRE clocked by clk_out2_clk_wiz_0  {rise@0.000ns fall@20.000ns period=40.000ns})
  Destination:            vga_display/v_count_reg_reg[9]/D
                            (rising edge-triggered cell FDRE clocked by clk_out2_clk_wiz_0  {rise@0.000ns fall@20.000ns period=40.000ns})
  Path Group:             clk_out2_clk_wiz_0
  Path Type:              Hold (Min at Fast Process Corner)
  Requirement:            0.000ns  (clk_out2_clk_wiz_0 rise@0.000ns - clk_out2_clk_wiz_0 rise@0.000ns)
  Data Path Delay:        0.333ns  (logic 0.186ns (55.914%)  route 0.147ns (44.086%))
  Logic Levels:           1  (LUT6=1)
  Clock Path Skew:        0.016ns (DCD - SCD - CPR)
    Destination Clock Delay (DCD):    -0.854ns
    Source Clock Delay      (SCD):    -0.615ns
    Clock Pessimism Removal (CPR):    -0.254ns

    Location             Delay type                Incr(ns)  Path(ns)    Netlist Resource(s)
  -------------------------------------------------------------------    -------------------
                         (clock clk_out2_clk_wiz_0 rise edge)
                                                      0.000     0.000 r  
    W5                                                0.000     0.000 r  clk100 (IN)
                         net (fo=0)                   0.000     0.000    clk_div/inst/clk_in1
    W5                   IBUF (Prop_ibuf_I_O)         0.226     0.226 r  clk_div/inst/clkin1_ibufg/O
                         net (fo=1, routed)           0.440     0.667    clk_div/inst/clk_in1_clk_wiz_0
    MMCME2_ADV_X1Y0      MMCME2_ADV (Prop_mmcme2_adv_CLKIN1_CLKOUT1)
                                                     -2.360    -1.693 r  clk_div/inst/mmcm_adv_inst/CLKOUT1
                         net (fo=1, routed)           0.486    -1.207    clk_div/inst/clk_out2_clk_wiz_0
    BUFGCTRL_X0Y1        BUFG (Prop_bufg_I_O)         0.026    -1.181 r  clk_div/inst/clkout2_buf/O
                         net (fo=140, routed)         0.566    -0.615    vga_display/clk_out2
    SLICE_X48Y45         FDRE                                         r  vga_display/v_count_reg_reg[8]/C
  -------------------------------------------------------------------    -------------------
    SLICE_X48Y45         FDRE (Prop_fdre_C_Q)         0.141    -0.474 r  vga_display/v_count_reg_reg[8]/Q
                         net (fo=4, routed)           0.147    -0.328    vga_display/v_count_reg_reg_n_0_[8]
    SLICE_X48Y46         LUT6 (Prop_lut6_I3_O)        0.045    -0.283 r  vga_display/v_count_reg[9]_i_2/O
                         net (fo=2, routed)           0.000    -0.283    vga_display/v_count_reg[9]_i_2_n_0
    SLICE_X48Y46         FDRE                                         r  vga_display/v_count_reg_reg[9]/D
  -------------------------------------------------------------------    -------------------

                         (clock clk_out2_clk_wiz_0 rise edge)
                                                      0.000     0.000 r  
    W5                                                0.000     0.000 r  clk100 (IN)
                         net (fo=0)                   0.000     0.000    clk_div/inst/clk_in1
    W5                   IBUF (Prop_ibuf_I_O)         0.414     0.414 r  clk_div/inst/clkin1_ibufg/O
                         net (fo=1, routed)           0.480     0.894    clk_div/inst/clk_in1_clk_wiz_0
    MMCME2_ADV_X1Y0      MMCME2_ADV (Prop_mmcme2_adv_CLKIN1_CLKOUT1)
                                                     -3.142    -2.248 r  clk_div/inst/mmcm_adv_inst/CLKOUT1
                         net (fo=1, routed)           0.530    -1.718    clk_div/inst/clk_out2_clk_wiz_0
    BUFGCTRL_X0Y1        BUFG (Prop_bufg_I_O)         0.029    -1.689 r  clk_div/inst/clkout2_buf/O
                         net (fo=140, routed)         0.836    -0.854    vga_display/clk_out2
    SLICE_X48Y46         FDRE                                         r  vga_display/v_count_reg_reg[9]/C
                         clock pessimism              0.254    -0.599    
    SLICE_X48Y46         FDRE (Hold_fdre_C_D)         0.092    -0.507    vga_display/v_count_reg_reg[9]
  -------------------------------------------------------------------
                         required time                          0.507    
                         arrival time                          -0.283    
  -------------------------------------------------------------------
                         slack                                  0.225    

Slack (MET) :             0.236ns  (arrival time - required time)
  Source:                 IIC/i2c_en_r1_reg/C
                            (rising edge-triggered cell FDCE clocked by clk_out2_clk_wiz_0  {rise@0.000ns fall@20.000ns period=40.000ns})
  Destination:            IIC/sccb_sender/SCLK_reg/D
                            (rising edge-triggered cell FDPE clocked by clk_out2_clk_wiz_0  {rise@0.000ns fall@20.000ns period=40.000ns})
  Path Group:             clk_out2_clk_wiz_0
  Path Type:              Hold (Min at Fast Process Corner)
  Requirement:            0.000ns  (clk_out2_clk_wiz_0 rise@0.000ns - clk_out2_clk_wiz_0 rise@0.000ns)
  Data Path Delay:        0.327ns  (logic 0.227ns (69.318%)  route 0.100ns (30.682%))
  Logic Levels:           1  (LUT6=1)
  Clock Path Skew:        0.000ns (DCD - SCD - CPR)
    Destination Clock Delay (DCD):    -0.743ns
    Source Clock Delay      (SCD):    -0.509ns
    Clock Pessimism Removal (CPR):    -0.234ns

    Location             Delay type                Incr(ns)  Path(ns)    Netlist Resource(s)
  -------------------------------------------------------------------    -------------------
                         (clock clk_out2_clk_wiz_0 rise edge)
                                                      0.000     0.000 r  
    W5                                                0.000     0.000 r  clk100 (IN)
                         net (fo=0)                   0.000     0.000    clk_div/inst/clk_in1
    W5                   IBUF (Prop_ibuf_I_O)         0.226     0.226 r  clk_div/inst/clkin1_ibufg/O
                         net (fo=1, routed)           0.440     0.667    clk_div/inst/clk_in1_clk_wiz_0
    MMCME2_ADV_X1Y0      MMCME2_ADV (Prop_mmcme2_adv_CLKIN1_CLKOUT1)
                                                     -2.360    -1.693 r  clk_div/inst/mmcm_adv_inst/CLKOUT1
                         net (fo=1, routed)           0.486    -1.207    clk_div/inst/clk_out2_clk_wiz_0
    BUFGCTRL_X0Y1        BUFG (Prop_bufg_I_O)         0.026    -1.181 r  clk_div/inst/clkout2_buf/O
                         net (fo=140, routed)         0.672    -0.509    IIC/clk_out2
    SLICE_X5Y139         FDCE                                         r  IIC/i2c_en_r1_reg/C
  -------------------------------------------------------------------    -------------------
    SLICE_X5Y139         FDCE (Prop_fdce_C_Q)         0.128    -0.381 r  IIC/i2c_en_r1_reg/Q
                         net (fo=6, routed)           0.100    -0.280    IIC/sccb_sender/i2c_en_r1
    SLICE_X5Y139         LUT6 (Prop_lut6_I2_O)        0.099    -0.181 r  IIC/sccb_sender/SCLK_i_1/O
                         net (fo=1, routed)           0.000    -0.181    IIC/sccb_sender/SCLK_i_1_n_0
    SLICE_X5Y139         FDPE                                         r  IIC/sccb_sender/SCLK_reg/D
  -------------------------------------------------------------------    -------------------

                         (clock clk_out2_clk_wiz_0 rise edge)
                                                      0.000     0.000 r  
    W5                                                0.000     0.000 r  clk100 (IN)
                         net (fo=0)                   0.000     0.000    clk_div/inst/clk_in1
    W5                   IBUF (Prop_ibuf_I_O)         0.414     0.414 r  clk_div/inst/clkin1_ibufg/O
                         net (fo=1, routed)           0.480     0.894    clk_div/inst/clk_in1_clk_wiz_0
    MMCME2_ADV_X1Y0      MMCME2_ADV (Prop_mmcme2_adv_CLKIN1_CLKOUT1)
                                                     -3.142    -2.248 r  clk_div/inst/mmcm_adv_inst/CLKOUT1
                         net (fo=1, routed)           0.530    -1.718    clk_div/inst/clk_out2_clk_wiz_0
    BUFGCTRL_X0Y1        BUFG (Prop_bufg_I_O)         0.029    -1.689 r  clk_div/inst/clkout2_buf/O
                         net (fo=140, routed)         0.946    -0.743    IIC/sccb_sender/clk_out2
    SLICE_X5Y139         FDPE                                         r  IIC/sccb_sender/SCLK_reg/C
                         clock pessimism              0.234    -0.509    
    SLICE_X5Y139         FDPE (Hold_fdpe_C_D)         0.091    -0.418    IIC/sccb_sender/SCLK_reg
  -------------------------------------------------------------------
                         required time                          0.418    
                         arrival time                          -0.181    
  -------------------------------------------------------------------
                         slack                                  0.236    

Slack (MET) :             0.246ns  (arrival time - required time)
  Source:                 IIC/i2c_en_r0_reg/C
                            (rising edge-triggered cell FDCE clocked by clk_out2_clk_wiz_0  {rise@0.000ns fall@20.000ns period=40.000ns})
  Destination:            IIC/i2c_en_r1_reg/D
                            (rising edge-triggered cell FDCE clocked by clk_out2_clk_wiz_0  {rise@0.000ns fall@20.000ns period=40.000ns})
  Path Group:             clk_out2_clk_wiz_0
  Path Type:              Hold (Min at Fast Process Corner)
  Requirement:            0.000ns  (clk_out2_clk_wiz_0 rise@0.000ns - clk_out2_clk_wiz_0 rise@0.000ns)
  Data Path Delay:        0.338ns  (logic 0.141ns (41.709%)  route 0.197ns (58.291%))
  Logic Levels:           0  
  Clock Path Skew:        0.017ns (DCD - SCD - CPR)
    Destination Clock Delay (DCD):    -0.743ns
    Source Clock Delay      (SCD):    -0.510ns
    Clock Pessimism Removal (CPR):    -0.250ns

    Location             Delay type                Incr(ns)  Path(ns)    Netlist Resource(s)
  -------------------------------------------------------------------    -------------------
                         (clock clk_out2_clk_wiz_0 rise edge)
                                                      0.000     0.000 r  
    W5                                                0.000     0.000 r  clk100 (IN)
                         net (fo=0)                   0.000     0.000    clk_div/inst/clk_in1
    W5                   IBUF (Prop_ibuf_I_O)         0.226     0.226 r  clk_div/inst/clkin1_ibufg/O
                         net (fo=1, routed)           0.440     0.667    clk_div/inst/clk_in1_clk_wiz_0
    MMCME2_ADV_X1Y0      MMCME2_ADV (Prop_mmcme2_adv_CLKIN1_CLKOUT1)
                                                     -2.360    -1.693 r  clk_div/inst/mmcm_adv_inst/CLKOUT1
                         net (fo=1, routed)           0.486    -1.207    clk_div/inst/clk_out2_clk_wiz_0
    BUFGCTRL_X0Y1        BUFG (Prop_bufg_I_O)         0.026    -1.181 r  clk_div/inst/clkout2_buf/O
                         net (fo=140, routed)         0.671    -0.510    IIC/clk_out2
    SLICE_X5Y137         FDCE                                         r  IIC/i2c_en_r0_reg/C
  -------------------------------------------------------------------    -------------------
    SLICE_X5Y137         FDCE (Prop_fdce_C_Q)         0.141    -0.369 r  IIC/i2c_en_r0_reg/Q
                         net (fo=7, routed)           0.197    -0.172    IIC/i2c_en_r0
    SLICE_X5Y139         FDCE                                         r  IIC/i2c_en_r1_reg/D
  -------------------------------------------------------------------    -------------------

                         (clock clk_out2_clk_wiz_0 rise edge)
                                                      0.000     0.000 r  
    W5                                                0.000     0.000 r  clk100 (IN)
                         net (fo=0)                   0.000     0.000    clk_div/inst/clk_in1
    W5                   IBUF (Prop_ibuf_I_O)         0.414     0.414 r  clk_div/inst/clkin1_ibufg/O
                         net (fo=1, routed)           0.480     0.894    clk_div/inst/clk_in1_clk_wiz_0
    MMCME2_ADV_X1Y0      MMCME2_ADV (Prop_mmcme2_adv_CLKIN1_CLKOUT1)
                                                     -3.142    -2.248 r  clk_div/inst/mmcm_adv_inst/CLKOUT1
                         net (fo=1, routed)           0.530    -1.718    clk_div/inst/clk_out2_clk_wiz_0
    BUFGCTRL_X0Y1        BUFG (Prop_bufg_I_O)         0.029    -1.689 r  clk_div/inst/clkout2_buf/O
                         net (fo=140, routed)         0.946    -0.743    IIC/clk_out2
    SLICE_X5Y139         FDCE                                         r  IIC/i2c_en_r1_reg/C
                         clock pessimism              0.250    -0.493    
    SLICE_X5Y139         FDCE (Hold_fdce_C_D)         0.075    -0.418    IIC/i2c_en_r1_reg
  -------------------------------------------------------------------
                         required time                          0.418    
                         arrival time                          -0.172    
  -------------------------------------------------------------------
                         slack                                  0.246    

Slack (MET) :             0.254ns  (arrival time - required time)
  Source:                 vga_display/h_count_reg_reg[2]/C
                            (rising edge-triggered cell FDRE clocked by clk_out2_clk_wiz_0  {rise@0.000ns fall@20.000ns period=40.000ns})
  Destination:            vga_display/h_count_reg_reg[4]/D
                            (rising edge-triggered cell FDRE clocked by clk_out2_clk_wiz_0  {rise@0.000ns fall@20.000ns period=40.000ns})
  Path Group:             clk_out2_clk_wiz_0
  Path Type:              Hold (Min at Fast Process Corner)
  Requirement:            0.000ns  (clk_out2_clk_wiz_0 rise@0.000ns - clk_out2_clk_wiz_0 rise@0.000ns)
  Data Path Delay:        0.409ns  (logic 0.186ns (45.478%)  route 0.223ns (54.522%))
  Logic Levels:           1  (LUT5=1)
  Clock Path Skew:        0.035ns (DCD - SCD - CPR)
    Destination Clock Delay (DCD):    -0.857ns
    Source Clock Delay      (SCD):    -0.617ns
    Clock Pessimism Removal (CPR):    -0.274ns

    Location             Delay type                Incr(ns)  Path(ns)    Netlist Resource(s)
  -------------------------------------------------------------------    -------------------
                         (clock clk_out2_clk_wiz_0 rise edge)
                                                      0.000     0.000 r  
    W5                                                0.000     0.000 r  clk100 (IN)
                         net (fo=0)                   0.000     0.000    clk_div/inst/clk_in1
    W5                   IBUF (Prop_ibuf_I_O)         0.226     0.226 r  clk_div/inst/clkin1_ibufg/O
                         net (fo=1, routed)           0.440     0.667    clk_div/inst/clk_in1_clk_wiz_0
    MMCME2_ADV_X1Y0      MMCME2_ADV (Prop_mmcme2_adv_CLKIN1_CLKOUT1)
                                                     -2.360    -1.693 r  clk_div/inst/mmcm_adv_inst/CLKOUT1
                         net (fo=1, routed)           0.486    -1.207    clk_div/inst/clk_out2_clk_wiz_0
    BUFGCTRL_X0Y1        BUFG (Prop_bufg_I_O)         0.026    -1.181 r  clk_div/inst/clkout2_buf/O
                         net (fo=140, routed)         0.564    -0.617    vga_display/clk_out2
    SLICE_X44Y45         FDRE                                         r  vga_display/h_count_reg_reg[2]/C
  -------------------------------------------------------------------    -------------------
    SLICE_X44Y45         FDRE (Prop_fdre_C_Q)         0.141    -0.476 r  vga_display/h_count_reg_reg[2]/Q
                         net (fo=5, routed)           0.223    -0.253    vga_display/h_count_reg_reg_n_0_[2]
    SLICE_X42Y45         LUT5 (Prop_lut5_I3_O)        0.045    -0.208 r  vga_display/h_count_reg[4]_i_1/O
                         net (fo=2, routed)           0.000    -0.208    vga_display/h_count_reg[4]_i_1_n_0
    SLICE_X42Y45         FDRE                                         r  vga_display/h_count_reg_reg[4]/D
  -------------------------------------------------------------------    -------------------

                         (clock clk_out2_clk_wiz_0 rise edge)
                                                      0.000     0.000 r  
    W5                                                0.000     0.000 r  clk100 (IN)
                         net (fo=0)                   0.000     0.000    clk_div/inst/clk_in1
    W5                   IBUF (Prop_ibuf_I_O)         0.414     0.414 r  clk_div/inst/clkin1_ibufg/O
                         net (fo=1, routed)           0.480     0.894    clk_div/inst/clk_in1_clk_wiz_0
    MMCME2_ADV_X1Y0      MMCME2_ADV (Prop_mmcme2_adv_CLKIN1_CLKOUT1)
                                                     -3.142    -2.248 r  clk_div/inst/mmcm_adv_inst/CLKOUT1
                         net (fo=1, routed)           0.530    -1.718    clk_div/inst/clk_out2_clk_wiz_0
    BUFGCTRL_X0Y1        BUFG (Prop_bufg_I_O)         0.029    -1.689 r  clk_div/inst/clkout2_buf/O
                         net (fo=140, routed)         0.833    -0.857    vga_display/clk_out2
    SLICE_X42Y45         FDRE                                         r  vga_display/h_count_reg_reg[4]/C
                         clock pessimism              0.274    -0.582    
    SLICE_X42Y45         FDRE (Hold_fdre_C_D)         0.120    -0.462    vga_display/h_count_reg_reg[4]
  -------------------------------------------------------------------
                         required time                          0.462    
                         arrival time                          -0.208    
  -------------------------------------------------------------------
                         slack                                  0.254    

Slack (MET) :             0.255ns  (arrival time - required time)
  Source:                 u_frame_buffer/U0/inst_blk_mem_gen/gnbram.gnativebmg.native_blk_mem_gen/valid.cstr/has_mux_b.B/no_softecc_sel_reg.ce_pri.sel_pipe_reg[1]/C
                            (rising edge-triggered cell FDRE clocked by clk_out2_clk_wiz_0  {rise@0.000ns fall@20.000ns period=40.000ns})
  Destination:            u_frame_buffer/U0/inst_blk_mem_gen/gnbram.gnativebmg.native_blk_mem_gen/valid.cstr/has_mux_b.B/no_softecc_norm_sel2.has_mem_regs.WITHOUT_ECC_PIPE.ce_pri.sel_pipe_d1_reg[1]/D
                            (rising edge-triggered cell FDRE clocked by clk_out2_clk_wiz_0  {rise@0.000ns fall@20.000ns period=40.000ns})
  Path Group:             clk_out2_clk_wiz_0
  Path Type:              Hold (Min at Fast Process Corner)
  Requirement:            0.000ns  (clk_out2_clk_wiz_0 rise@0.000ns - clk_out2_clk_wiz_0 rise@0.000ns)
  Data Path Delay:        0.325ns  (logic 0.141ns (43.369%)  route 0.184ns (56.631%))
  Logic Levels:           0  
  Clock Path Skew:        0.000ns (DCD - SCD - CPR)
    Destination Clock Delay (DCD):    -0.859ns
    Source Clock Delay      (SCD):    -0.619ns
    Clock Pessimism Removal (CPR):    -0.240ns

    Location             Delay type                Incr(ns)  Path(ns)    Netlist Resource(s)
  -------------------------------------------------------------------    -------------------
                         (clock clk_out2_clk_wiz_0 rise edge)
                                                      0.000     0.000 r  
    W5                                                0.000     0.000 r  clk100 (IN)
                         net (fo=0)                   0.000     0.000    clk_div/inst/clk_in1
    W5                   IBUF (Prop_ibuf_I_O)         0.226     0.226 r  clk_div/inst/clkin1_ibufg/O
                         net (fo=1, routed)           0.440     0.667    clk_div/inst/clk_in1_clk_wiz_0
    MMCME2_ADV_X1Y0      MMCME2_ADV (Prop_mmcme2_adv_CLKIN1_CLKOUT1)
                                                     -2.360    -1.693 r  clk_div/inst/mmcm_adv_inst/CLKOUT1
                         net (fo=1, routed)           0.486    -1.207    clk_div/inst/clk_out2_clk_wiz_0
    BUFGCTRL_X0Y1        BUFG (Prop_bufg_I_O)         0.026    -1.181 r  clk_div/inst/clkout2_buf/O
                         net (fo=140, routed)         0.562    -0.619    u_frame_buffer/U0/inst_blk_mem_gen/gnbram.gnativebmg.native_blk_mem_gen/valid.cstr/has_mux_b.B/clkb
    SLICE_X36Y51         FDRE                                         r  u_frame_buffer/U0/inst_blk_mem_gen/gnbram.gnativebmg.native_blk_mem_gen/valid.cstr/has_mux_b.B/no_softecc_sel_reg.ce_pri.sel_pipe_reg[1]/C
  -------------------------------------------------------------------    -------------------
    SLICE_X36Y51         FDRE (Prop_fdre_C_Q)         0.141    -0.478 r  u_frame_buffer/U0/inst_blk_mem_gen/gnbram.gnativebmg.native_blk_mem_gen/valid.cstr/has_mux_b.B/no_softecc_sel_reg.ce_pri.sel_pipe_reg[1]/Q
                         net (fo=1, routed)           0.184    -0.294    u_frame_buffer/U0/inst_blk_mem_gen/gnbram.gnativebmg.native_blk_mem_gen/valid.cstr/has_mux_b.B/sel_pipe[1]
    SLICE_X36Y51         FDRE                                         r  u_frame_buffer/U0/inst_blk_mem_gen/gnbram.gnativebmg.native_blk_mem_gen/valid.cstr/has_mux_b.B/no_softecc_norm_sel2.has_mem_regs.WITHOUT_ECC_PIPE.ce_pri.sel_pipe_d1_reg[1]/D
  -------------------------------------------------------------------    -------------------

                         (clock clk_out2_clk_wiz_0 rise edge)
                                                      0.000     0.000 r  
    W5                                                0.000     0.000 r  clk100 (IN)
                         net (fo=0)                   0.000     0.000    clk_div/inst/clk_in1
    W5                   IBUF (Prop_ibuf_I_O)         0.414     0.414 r  clk_div/inst/clkin1_ibufg/O
                         net (fo=1, routed)           0.480     0.894    clk_div/inst/clk_in1_clk_wiz_0
    MMCME2_ADV_X1Y0      MMCME2_ADV (Prop_mmcme2_adv_CLKIN1_CLKOUT1)
                                                     -3.142    -2.248 r  clk_div/inst/mmcm_adv_inst/CLKOUT1
                         net (fo=1, routed)           0.530    -1.718    clk_div/inst/clk_out2_clk_wiz_0
    BUFGCTRL_X0Y1        BUFG (Prop_bufg_I_O)         0.029    -1.689 r  clk_div/inst/clkout2_buf/O
                         net (fo=140, routed)         0.830    -0.859    u_frame_buffer/U0/inst_blk_mem_gen/gnbram.gnativebmg.native_blk_mem_gen/valid.cstr/has_mux_b.B/clkb
    SLICE_X36Y51         FDRE                                         r  u_frame_buffer/U0/inst_blk_mem_gen/gnbram.gnativebmg.native_blk_mem_gen/valid.cstr/has_mux_b.B/no_softecc_norm_sel2.has_mem_regs.WITHOUT_ECC_PIPE.ce_pri.sel_pipe_d1_reg[1]/C
                         clock pessimism              0.240    -0.619    
    SLICE_X36Y51         FDRE (Hold_fdre_C_D)         0.070    -0.549    u_frame_buffer/U0/inst_blk_mem_gen/gnbram.gnativebmg.native_blk_mem_gen/valid.cstr/has_mux_b.B/no_softecc_norm_sel2.has_mem_regs.WITHOUT_ECC_PIPE.ce_pri.sel_pipe_d1_reg[1]
  -------------------------------------------------------------------
                         required time                          0.549    
                         arrival time                          -0.294    
  -------------------------------------------------------------------
                         slack                                  0.255    

Slack (MET) :             0.263ns  (arrival time - required time)
  Source:                 IIC/sccb_sender/ACKW2_reg/C
                            (rising edge-triggered cell FDPE clocked by clk_out2_clk_wiz_0  {rise@0.000ns fall@20.000ns period=40.000ns})
  Destination:            IIC/sccb_sender/ACKW2_reg/D
                            (rising edge-triggered cell FDPE clocked by clk_out2_clk_wiz_0  {rise@0.000ns fall@20.000ns period=40.000ns})
  Path Group:             clk_out2_clk_wiz_0
  Path Type:              Hold (Min at Fast Process Corner)
  Requirement:            0.000ns  (clk_out2_clk_wiz_0 rise@0.000ns - clk_out2_clk_wiz_0 rise@0.000ns)
  Data Path Delay:        0.383ns  (logic 0.209ns (54.540%)  route 0.174ns (45.460%))
  Logic Levels:           1  (LUT6=1)
  Clock Path Skew:        0.000ns (DCD - SCD - CPR)
    Destination Clock Delay (DCD):    -0.741ns
    Source Clock Delay      (SCD):    -0.508ns
    Clock Pessimism Removal (CPR):    -0.233ns

    Location             Delay type                Incr(ns)  Path(ns)    Netlist Resource(s)
  -------------------------------------------------------------------    -------------------
                         (clock clk_out2_clk_wiz_0 rise edge)
                                                      0.000     0.000 r  
    W5                                                0.000     0.000 r  clk100 (IN)
                         net (fo=0)                   0.000     0.000    clk_div/inst/clk_in1
    W5                   IBUF (Prop_ibuf_I_O)         0.226     0.226 r  clk_div/inst/clkin1_ibufg/O
                         net (fo=1, routed)           0.440     0.667    clk_div/inst/clk_in1_clk_wiz_0
    MMCME2_ADV_X1Y0      MMCME2_ADV (Prop_mmcme2_adv_CLKIN1_CLKOUT1)
                                                     -2.360    -1.693 r  clk_div/inst/mmcm_adv_inst/CLKOUT1
                         net (fo=1, routed)           0.486    -1.207    clk_div/inst/clk_out2_clk_wiz_0
    BUFGCTRL_X0Y1        BUFG (Prop_bufg_I_O)         0.026    -1.181 r  clk_div/inst/clkout2_buf/O
                         net (fo=140, routed)         0.673    -0.508    IIC/sccb_sender/clk_out2
    SLICE_X2Y138         FDPE                                         r  IIC/sccb_sender/ACKW2_reg/C
  -------------------------------------------------------------------    -------------------
    SLICE_X2Y138         FDPE (Prop_fdpe_C_Q)         0.164    -0.344 r  IIC/sccb_sender/ACKW2_reg/Q
                         net (fo=2, routed)           0.174    -0.170    IIC/sccb_sender/ACKW2_reg_n_0
    SLICE_X2Y138         LUT6 (Prop_lut6_I5_O)        0.045    -0.125 r  IIC/sccb_sender/ACKW2_i_1/O
                         net (fo=1, routed)           0.000    -0.125    IIC/sccb_sender/ACKW2_i_1_n_0
    SLICE_X2Y138         FDPE                                         r  IIC/sccb_sender/ACKW2_reg/D
  -------------------------------------------------------------------    -------------------

                         (clock clk_out2_clk_wiz_0 rise edge)
                                                      0.000     0.000 r  
    W5                                                0.000     0.000 r  clk100 (IN)
                         net (fo=0)                   0.000     0.000    clk_div/inst/clk_in1
    W5                   IBUF (Prop_ibuf_I_O)         0.414     0.414 r  clk_div/inst/clkin1_ibufg/O
                         net (fo=1, routed)           0.480     0.894    clk_div/inst/clk_in1_clk_wiz_0
    MMCME2_ADV_X1Y0      MMCME2_ADV (Prop_mmcme2_adv_CLKIN1_CLKOUT1)
                                                     -3.142    -2.248 r  clk_div/inst/mmcm_adv_inst/CLKOUT1
                         net (fo=1, routed)           0.530    -1.718    clk_div/inst/clk_out2_clk_wiz_0
    BUFGCTRL_X0Y1        BUFG (Prop_bufg_I_O)         0.029    -1.689 r  clk_div/inst/clkout2_buf/O
                         net (fo=140, routed)         0.948    -0.741    IIC/sccb_sender/clk_out2
    SLICE_X2Y138         FDPE                                         r  IIC/sccb_sender/ACKW2_reg/C
                         clock pessimism              0.233    -0.508    
    SLICE_X2Y138         FDPE (Hold_fdpe_C_D)         0.120    -0.388    IIC/sccb_sender/ACKW2_reg
  -------------------------------------------------------------------
                         required time                          0.388    
                         arrival time                          -0.125    
  -------------------------------------------------------------------
                         slack                                  0.263    

Slack (MET) :             0.263ns  (arrival time - required time)
  Source:                 IIC/sccb_sender/ACKR3_reg/C
                            (rising edge-triggered cell FDPE clocked by clk_out2_clk_wiz_0  {rise@0.000ns fall@20.000ns period=40.000ns})
  Destination:            IIC/sccb_sender/ACKR3_reg/D
                            (rising edge-triggered cell FDPE clocked by clk_out2_clk_wiz_0  {rise@0.000ns fall@20.000ns period=40.000ns})
  Path Group:             clk_out2_clk_wiz_0
  Path Type:              Hold (Min at Fast Process Corner)
  Requirement:            0.000ns  (clk_out2_clk_wiz_0 rise@0.000ns - clk_out2_clk_wiz_0 rise@0.000ns)
  Data Path Delay:        0.354ns  (logic 0.186ns (52.507%)  route 0.168ns (47.493%))
  Logic Levels:           1  (LUT6=1)
  Clock Path Skew:        0.000ns (DCD - SCD - CPR)
    Destination Clock Delay (DCD):    -0.743ns
    Source Clock Delay      (SCD):    -0.509ns
    Clock Pessimism Removal (CPR):    -0.234ns

    Location             Delay type                Incr(ns)  Path(ns)    Netlist Resource(s)
  -------------------------------------------------------------------    -------------------
                         (clock clk_out2_clk_wiz_0 rise edge)
                                                      0.000     0.000 r  
    W5                                                0.000     0.000 r  clk100 (IN)
                         net (fo=0)                   0.000     0.000    clk_div/inst/clk_in1
    W5                   IBUF (Prop_ibuf_I_O)         0.226     0.226 r  clk_div/inst/clkin1_ibufg/O
                         net (fo=1, routed)           0.440     0.667    clk_div/inst/clk_in1_clk_wiz_0
    MMCME2_ADV_X1Y0      MMCME2_ADV (Prop_mmcme2_adv_CLKIN1_CLKOUT1)
                                                     -2.360    -1.693 r  clk_div/inst/mmcm_adv_inst/CLKOUT1
                         net (fo=1, routed)           0.486    -1.207    clk_div/inst/clk_out2_clk_wiz_0
    BUFGCTRL_X0Y1        BUFG (Prop_bufg_I_O)         0.026    -1.181 r  clk_div/inst/clkout2_buf/O
                         net (fo=140, routed)         0.672    -0.509    IIC/sccb_sender/clk_out2
    SLICE_X3Y137         FDPE                                         r  IIC/sccb_sender/ACKR3_reg/C
  -------------------------------------------------------------------    -------------------
    SLICE_X3Y137         FDPE (Prop_fdpe_C_Q)         0.141    -0.368 r  IIC/sccb_sender/ACKR3_reg/Q
                         net (fo=2, routed)           0.168    -0.200    IIC/sccb_sender/ACKR3_reg_n_0
    SLICE_X3Y137         LUT6 (Prop_lut6_I5_O)        0.045    -0.155 r  IIC/sccb_sender/ACKR3_i_1/O
                         net (fo=1, routed)           0.000    -0.155    IIC/sccb_sender/ACKR3_i_1_n_0
    SLICE_X3Y137         FDPE                                         r  IIC/sccb_sender/ACKR3_reg/D
  -------------------------------------------------------------------    -------------------

                         (clock clk_out2_clk_wiz_0 rise edge)
                                                      0.000     0.000 r  
    W5                                                0.000     0.000 r  clk100 (IN)
                         net (fo=0)                   0.000     0.000    clk_div/inst/clk_in1
    W5                   IBUF (Prop_ibuf_I_O)         0.414     0.414 r  clk_div/inst/clkin1_ibufg/O
                         net (fo=1, routed)           0.480     0.894    clk_div/inst/clk_in1_clk_wiz_0
    MMCME2_ADV_X1Y0      MMCME2_ADV (Prop_mmcme2_adv_CLKIN1_CLKOUT1)
                                                     -3.142    -2.248 r  clk_div/inst/mmcm_adv_inst/CLKOUT1
                         net (fo=1, routed)           0.530    -1.718    clk_div/inst/clk_out2_clk_wiz_0
    BUFGCTRL_X0Y1        BUFG (Prop_bufg_I_O)         0.029    -1.689 r  clk_div/inst/clkout2_buf/O
                         net (fo=140, routed)         0.946    -0.743    IIC/sccb_sender/clk_out2
    SLICE_X3Y137         FDPE                                         r  IIC/sccb_sender/ACKR3_reg/C
                         clock pessimism              0.234    -0.509    
    SLICE_X3Y137         FDPE (Hold_fdpe_C_D)         0.091    -0.418    IIC/sccb_sender/ACKR3_reg
  -------------------------------------------------------------------
                         required time                          0.418    
                         arrival time                          -0.155    
  -------------------------------------------------------------------
                         slack                                  0.263    

Slack (MET) :             0.263ns  (arrival time - required time)
  Source:                 IIC/sccb_sender/I2C_BIT_reg/C
                            (rising edge-triggered cell FDPE clocked by clk_out2_clk_wiz_0  {rise@0.000ns fall@20.000ns period=40.000ns})
  Destination:            IIC/sccb_sender/I2C_BIT_reg/D
                            (rising edge-triggered cell FDPE clocked by clk_out2_clk_wiz_0  {rise@0.000ns fall@20.000ns period=40.000ns})
  Path Group:             clk_out2_clk_wiz_0
  Path Type:              Hold (Min at Fast Process Corner)
  Requirement:            0.000ns  (clk_out2_clk_wiz_0 rise@0.000ns - clk_out2_clk_wiz_0 rise@0.000ns)
  Data Path Delay:        0.354ns  (logic 0.186ns (52.507%)  route 0.168ns (47.493%))
  Logic Levels:           1  (LUT3=1)
  Clock Path Skew:        0.000ns (DCD - SCD - CPR)
    Destination Clock Delay (DCD):    -0.741ns
    Source Clock Delay      (SCD):    -0.508ns
    Clock Pessimism Removal (CPR):    -0.233ns

    Location             Delay type                Incr(ns)  Path(ns)    Netlist Resource(s)
  -------------------------------------------------------------------    -------------------
                         (clock clk_out2_clk_wiz_0 rise edge)
                                                      0.000     0.000 r  
    W5                                                0.000     0.000 r  clk100 (IN)
                         net (fo=0)                   0.000     0.000    clk_div/inst/clk_in1
    W5                   IBUF (Prop_ibuf_I_O)         0.226     0.226 r  clk_div/inst/clkin1_ibufg/O
                         net (fo=1, routed)           0.440     0.667    clk_div/inst/clk_in1_clk_wiz_0
    MMCME2_ADV_X1Y0      MMCME2_ADV (Prop_mmcme2_adv_CLKIN1_CLKOUT1)
                                                     -2.360    -1.693 r  clk_div/inst/mmcm_adv_inst/CLKOUT1
                         net (fo=1, routed)           0.486    -1.207    clk_div/inst/clk_out2_clk_wiz_0
    BUFGCTRL_X0Y1        BUFG (Prop_bufg_I_O)         0.026    -1.181 r  clk_div/inst/clkout2_buf/O
                         net (fo=140, routed)         0.673    -0.508    IIC/sccb_sender/clk_out2
    SLICE_X1Y138         FDPE                                         r  IIC/sccb_sender/I2C_BIT_reg/C
  -------------------------------------------------------------------    -------------------
    SLICE_X1Y138         FDPE (Prop_fdpe_C_Q)         0.141    -0.367 r  IIC/sccb_sender/I2C_BIT_reg/Q
                         net (fo=2, routed)           0.168    -0.199    IIC/sccb_sender/OV7670_SIOD_OBUF
    SLICE_X1Y138         LUT3 (Prop_lut3_I2_O)        0.045    -0.154 r  IIC/sccb_sender/I2C_BIT_i_1/O
                         net (fo=1, routed)           0.000    -0.154    IIC/sccb_sender/I2C_BIT_i_1_n_0
    SLICE_X1Y138         FDPE                                         r  IIC/sccb_sender/I2C_BIT_reg/D
  -------------------------------------------------------------------    -------------------

                         (clock clk_out2_clk_wiz_0 rise edge)
                                                      0.000     0.000 r  
    W5                                                0.000     0.000 r  clk100 (IN)
                         net (fo=0)                   0.000     0.000    clk_div/inst/clk_in1
    W5                   IBUF (Prop_ibuf_I_O)         0.414     0.414 r  clk_div/inst/clkin1_ibufg/O
                         net (fo=1, routed)           0.480     0.894    clk_div/inst/clk_in1_clk_wiz_0
    MMCME2_ADV_X1Y0      MMCME2_ADV (Prop_mmcme2_adv_CLKIN1_CLKOUT1)
                                                     -3.142    -2.248 r  clk_div/inst/mmcm_adv_inst/CLKOUT1
                         net (fo=1, routed)           0.530    -1.718    clk_div/inst/clk_out2_clk_wiz_0
    BUFGCTRL_X0Y1        BUFG (Prop_bufg_I_O)         0.029    -1.689 r  clk_div/inst/clkout2_buf/O
                         net (fo=140, routed)         0.948    -0.741    IIC/sccb_sender/clk_out2
    SLICE_X1Y138         FDPE                                         r  IIC/sccb_sender/I2C_BIT_reg/C
                         clock pessimism              0.233    -0.508    
    SLICE_X1Y138         FDPE (Hold_fdpe_C_D)         0.091    -0.417    IIC/sccb_sender/I2C_BIT_reg
  -------------------------------------------------------------------
                         required time                          0.417    
                         arrival time                          -0.154    
  -------------------------------------------------------------------
                         slack                                  0.263    





Pulse Width Checks
--------------------------------------------------------------------------------------
Clock Name:         clk_out2_clk_wiz_0
Waveform(ns):       { 0.000 20.000 }
Period(ns):         40.000
Sources:            { clk_div/inst/mmcm_adv_inst/CLKOUT1 }

Check Type        Corner  Lib Pin             Reference Pin  Required(ns)  Actual(ns)  Slack(ns)  Location         Pin
Min Period        n/a     RAMB36E1/CLKBWRCLK  n/a            2.892         40.000      37.108     RAMB36_X2Y7      u_frame_buffer/U0/inst_blk_mem_gen/gnbram.gnativebmg.native_blk_mem_gen/valid.cstr/ramloop[0].ram.r/prim_noinit.ram/DEVICE_7SERIES.NO_BMM_INFO.SDP.CASCADED_PRIM36.ram_B/CLKBWRCLK
Min Period        n/a     RAMB36E1/CLKBWRCLK  n/a            2.892         40.000      37.108     RAMB36_X2Y8      u_frame_buffer/U0/inst_blk_mem_gen/gnbram.gnativebmg.native_blk_mem_gen/valid.cstr/ramloop[0].ram.r/prim_noinit.ram/DEVICE_7SERIES.NO_BMM_INFO.SDP.CASCADED_PRIM36.ram_T/CLKBWRCLK
Min Period        n/a     RAMB36E1/CLKBWRCLK  n/a            2.892         40.000      37.108     RAMB36_X1Y4      u_frame_buffer/U0/inst_blk_mem_gen/gnbram.gnativebmg.native_blk_mem_gen/valid.cstr/ramloop[2].ram.r/prim_noinit.ram/DEVICE_7SERIES.NO_BMM_INFO.SDP.CASCADED_PRIM36.ram_B/CLKBWRCLK
Min Period        n/a     RAMB36E1/CLKBWRCLK  n/a            2.892         40.000      37.108     RAMB36_X1Y5      u_frame_buffer/U0/inst_blk_mem_gen/gnbram.gnativebmg.native_blk_mem_gen/valid.cstr/ramloop[2].ram.r/prim_noinit.ram/DEVICE_7SERIES.NO_BMM_INFO.SDP.CASCADED_PRIM36.ram_T/CLKBWRCLK
Min Period        n/a     RAMB36E1/CLKBWRCLK  n/a            2.892         40.000      37.108     RAMB36_X2Y5      u_frame_buffer/U0/inst_blk_mem_gen/gnbram.gnativebmg.native_blk_mem_gen/valid.cstr/ramloop[4].ram.r/prim_noinit.ram/DEVICE_7SERIES.NO_BMM_INFO.SDP.CASCADED_PRIM36.ram_B/CLKBWRCLK
Min Period        n/a     RAMB36E1/CLKBWRCLK  n/a            2.892         40.000      37.108     RAMB36_X2Y6      u_frame_buffer/U0/inst_blk_mem_gen/gnbram.gnativebmg.native_blk_mem_gen/valid.cstr/ramloop[4].ram.r/prim_noinit.ram/DEVICE_7SERIES.NO_BMM_INFO.SDP.CASCADED_PRIM36.ram_T/CLKBWRCLK
Min Period        n/a     RAMB36E1/CLKBWRCLK  n/a            2.576         40.000      37.424     RAMB36_X1Y9      u_frame_buffer/U0/inst_blk_mem_gen/gnbram.gnativebmg.native_blk_mem_gen/valid.cstr/ramloop[10].ram.r/prim_noinit.ram/DEVICE_7SERIES.NO_BMM_INFO.SDP.SIMPLE_PRIM36.ram/CLKBWRCLK
Min Period        n/a     RAMB36E1/CLKBWRCLK  n/a            2.576         40.000      37.424     RAMB36_X1Y7      u_frame_buffer/U0/inst_blk_mem_gen/gnbram.gnativebmg.native_blk_mem_gen/valid.cstr/ramloop[11].ram.r/prim_noinit.ram/DEVICE_7SERIES.NO_BMM_INFO.SDP.SIMPLE_PRIM36.ram/CLKBWRCLK
Min Period        n/a     RAMB36E1/CLKBWRCLK  n/a            2.576         40.000      37.424     RAMB36_X0Y6      u_frame_buffer/U0/inst_blk_mem_gen/gnbram.gnativebmg.native_blk_mem_gen/valid.cstr/ramloop[12].ram.r/prim_noinit.ram/DEVICE_7SERIES.NO_BMM_INFO.SDP.SIMPLE_PRIM36.ram/CLKBWRCLK
Min Period        n/a     RAMB36E1/CLKBWRCLK  n/a            2.576         40.000      37.424     RAMB36_X1Y13     u_frame_buffer/U0/inst_blk_mem_gen/gnbram.gnativebmg.native_blk_mem_gen/valid.cstr/ramloop[13].ram.r/prim_noinit.ram/DEVICE_7SERIES.NO_BMM_INFO.SDP.SIMPLE_PRIM36.ram/CLKBWRCLK
Max Period        n/a     MMCME2_ADV/CLKOUT1  n/a            213.360       40.000      173.360    MMCME2_ADV_X1Y0  clk_div/inst/mmcm_adv_inst/CLKOUT1
Low Pulse Width   Slow    SRL16E/CLK          n/a            0.980         20.000      19.020     SLICE_X38Y43     vga_display/hsync_d1_reg_srl2/CLK
Low Pulse Width   Fast    SRL16E/CLK          n/a            0.980         20.000      19.020     SLICE_X38Y43     vga_display/hsync_d1_reg_srl2/CLK
Low Pulse Width   Slow    SRL16E/CLK          n/a            0.980         20.000      19.020     SLICE_X42Y39     vga_display/vsync_d1_reg_srl2/CLK
Low Pulse Width   Fast    SRL16E/CLK          n/a            0.980         20.000      19.020     SLICE_X42Y39     vga_display/vsync_d1_reg_srl2/CLK
Low Pulse Width   Slow    FDCE/C              n/a            0.500         20.000      19.500     SLICE_X2Y137     IIC/Config_Done_reg/C
Low Pulse Width   Fast    FDCE/C              n/a            0.500         20.000      19.500     SLICE_X2Y137     IIC/Config_Done_reg/C
Low Pulse Width   Slow    FDPE/C              n/a            0.500         20.000      19.500     SLICE_X4Y139     IIC/FSM_onehot_mSetup_ST_reg[0]/C
Low Pulse Width   Fast    FDPE/C              n/a            0.500         20.000      19.500     SLICE_X4Y139     IIC/FSM_onehot_mSetup_ST_reg[0]/C
Low Pulse Width   Slow    FDCE/C              n/a            0.500         20.000      19.500     SLICE_X4Y139     IIC/FSM_onehot_mSetup_ST_reg[1]/C
Low Pulse Width   Fast    FDCE/C              n/a            0.500         20.000      19.500     SLICE_X4Y139     IIC/FSM_onehot_mSetup_ST_reg[1]/C
High Pulse Width  Slow    SRL16E/CLK          n/a            0.980         20.000      19.020     SLICE_X38Y43     vga_display/hsync_d1_reg_srl2/CLK
High Pulse Width  Fast    SRL16E/CLK          n/a            0.980         20.000      19.020     SLICE_X38Y43     vga_display/hsync_d1_reg_srl2/CLK
High Pulse Width  Slow    SRL16E/CLK          n/a            0.980         20.000      19.020     SLICE_X42Y39     vga_display/vsync_d1_reg_srl2/CLK
High Pulse Width  Fast    SRL16E/CLK          n/a            0.980         20.000      19.020     SLICE_X42Y39     vga_display/vsync_d1_reg_srl2/CLK
High Pulse Width  Slow    FDCE/C              n/a            0.500         20.000      19.500     SLICE_X2Y137     IIC/Config_Done_reg/C
High Pulse Width  Fast    FDCE/C              n/a            0.500         20.000      19.500     SLICE_X2Y137     IIC/Config_Done_reg/C
High Pulse Width  Slow    FDPE/C              n/a            0.500         20.000      19.500     SLICE_X4Y139     IIC/FSM_onehot_mSetup_ST_reg[0]/C
High Pulse Width  Fast    FDPE/C              n/a            0.500         20.000      19.500     SLICE_X4Y139     IIC/FSM_onehot_mSetup_ST_reg[0]/C
High Pulse Width  Slow    FDCE/C              n/a            0.500         20.000      19.500     SLICE_X4Y139     IIC/FSM_onehot_mSetup_ST_reg[1]/C
High Pulse Width  Fast    FDCE/C              n/a            0.500         20.000      19.500     SLICE_X4Y139     IIC/FSM_onehot_mSetup_ST_reg[1]/C



---------------------------------------------------------------------------------------------------
From Clock:  clk_out4_clk_wiz_0
  To Clock:  clk_out4_clk_wiz_0

Setup :           NA  Failing Endpoints,  Worst Slack           NA  ,  Total Violation           NA
Hold  :           NA  Failing Endpoints,  Worst Slack           NA  ,  Total Violation           NA
PW    :            0  Failing Endpoints,  Worst Slack       39.511ns,  Total Violation        0.000ns
---------------------------------------------------------------------------------------------------


Pulse Width Checks
--------------------------------------------------------------------------------------
Clock Name:         clk_out4_clk_wiz_0
Waveform(ns):       { 0.000 20.833 }
Period(ns):         41.667
Sources:            { clk_div/inst/mmcm_adv_inst/CLKOUT3 }

Check Type  Corner  Lib Pin             Reference Pin  Required(ns)  Actual(ns)  Slack(ns)  Location         Pin
Min Period  n/a     BUFG/I              n/a            2.155         41.667      39.511     BUFGCTRL_X0Y0    clk_div/inst/clkout4_buf/I
Min Period  n/a     MMCME2_ADV/CLKOUT3  n/a            1.249         41.667      40.418     MMCME2_ADV_X1Y0  clk_div/inst/mmcm_adv_inst/CLKOUT3
Max Period  n/a     MMCME2_ADV/CLKOUT3  n/a            213.360       41.667      171.693    MMCME2_ADV_X1Y0  clk_div/inst/mmcm_adv_inst/CLKOUT3



---------------------------------------------------------------------------------------------------
From Clock:  clkfbout_clk_wiz_0
  To Clock:  clkfbout_clk_wiz_0

Setup :           NA  Failing Endpoints,  Worst Slack           NA  ,  Total Violation           NA
Hold  :           NA  Failing Endpoints,  Worst Slack           NA  ,  Total Violation           NA
PW    :            0  Failing Endpoints,  Worst Slack        7.845ns,  Total Violation        0.000ns
---------------------------------------------------------------------------------------------------


Pulse Width Checks
--------------------------------------------------------------------------------------
Clock Name:         clkfbout_clk_wiz_0
Waveform(ns):       { 0.000 5.000 }
Period(ns):         10.000
Sources:            { clk_div/inst/mmcm_adv_inst/CLKFBOUT }

Check Type  Corner  Lib Pin              Reference Pin  Required(ns)  Actual(ns)  Slack(ns)  Location         Pin
Min Period  n/a     BUFG/I               n/a            2.155         10.000      7.845      BUFGCTRL_X0Y3    clk_div/inst/clkf_buf/I
Min Period  n/a     MMCME2_ADV/CLKFBOUT  n/a            1.249         10.000      8.751      MMCME2_ADV_X1Y0  clk_div/inst/mmcm_adv_inst/CLKFBOUT
Min Period  n/a     MMCME2_ADV/CLKFBIN   n/a            1.249         10.000      8.751      MMCME2_ADV_X1Y0  clk_div/inst/mmcm_adv_inst/CLKFBIN
Max Period  n/a     MMCME2_ADV/CLKFBIN   n/a            100.000       10.000      90.000     MMCME2_ADV_X1Y0  clk_div/inst/mmcm_adv_inst/CLKFBIN
Max Period  n/a     MMCME2_ADV/CLKFBOUT  n/a            213.360       10.000      203.360    MMCME2_ADV_X1Y0  clk_div/inst/mmcm_adv_inst/CLKFBOUT



---------------------------------------------------------------------------------------------------
Path Group:  **async_default**
From Clock:  clk_out1_clk_wiz_0
  To Clock:  clk_out2_clk_wiz_0

Setup :            0  Failing Endpoints,  Worst Slack       16.123ns,  Total Violation        0.000ns
Hold  :            0  Failing Endpoints,  Worst Slack        0.310ns,  Total Violation        0.000ns
---------------------------------------------------------------------------------------------------


Max Delay Paths
--------------------------------------------------------------------------------------
Slack (MET) :             16.123ns  (required time - arrival time)
  Source:                 btn_debounce/o_reg/C
                            (rising edge-triggered cell FDRE clocked by clk_out1_clk_wiz_0  {rise@0.000ns fall@10.000ns period=20.000ns})
  Destination:            IIC/mI2C_GO_reg/CLR
                            (recovery check against rising-edge clock clk_out2_clk_wiz_0  {rise@0.000ns fall@20.000ns period=40.000ns})
  Path Group:             **async_default**
  Path Type:              Recovery (Max at Slow Process Corner)
  Requirement:            20.000ns  (clk_out2_clk_wiz_0 rise@40.000ns - clk_out1_clk_wiz_0 rise@20.000ns)
  Data Path Delay:        3.039ns  (logic 0.456ns (15.004%)  route 2.583ns (84.996%))
  Logic Levels:           0  
  Clock Path Skew:        -0.207ns (DCD - SCD + CPR)
    Destination Clock Delay (DCD):    -1.314ns = ( 38.686 - 40.000 ) 
    Source Clock Delay      (SCD):    -0.710ns = ( 19.290 - 20.000 ) 
    Clock Pessimism Removal (CPR):    0.398ns
  Clock Uncertainty:      0.226ns  ((TSJ^2 + DJ^2)^1/2) / 2 + PE
    Total System Jitter     (TSJ):    0.071ns
    Discrete Jitter          (DJ):    0.200ns
    Phase Error              (PE):    0.120ns

    Location             Delay type                Incr(ns)  Path(ns)    Netlist Resource(s)
  -------------------------------------------------------------------    -------------------
                         (clock clk_out1_clk_wiz_0 rise edge)
                                                     20.000    20.000 r  
    W5                                                0.000    20.000 r  clk100 (IN)
                         net (fo=0)                   0.000    20.000    clk_div/inst/clk_in1
    W5                   IBUF (Prop_ibuf_I_O)         1.458    21.458 r  clk_div/inst/clkin1_ibufg/O
                         net (fo=1, routed)           1.233    22.691    clk_div/inst/clk_in1_clk_wiz_0
    MMCME2_ADV_X1Y0      MMCME2_ADV (Prop_mmcme2_adv_CLKIN1_CLKOUT0)
                                                     -6.961    15.731 r  clk_div/inst/mmcm_adv_inst/CLKOUT0
                         net (fo=1, routed)           1.661    17.392    clk_div/inst/clk_out1_clk_wiz_0
    BUFGCTRL_X0Y2        BUFG (Prop_bufg_I_O)         0.096    17.488 r  clk_div/inst/clkout1_buf/O
                         net (fo=25, routed)          1.802    19.290    btn_debounce/clk_out1
    SLICE_X1Y134         FDRE                                         r  btn_debounce/o_reg/C
  -------------------------------------------------------------------    -------------------
    SLICE_X1Y134         FDRE (Prop_fdre_C_Q)         0.456    19.746 f  btn_debounce/o_reg/Q
                         net (fo=43, routed)          2.583    22.330    IIC/o
    SLICE_X3Y140         FDCE                                         f  IIC/mI2C_GO_reg/CLR
  -------------------------------------------------------------------    -------------------

                         (clock clk_out2_clk_wiz_0 rise edge)
                                                     40.000    40.000 r  
    W5                                                0.000    40.000 r  clk100 (IN)
                         net (fo=0)                   0.000    40.000    clk_div/inst/clk_in1
    W5                   IBUF (Prop_ibuf_I_O)         1.388    41.388 r  clk_div/inst/clkin1_ibufg/O
                         net (fo=1, routed)           1.162    42.550    clk_div/inst/clk_in1_clk_wiz_0
    MMCME2_ADV_X1Y0      MMCME2_ADV (Prop_mmcme2_adv_CLKIN1_CLKOUT1)
                                                     -7.217    35.332 r  clk_div/inst/mmcm_adv_inst/CLKOUT1
                         net (fo=1, routed)           1.581    36.914    clk_div/inst/clk_out2_clk_wiz_0
    BUFGCTRL_X0Y1        BUFG (Prop_bufg_I_O)         0.091    37.005 r  clk_div/inst/clkout2_buf/O
                         net (fo=140, routed)         1.681    38.686    IIC/clk_out2
    SLICE_X3Y140         FDCE                                         r  IIC/mI2C_GO_reg/C
                         clock pessimism              0.398    39.084    
                         clock uncertainty           -0.226    38.858    
    SLICE_X3Y140         FDCE (Recov_fdce_C_CLR)     -0.405    38.453    IIC/mI2C_GO_reg
  -------------------------------------------------------------------
                         required time                         38.453    
                         arrival time                         -22.330    
  -------------------------------------------------------------------
                         slack                                 16.123    

Slack (MET) :             16.123ns  (required time - arrival time)
  Source:                 btn_debounce/o_reg/C
                            (rising edge-triggered cell FDRE clocked by clk_out1_clk_wiz_0  {rise@0.000ns fall@10.000ns period=20.000ns})
  Destination:            IIC/mI2C_WR_reg/CLR
                            (recovery check against rising-edge clock clk_out2_clk_wiz_0  {rise@0.000ns fall@20.000ns period=40.000ns})
  Path Group:             **async_default**
  Path Type:              Recovery (Max at Slow Process Corner)
  Requirement:            20.000ns  (clk_out2_clk_wiz_0 rise@40.000ns - clk_out1_clk_wiz_0 rise@20.000ns)
  Data Path Delay:        3.039ns  (logic 0.456ns (15.004%)  route 2.583ns (84.996%))
  Logic Levels:           0  
  Clock Path Skew:        -0.207ns (DCD - SCD + CPR)
    Destination Clock Delay (DCD):    -1.314ns = ( 38.686 - 40.000 ) 
    Source Clock Delay      (SCD):    -0.710ns = ( 19.290 - 20.000 ) 
    Clock Pessimism Removal (CPR):    0.398ns
  Clock Uncertainty:      0.226ns  ((TSJ^2 + DJ^2)^1/2) / 2 + PE
    Total System Jitter     (TSJ):    0.071ns
    Discrete Jitter          (DJ):    0.200ns
    Phase Error              (PE):    0.120ns

    Location             Delay type                Incr(ns)  Path(ns)    Netlist Resource(s)
  -------------------------------------------------------------------    -------------------
                         (clock clk_out1_clk_wiz_0 rise edge)
                                                     20.000    20.000 r  
    W5                                                0.000    20.000 r  clk100 (IN)
                         net (fo=0)                   0.000    20.000    clk_div/inst/clk_in1
    W5                   IBUF (Prop_ibuf_I_O)         1.458    21.458 r  clk_div/inst/clkin1_ibufg/O
                         net (fo=1, routed)           1.233    22.691    clk_div/inst/clk_in1_clk_wiz_0
    MMCME2_ADV_X1Y0      MMCME2_ADV (Prop_mmcme2_adv_CLKIN1_CLKOUT0)
                                                     -6.961    15.731 r  clk_div/inst/mmcm_adv_inst/CLKOUT0
                         net (fo=1, routed)           1.661    17.392    clk_div/inst/clk_out1_clk_wiz_0
    BUFGCTRL_X0Y2        BUFG (Prop_bufg_I_O)         0.096    17.488 r  clk_div/inst/clkout1_buf/O
                         net (fo=25, routed)          1.802    19.290    btn_debounce/clk_out1
    SLICE_X1Y134         FDRE                                         r  btn_debounce/o_reg/C
  -------------------------------------------------------------------    -------------------
    SLICE_X1Y134         FDRE (Prop_fdre_C_Q)         0.456    19.746 f  btn_debounce/o_reg/Q
                         net (fo=43, routed)          2.583    22.330    IIC/o
    SLICE_X3Y140         FDCE                                         f  IIC/mI2C_WR_reg/CLR
  -------------------------------------------------------------------    -------------------

                         (clock clk_out2_clk_wiz_0 rise edge)
                                                     40.000    40.000 r  
    W5                                                0.000    40.000 r  clk100 (IN)
                         net (fo=0)                   0.000    40.000    clk_div/inst/clk_in1
    W5                   IBUF (Prop_ibuf_I_O)         1.388    41.388 r  clk_div/inst/clkin1_ibufg/O
                         net (fo=1, routed)           1.162    42.550    clk_div/inst/clk_in1_clk_wiz_0
    MMCME2_ADV_X1Y0      MMCME2_ADV (Prop_mmcme2_adv_CLKIN1_CLKOUT1)
                                                     -7.217    35.332 r  clk_div/inst/mmcm_adv_inst/CLKOUT1
                         net (fo=1, routed)           1.581    36.914    clk_div/inst/clk_out2_clk_wiz_0
    BUFGCTRL_X0Y1        BUFG (Prop_bufg_I_O)         0.091    37.005 r  clk_div/inst/clkout2_buf/O
                         net (fo=140, routed)         1.681    38.686    IIC/clk_out2
    SLICE_X3Y140         FDCE                                         r  IIC/mI2C_WR_reg/C
                         clock pessimism              0.398    39.084    
                         clock uncertainty           -0.226    38.858    
    SLICE_X3Y140         FDCE (Recov_fdce_C_CLR)     -0.405    38.453    IIC/mI2C_WR_reg
  -------------------------------------------------------------------
                         required time                         38.453    
                         arrival time                         -22.330    
  -------------------------------------------------------------------
                         slack                                 16.123    

Slack (MET) :             16.264ns  (required time - arrival time)
  Source:                 btn_debounce/o_reg/C
                            (rising edge-triggered cell FDRE clocked by clk_out1_clk_wiz_0  {rise@0.000ns fall@10.000ns period=20.000ns})
  Destination:            IIC/sccb_sender/SD_COUNTER_reg[0]/CLR
                            (recovery check against rising-edge clock clk_out2_clk_wiz_0  {rise@0.000ns fall@20.000ns period=40.000ns})
  Path Group:             **async_default**
  Path Type:              Recovery (Max at Slow Process Corner)
  Requirement:            20.000ns  (clk_out2_clk_wiz_0 rise@40.000ns - clk_out1_clk_wiz_0 rise@20.000ns)
  Data Path Delay:        2.898ns  (logic 0.456ns (15.733%)  route 2.442ns (84.267%))
  Logic Levels:           0  
  Clock Path Skew:        -0.207ns (DCD - SCD + CPR)
    Destination Clock Delay (DCD):    -1.314ns = ( 38.686 - 40.000 ) 
    Source Clock Delay      (SCD):    -0.710ns = ( 19.290 - 20.000 ) 
    Clock Pessimism Removal (CPR):    0.398ns
  Clock Uncertainty:      0.226ns  ((TSJ^2 + DJ^2)^1/2) / 2 + PE
    Total System Jitter     (TSJ):    0.071ns
    Discrete Jitter          (DJ):    0.200ns
    Phase Error              (PE):    0.120ns

    Location             Delay type                Incr(ns)  Path(ns)    Netlist Resource(s)
  -------------------------------------------------------------------    -------------------
                         (clock clk_out1_clk_wiz_0 rise edge)
                                                     20.000    20.000 r  
    W5                                                0.000    20.000 r  clk100 (IN)
                         net (fo=0)                   0.000    20.000    clk_div/inst/clk_in1
    W5                   IBUF (Prop_ibuf_I_O)         1.458    21.458 r  clk_div/inst/clkin1_ibufg/O
                         net (fo=1, routed)           1.233    22.691    clk_div/inst/clk_in1_clk_wiz_0
    MMCME2_ADV_X1Y0      MMCME2_ADV (Prop_mmcme2_adv_CLKIN1_CLKOUT0)
                                                     -6.961    15.731 r  clk_div/inst/mmcm_adv_inst/CLKOUT0
                         net (fo=1, routed)           1.661    17.392    clk_div/inst/clk_out1_clk_wiz_0
    BUFGCTRL_X0Y2        BUFG (Prop_bufg_I_O)         0.096    17.488 r  clk_div/inst/clkout1_buf/O
                         net (fo=25, routed)          1.802    19.290    btn_debounce/clk_out1
    SLICE_X1Y134         FDRE                                         r  btn_debounce/o_reg/C
  -------------------------------------------------------------------    -------------------
    SLICE_X1Y134         FDRE (Prop_fdre_C_Q)         0.456    19.746 f  btn_debounce/o_reg/Q
                         net (fo=43, routed)          2.442    22.189    IIC/sccb_sender/o
    SLICE_X3Y139         FDCE                                         f  IIC/sccb_sender/SD_COUNTER_reg[0]/CLR
  -------------------------------------------------------------------    -------------------

                         (clock clk_out2_clk_wiz_0 rise edge)
                                                     40.000    40.000 r  
    W5                                                0.000    40.000 r  clk100 (IN)
                         net (fo=0)                   0.000    40.000    clk_div/inst/clk_in1
    W5                   IBUF (Prop_ibuf_I_O)         1.388    41.388 r  clk_div/inst/clkin1_ibufg/O
                         net (fo=1, routed)           1.162    42.550    clk_div/inst/clk_in1_clk_wiz_0
    MMCME2_ADV_X1Y0      MMCME2_ADV (Prop_mmcme2_adv_CLKIN1_CLKOUT1)
                                                     -7.217    35.332 r  clk_div/inst/mmcm_adv_inst/CLKOUT1
                         net (fo=1, routed)           1.581    36.914    clk_div/inst/clk_out2_clk_wiz_0
    BUFGCTRL_X0Y1        BUFG (Prop_bufg_I_O)         0.091    37.005 r  clk_div/inst/clkout2_buf/O
                         net (fo=140, routed)         1.681    38.686    IIC/sccb_sender/clk_out2
    SLICE_X3Y139         FDCE                                         r  IIC/sccb_sender/SD_COUNTER_reg[0]/C
                         clock pessimism              0.398    39.084    
                         clock uncertainty           -0.226    38.858    
    SLICE_X3Y139         FDCE (Recov_fdce_C_CLR)     -0.405    38.453    IIC/sccb_sender/SD_COUNTER_reg[0]
  -------------------------------------------------------------------
                         required time                         38.453    
                         arrival time                         -22.189    
  -------------------------------------------------------------------
                         slack                                 16.264    

Slack (MET) :             16.264ns  (required time - arrival time)
  Source:                 btn_debounce/o_reg/C
                            (rising edge-triggered cell FDRE clocked by clk_out1_clk_wiz_0  {rise@0.000ns fall@10.000ns period=20.000ns})
  Destination:            IIC/sccb_sender/SD_COUNTER_reg[1]/CLR
                            (recovery check against rising-edge clock clk_out2_clk_wiz_0  {rise@0.000ns fall@20.000ns period=40.000ns})
  Path Group:             **async_default**
  Path Type:              Recovery (Max at Slow Process Corner)
  Requirement:            20.000ns  (clk_out2_clk_wiz_0 rise@40.000ns - clk_out1_clk_wiz_0 rise@20.000ns)
  Data Path Delay:        2.898ns  (logic 0.456ns (15.733%)  route 2.442ns (84.267%))
  Logic Levels:           0  
  Clock Path Skew:        -0.207ns (DCD - SCD + CPR)
    Destination Clock Delay (DCD):    -1.314ns = ( 38.686 - 40.000 ) 
    Source Clock Delay      (SCD):    -0.710ns = ( 19.290 - 20.000 ) 
    Clock Pessimism Removal (CPR):    0.398ns
  Clock Uncertainty:      0.226ns  ((TSJ^2 + DJ^2)^1/2) / 2 + PE
    Total System Jitter     (TSJ):    0.071ns
    Discrete Jitter          (DJ):    0.200ns
    Phase Error              (PE):    0.120ns

    Location             Delay type                Incr(ns)  Path(ns)    Netlist Resource(s)
  -------------------------------------------------------------------    -------------------
                         (clock clk_out1_clk_wiz_0 rise edge)
                                                     20.000    20.000 r  
    W5                                                0.000    20.000 r  clk100 (IN)
                         net (fo=0)                   0.000    20.000    clk_div/inst/clk_in1
    W5                   IBUF (Prop_ibuf_I_O)         1.458    21.458 r  clk_div/inst/clkin1_ibufg/O
                         net (fo=1, routed)           1.233    22.691    clk_div/inst/clk_in1_clk_wiz_0
    MMCME2_ADV_X1Y0      MMCME2_ADV (Prop_mmcme2_adv_CLKIN1_CLKOUT0)
                                                     -6.961    15.731 r  clk_div/inst/mmcm_adv_inst/CLKOUT0
                         net (fo=1, routed)           1.661    17.392    clk_div/inst/clk_out1_clk_wiz_0
    BUFGCTRL_X0Y2        BUFG (Prop_bufg_I_O)         0.096    17.488 r  clk_div/inst/clkout1_buf/O
                         net (fo=25, routed)          1.802    19.290    btn_debounce/clk_out1
    SLICE_X1Y134         FDRE                                         r  btn_debounce/o_reg/C
  -------------------------------------------------------------------    -------------------
    SLICE_X1Y134         FDRE (Prop_fdre_C_Q)         0.456    19.746 f  btn_debounce/o_reg/Q
                         net (fo=43, routed)          2.442    22.189    IIC/sccb_sender/o
    SLICE_X3Y139         FDCE                                         f  IIC/sccb_sender/SD_COUNTER_reg[1]/CLR
  -------------------------------------------------------------------    -------------------

                         (clock clk_out2_clk_wiz_0 rise edge)
                                                     40.000    40.000 r  
    W5                                                0.000    40.000 r  clk100 (IN)
                         net (fo=0)                   0.000    40.000    clk_div/inst/clk_in1
    W5                   IBUF (Prop_ibuf_I_O)         1.388    41.388 r  clk_div/inst/clkin1_ibufg/O
                         net (fo=1, routed)           1.162    42.550    clk_div/inst/clk_in1_clk_wiz_0
    MMCME2_ADV_X1Y0      MMCME2_ADV (Prop_mmcme2_adv_CLKIN1_CLKOUT1)
                                                     -7.217    35.332 r  clk_div/inst/mmcm_adv_inst/CLKOUT1
                         net (fo=1, routed)           1.581    36.914    clk_div/inst/clk_out2_clk_wiz_0
    BUFGCTRL_X0Y1        BUFG (Prop_bufg_I_O)         0.091    37.005 r  clk_div/inst/clkout2_buf/O
                         net (fo=140, routed)         1.681    38.686    IIC/sccb_sender/clk_out2
    SLICE_X3Y139         FDCE                                         r  IIC/sccb_sender/SD_COUNTER_reg[1]/C
                         clock pessimism              0.398    39.084    
                         clock uncertainty           -0.226    38.858    
    SLICE_X3Y139         FDCE (Recov_fdce_C_CLR)     -0.405    38.453    IIC/sccb_sender/SD_COUNTER_reg[1]
  -------------------------------------------------------------------
                         required time                         38.453    
                         arrival time                         -22.189    
  -------------------------------------------------------------------
                         slack                                 16.264    

Slack (MET) :             16.264ns  (required time - arrival time)
  Source:                 btn_debounce/o_reg/C
                            (rising edge-triggered cell FDRE clocked by clk_out1_clk_wiz_0  {rise@0.000ns fall@10.000ns period=20.000ns})
  Destination:            IIC/sccb_sender/SD_COUNTER_reg[2]/CLR
                            (recovery check against rising-edge clock clk_out2_clk_wiz_0  {rise@0.000ns fall@20.000ns period=40.000ns})
  Path Group:             **async_default**
  Path Type:              Recovery (Max at Slow Process Corner)
  Requirement:            20.000ns  (clk_out2_clk_wiz_0 rise@40.000ns - clk_out1_clk_wiz_0 rise@20.000ns)
  Data Path Delay:        2.898ns  (logic 0.456ns (15.733%)  route 2.442ns (84.267%))
  Logic Levels:           0  
  Clock Path Skew:        -0.207ns (DCD - SCD + CPR)
    Destination Clock Delay (DCD):    -1.314ns = ( 38.686 - 40.000 ) 
    Source Clock Delay      (SCD):    -0.710ns = ( 19.290 - 20.000 ) 
    Clock Pessimism Removal (CPR):    0.398ns
  Clock Uncertainty:      0.226ns  ((TSJ^2 + DJ^2)^1/2) / 2 + PE
    Total System Jitter     (TSJ):    0.071ns
    Discrete Jitter          (DJ):    0.200ns
    Phase Error              (PE):    0.120ns

    Location             Delay type                Incr(ns)  Path(ns)    Netlist Resource(s)
  -------------------------------------------------------------------    -------------------
                         (clock clk_out1_clk_wiz_0 rise edge)
                                                     20.000    20.000 r  
    W5                                                0.000    20.000 r  clk100 (IN)
                         net (fo=0)                   0.000    20.000    clk_div/inst/clk_in1
    W5                   IBUF (Prop_ibuf_I_O)         1.458    21.458 r  clk_div/inst/clkin1_ibufg/O
                         net (fo=1, routed)           1.233    22.691    clk_div/inst/clk_in1_clk_wiz_0
    MMCME2_ADV_X1Y0      MMCME2_ADV (Prop_mmcme2_adv_CLKIN1_CLKOUT0)
                                                     -6.961    15.731 r  clk_div/inst/mmcm_adv_inst/CLKOUT0
                         net (fo=1, routed)           1.661    17.392    clk_div/inst/clk_out1_clk_wiz_0
    BUFGCTRL_X0Y2        BUFG (Prop_bufg_I_O)         0.096    17.488 r  clk_div/inst/clkout1_buf/O
                         net (fo=25, routed)          1.802    19.290    btn_debounce/clk_out1
    SLICE_X1Y134         FDRE                                         r  btn_debounce/o_reg/C
  -------------------------------------------------------------------    -------------------
    SLICE_X1Y134         FDRE (Prop_fdre_C_Q)         0.456    19.746 f  btn_debounce/o_reg/Q
                         net (fo=43, routed)          2.442    22.189    IIC/sccb_sender/o
    SLICE_X3Y139         FDCE                                         f  IIC/sccb_sender/SD_COUNTER_reg[2]/CLR
  -------------------------------------------------------------------    -------------------

                         (clock clk_out2_clk_wiz_0 rise edge)
                                                     40.000    40.000 r  
    W5                                                0.000    40.000 r  clk100 (IN)
                         net (fo=0)                   0.000    40.000    clk_div/inst/clk_in1
    W5                   IBUF (Prop_ibuf_I_O)         1.388    41.388 r  clk_div/inst/clkin1_ibufg/O
                         net (fo=1, routed)           1.162    42.550    clk_div/inst/clk_in1_clk_wiz_0
    MMCME2_ADV_X1Y0      MMCME2_ADV (Prop_mmcme2_adv_CLKIN1_CLKOUT1)
                                                     -7.217    35.332 r  clk_div/inst/mmcm_adv_inst/CLKOUT1
                         net (fo=1, routed)           1.581    36.914    clk_div/inst/clk_out2_clk_wiz_0
    BUFGCTRL_X0Y1        BUFG (Prop_bufg_I_O)         0.091    37.005 r  clk_div/inst/clkout2_buf/O
                         net (fo=140, routed)         1.681    38.686    IIC/sccb_sender/clk_out2
    SLICE_X3Y139         FDCE                                         r  IIC/sccb_sender/SD_COUNTER_reg[2]/C
                         clock pessimism              0.398    39.084    
                         clock uncertainty           -0.226    38.858    
    SLICE_X3Y139         FDCE (Recov_fdce_C_CLR)     -0.405    38.453    IIC/sccb_sender/SD_COUNTER_reg[2]
  -------------------------------------------------------------------
                         required time                         38.453    
                         arrival time                         -22.189    
  -------------------------------------------------------------------
                         slack                                 16.264    

Slack (MET) :             16.264ns  (required time - arrival time)
  Source:                 btn_debounce/o_reg/C
                            (rising edge-triggered cell FDRE clocked by clk_out1_clk_wiz_0  {rise@0.000ns fall@10.000ns period=20.000ns})
  Destination:            IIC/sccb_sender/SD_COUNTER_reg[3]/CLR
                            (recovery check against rising-edge clock clk_out2_clk_wiz_0  {rise@0.000ns fall@20.000ns period=40.000ns})
  Path Group:             **async_default**
  Path Type:              Recovery (Max at Slow Process Corner)
  Requirement:            20.000ns  (clk_out2_clk_wiz_0 rise@40.000ns - clk_out1_clk_wiz_0 rise@20.000ns)
  Data Path Delay:        2.898ns  (logic 0.456ns (15.733%)  route 2.442ns (84.267%))
  Logic Levels:           0  
  Clock Path Skew:        -0.207ns (DCD - SCD + CPR)
    Destination Clock Delay (DCD):    -1.314ns = ( 38.686 - 40.000 ) 
    Source Clock Delay      (SCD):    -0.710ns = ( 19.290 - 20.000 ) 
    Clock Pessimism Removal (CPR):    0.398ns
  Clock Uncertainty:      0.226ns  ((TSJ^2 + DJ^2)^1/2) / 2 + PE
    Total System Jitter     (TSJ):    0.071ns
    Discrete Jitter          (DJ):    0.200ns
    Phase Error              (PE):    0.120ns

    Location             Delay type                Incr(ns)  Path(ns)    Netlist Resource(s)
  -------------------------------------------------------------------    -------------------
                         (clock clk_out1_clk_wiz_0 rise edge)
                                                     20.000    20.000 r  
    W5                                                0.000    20.000 r  clk100 (IN)
                         net (fo=0)                   0.000    20.000    clk_div/inst/clk_in1
    W5                   IBUF (Prop_ibuf_I_O)         1.458    21.458 r  clk_div/inst/clkin1_ibufg/O
                         net (fo=1, routed)           1.233    22.691    clk_div/inst/clk_in1_clk_wiz_0
    MMCME2_ADV_X1Y0      MMCME2_ADV (Prop_mmcme2_adv_CLKIN1_CLKOUT0)
                                                     -6.961    15.731 r  clk_div/inst/mmcm_adv_inst/CLKOUT0
                         net (fo=1, routed)           1.661    17.392    clk_div/inst/clk_out1_clk_wiz_0
    BUFGCTRL_X0Y2        BUFG (Prop_bufg_I_O)         0.096    17.488 r  clk_div/inst/clkout1_buf/O
                         net (fo=25, routed)          1.802    19.290    btn_debounce/clk_out1
    SLICE_X1Y134         FDRE                                         r  btn_debounce/o_reg/C
  -------------------------------------------------------------------    -------------------
    SLICE_X1Y134         FDRE (Prop_fdre_C_Q)         0.456    19.746 f  btn_debounce/o_reg/Q
                         net (fo=43, routed)          2.442    22.189    IIC/sccb_sender/o
    SLICE_X3Y139         FDCE                                         f  IIC/sccb_sender/SD_COUNTER_reg[3]/CLR
  -------------------------------------------------------------------    -------------------

                         (clock clk_out2_clk_wiz_0 rise edge)
                                                     40.000    40.000 r  
    W5                                                0.000    40.000 r  clk100 (IN)
                         net (fo=0)                   0.000    40.000    clk_div/inst/clk_in1
    W5                   IBUF (Prop_ibuf_I_O)         1.388    41.388 r  clk_div/inst/clkin1_ibufg/O
                         net (fo=1, routed)           1.162    42.550    clk_div/inst/clk_in1_clk_wiz_0
    MMCME2_ADV_X1Y0      MMCME2_ADV (Prop_mmcme2_adv_CLKIN1_CLKOUT1)
                                                     -7.217    35.332 r  clk_div/inst/mmcm_adv_inst/CLKOUT1
                         net (fo=1, routed)           1.581    36.914    clk_div/inst/clk_out2_clk_wiz_0
    BUFGCTRL_X0Y1        BUFG (Prop_bufg_I_O)         0.091    37.005 r  clk_div/inst/clkout2_buf/O
                         net (fo=140, routed)         1.681    38.686    IIC/sccb_sender/clk_out2
    SLICE_X3Y139         FDCE                                         r  IIC/sccb_sender/SD_COUNTER_reg[3]/C
                         clock pessimism              0.398    39.084    
                         clock uncertainty           -0.226    38.858    
    SLICE_X3Y139         FDCE (Recov_fdce_C_CLR)     -0.405    38.453    IIC/sccb_sender/SD_COUNTER_reg[3]
  -------------------------------------------------------------------
                         required time                         38.453    
                         arrival time                         -22.189    
  -------------------------------------------------------------------
                         slack                                 16.264    

Slack (MET) :             16.430ns  (required time - arrival time)
  Source:                 btn_debounce/o_reg/C
                            (rising edge-triggered cell FDRE clocked by clk_out1_clk_wiz_0  {rise@0.000ns fall@10.000ns period=20.000ns})
  Destination:            IIC/LUT_INDEX_reg[1]/CLR
                            (recovery check against rising-edge clock clk_out2_clk_wiz_0  {rise@0.000ns fall@20.000ns period=40.000ns})
  Path Group:             **async_default**
  Path Type:              Recovery (Max at Slow Process Corner)
  Requirement:            20.000ns  (clk_out2_clk_wiz_0 rise@40.000ns - clk_out1_clk_wiz_0 rise@20.000ns)
  Data Path Delay:        2.731ns  (logic 0.456ns (16.698%)  route 2.275ns (83.302%))
  Logic Levels:           0  
  Clock Path Skew:        -0.208ns (DCD - SCD + CPR)
    Destination Clock Delay (DCD):    -1.315ns = ( 38.685 - 40.000 ) 
    Source Clock Delay      (SCD):    -0.710ns = ( 19.290 - 20.000 ) 
    Clock Pessimism Removal (CPR):    0.398ns
  Clock Uncertainty:      0.226ns  ((TSJ^2 + DJ^2)^1/2) / 2 + PE
    Total System Jitter     (TSJ):    0.071ns
    Discrete Jitter          (DJ):    0.200ns
    Phase Error              (PE):    0.120ns

    Location             Delay type                Incr(ns)  Path(ns)    Netlist Resource(s)
  -------------------------------------------------------------------    -------------------
                         (clock clk_out1_clk_wiz_0 rise edge)
                                                     20.000    20.000 r  
    W5                                                0.000    20.000 r  clk100 (IN)
                         net (fo=0)                   0.000    20.000    clk_div/inst/clk_in1
    W5                   IBUF (Prop_ibuf_I_O)         1.458    21.458 r  clk_div/inst/clkin1_ibufg/O
                         net (fo=1, routed)           1.233    22.691    clk_div/inst/clk_in1_clk_wiz_0
    MMCME2_ADV_X1Y0      MMCME2_ADV (Prop_mmcme2_adv_CLKIN1_CLKOUT0)
                                                     -6.961    15.731 r  clk_div/inst/mmcm_adv_inst/CLKOUT0
                         net (fo=1, routed)           1.661    17.392    clk_div/inst/clk_out1_clk_wiz_0
    BUFGCTRL_X0Y2        BUFG (Prop_bufg_I_O)         0.096    17.488 r  clk_div/inst/clkout1_buf/O
                         net (fo=25, routed)          1.802    19.290    btn_debounce/clk_out1
    SLICE_X1Y134         FDRE                                         r  btn_debounce/o_reg/C
  -------------------------------------------------------------------    -------------------
    SLICE_X1Y134         FDRE (Prop_fdre_C_Q)         0.456    19.746 f  btn_debounce/o_reg/Q
                         net (fo=43, routed)          2.275    22.021    IIC/o
    SLICE_X5Y140         FDCE                                         f  IIC/LUT_INDEX_reg[1]/CLR
  -------------------------------------------------------------------    -------------------

                         (clock clk_out2_clk_wiz_0 rise edge)
                                                     40.000    40.000 r  
    W5                                                0.000    40.000 r  clk100 (IN)
                         net (fo=0)                   0.000    40.000    clk_div/inst/clk_in1
    W5                   IBUF (Prop_ibuf_I_O)         1.388    41.388 r  clk_div/inst/clkin1_ibufg/O
                         net (fo=1, routed)           1.162    42.550    clk_div/inst/clk_in1_clk_wiz_0
    MMCME2_ADV_X1Y0      MMCME2_ADV (Prop_mmcme2_adv_CLKIN1_CLKOUT1)
                                                     -7.217    35.332 r  clk_div/inst/mmcm_adv_inst/CLKOUT1
                         net (fo=1, routed)           1.581    36.914    clk_div/inst/clk_out2_clk_wiz_0
    BUFGCTRL_X0Y1        BUFG (Prop_bufg_I_O)         0.091    37.005 r  clk_div/inst/clkout2_buf/O
                         net (fo=140, routed)         1.680    38.685    IIC/clk_out2
    SLICE_X5Y140         FDCE                                         r  IIC/LUT_INDEX_reg[1]/C
                         clock pessimism              0.398    39.083    
                         clock uncertainty           -0.226    38.857    
    SLICE_X5Y140         FDCE (Recov_fdce_C_CLR)     -0.405    38.452    IIC/LUT_INDEX_reg[1]
  -------------------------------------------------------------------
                         required time                         38.452    
                         arrival time                         -22.021    
  -------------------------------------------------------------------
                         slack                                 16.430    

Slack (MET) :             16.430ns  (required time - arrival time)
  Source:                 btn_debounce/o_reg/C
                            (rising edge-triggered cell FDRE clocked by clk_out1_clk_wiz_0  {rise@0.000ns fall@10.000ns period=20.000ns})
  Destination:            IIC/LUT_INDEX_reg[2]/CLR
                            (recovery check against rising-edge clock clk_out2_clk_wiz_0  {rise@0.000ns fall@20.000ns period=40.000ns})
  Path Group:             **async_default**
  Path Type:              Recovery (Max at Slow Process Corner)
  Requirement:            20.000ns  (clk_out2_clk_wiz_0 rise@40.000ns - clk_out1_clk_wiz_0 rise@20.000ns)
  Data Path Delay:        2.731ns  (logic 0.456ns (16.698%)  route 2.275ns (83.302%))
  Logic Levels:           0  
  Clock Path Skew:        -0.208ns (DCD - SCD + CPR)
    Destination Clock Delay (DCD):    -1.315ns = ( 38.685 - 40.000 ) 
    Source Clock Delay      (SCD):    -0.710ns = ( 19.290 - 20.000 ) 
    Clock Pessimism Removal (CPR):    0.398ns
  Clock Uncertainty:      0.226ns  ((TSJ^2 + DJ^2)^1/2) / 2 + PE
    Total System Jitter     (TSJ):    0.071ns
    Discrete Jitter          (DJ):    0.200ns
    Phase Error              (PE):    0.120ns

    Location             Delay type                Incr(ns)  Path(ns)    Netlist Resource(s)
  -------------------------------------------------------------------    -------------------
                         (clock clk_out1_clk_wiz_0 rise edge)
                                                     20.000    20.000 r  
    W5                                                0.000    20.000 r  clk100 (IN)
                         net (fo=0)                   0.000    20.000    clk_div/inst/clk_in1
    W5                   IBUF (Prop_ibuf_I_O)         1.458    21.458 r  clk_div/inst/clkin1_ibufg/O
                         net (fo=1, routed)           1.233    22.691    clk_div/inst/clk_in1_clk_wiz_0
    MMCME2_ADV_X1Y0      MMCME2_ADV (Prop_mmcme2_adv_CLKIN1_CLKOUT0)
                                                     -6.961    15.731 r  clk_div/inst/mmcm_adv_inst/CLKOUT0
                         net (fo=1, routed)           1.661    17.392    clk_div/inst/clk_out1_clk_wiz_0
    BUFGCTRL_X0Y2        BUFG (Prop_bufg_I_O)         0.096    17.488 r  clk_div/inst/clkout1_buf/O
                         net (fo=25, routed)          1.802    19.290    btn_debounce/clk_out1
    SLICE_X1Y134         FDRE                                         r  btn_debounce/o_reg/C
  -------------------------------------------------------------------    -------------------
    SLICE_X1Y134         FDRE (Prop_fdre_C_Q)         0.456    19.746 f  btn_debounce/o_reg/Q
                         net (fo=43, routed)          2.275    22.021    IIC/o
    SLICE_X5Y140         FDCE                                         f  IIC/LUT_INDEX_reg[2]/CLR
  -------------------------------------------------------------------    -------------------

                         (clock clk_out2_clk_wiz_0 rise edge)
                                                     40.000    40.000 r  
    W5                                                0.000    40.000 r  clk100 (IN)
                         net (fo=0)                   0.000    40.000    clk_div/inst/clk_in1
    W5                   IBUF (Prop_ibuf_I_O)         1.388    41.388 r  clk_div/inst/clkin1_ibufg/O
                         net (fo=1, routed)           1.162    42.550    clk_div/inst/clk_in1_clk_wiz_0
    MMCME2_ADV_X1Y0      MMCME2_ADV (Prop_mmcme2_adv_CLKIN1_CLKOUT1)
                                                     -7.217    35.332 r  clk_div/inst/mmcm_adv_inst/CLKOUT1
                         net (fo=1, routed)           1.581    36.914    clk_div/inst/clk_out2_clk_wiz_0
    BUFGCTRL_X0Y1        BUFG (Prop_bufg_I_O)         0.091    37.005 r  clk_div/inst/clkout2_buf/O
                         net (fo=140, routed)         1.680    38.685    IIC/clk_out2
    SLICE_X5Y140         FDCE                                         r  IIC/LUT_INDEX_reg[2]/C
                         clock pessimism              0.398    39.083    
                         clock uncertainty           -0.226    38.857    
    SLICE_X5Y140         FDCE (Recov_fdce_C_CLR)     -0.405    38.452    IIC/LUT_INDEX_reg[2]
  -------------------------------------------------------------------
                         required time                         38.452    
                         arrival time                         -22.021    
  -------------------------------------------------------------------
                         slack                                 16.430    

Slack (MET) :             16.430ns  (required time - arrival time)
  Source:                 btn_debounce/o_reg/C
                            (rising edge-triggered cell FDRE clocked by clk_out1_clk_wiz_0  {rise@0.000ns fall@10.000ns period=20.000ns})
  Destination:            IIC/LUT_INDEX_reg[3]/CLR
                            (recovery check against rising-edge clock clk_out2_clk_wiz_0  {rise@0.000ns fall@20.000ns period=40.000ns})
  Path Group:             **async_default**
  Path Type:              Recovery (Max at Slow Process Corner)
  Requirement:            20.000ns  (clk_out2_clk_wiz_0 rise@40.000ns - clk_out1_clk_wiz_0 rise@20.000ns)
  Data Path Delay:        2.731ns  (logic 0.456ns (16.698%)  route 2.275ns (83.302%))
  Logic Levels:           0  
  Clock Path Skew:        -0.208ns (DCD - SCD + CPR)
    Destination Clock Delay (DCD):    -1.315ns = ( 38.685 - 40.000 ) 
    Source Clock Delay      (SCD):    -0.710ns = ( 19.290 - 20.000 ) 
    Clock Pessimism Removal (CPR):    0.398ns
  Clock Uncertainty:      0.226ns  ((TSJ^2 + DJ^2)^1/2) / 2 + PE
    Total System Jitter     (TSJ):    0.071ns
    Discrete Jitter          (DJ):    0.200ns
    Phase Error              (PE):    0.120ns

    Location             Delay type                Incr(ns)  Path(ns)    Netlist Resource(s)
  -------------------------------------------------------------------    -------------------
                         (clock clk_out1_clk_wiz_0 rise edge)
                                                     20.000    20.000 r  
    W5                                                0.000    20.000 r  clk100 (IN)
                         net (fo=0)                   0.000    20.000    clk_div/inst/clk_in1
    W5                   IBUF (Prop_ibuf_I_O)         1.458    21.458 r  clk_div/inst/clkin1_ibufg/O
                         net (fo=1, routed)           1.233    22.691    clk_div/inst/clk_in1_clk_wiz_0
    MMCME2_ADV_X1Y0      MMCME2_ADV (Prop_mmcme2_adv_CLKIN1_CLKOUT0)
                                                     -6.961    15.731 r  clk_div/inst/mmcm_adv_inst/CLKOUT0
                         net (fo=1, routed)           1.661    17.392    clk_div/inst/clk_out1_clk_wiz_0
    BUFGCTRL_X0Y2        BUFG (Prop_bufg_I_O)         0.096    17.488 r  clk_div/inst/clkout1_buf/O
                         net (fo=25, routed)          1.802    19.290    btn_debounce/clk_out1
    SLICE_X1Y134         FDRE                                         r  btn_debounce/o_reg/C
  -------------------------------------------------------------------    -------------------
    SLICE_X1Y134         FDRE (Prop_fdre_C_Q)         0.456    19.746 f  btn_debounce/o_reg/Q
                         net (fo=43, routed)          2.275    22.021    IIC/o
    SLICE_X5Y140         FDCE                                         f  IIC/LUT_INDEX_reg[3]/CLR
  -------------------------------------------------------------------    -------------------

                         (clock clk_out2_clk_wiz_0 rise edge)
                                                     40.000    40.000 r  
    W5                                                0.000    40.000 r  clk100 (IN)
                         net (fo=0)                   0.000    40.000    clk_div/inst/clk_in1
    W5                   IBUF (Prop_ibuf_I_O)         1.388    41.388 r  clk_div/inst/clkin1_ibufg/O
                         net (fo=1, routed)           1.162    42.550    clk_div/inst/clk_in1_clk_wiz_0
    MMCME2_ADV_X1Y0      MMCME2_ADV (Prop_mmcme2_adv_CLKIN1_CLKOUT1)
                                                     -7.217    35.332 r  clk_div/inst/mmcm_adv_inst/CLKOUT1
                         net (fo=1, routed)           1.581    36.914    clk_div/inst/clk_out2_clk_wiz_0
    BUFGCTRL_X0Y1        BUFG (Prop_bufg_I_O)         0.091    37.005 r  clk_div/inst/clkout2_buf/O
                         net (fo=140, routed)         1.680    38.685    IIC/clk_out2
    SLICE_X5Y140         FDCE                                         r  IIC/LUT_INDEX_reg[3]/C
                         clock pessimism              0.398    39.083    
                         clock uncertainty           -0.226    38.857    
    SLICE_X5Y140         FDCE (Recov_fdce_C_CLR)     -0.405    38.452    IIC/LUT_INDEX_reg[3]
  -------------------------------------------------------------------
                         required time                         38.452    
                         arrival time                         -22.021    
  -------------------------------------------------------------------
                         slack                                 16.430    

Slack (MET) :             16.430ns  (required time - arrival time)
  Source:                 btn_debounce/o_reg/C
                            (rising edge-triggered cell FDRE clocked by clk_out1_clk_wiz_0  {rise@0.000ns fall@10.000ns period=20.000ns})
  Destination:            IIC/LUT_INDEX_reg[4]/CLR
                            (recovery check against rising-edge clock clk_out2_clk_wiz_0  {rise@0.000ns fall@20.000ns period=40.000ns})
  Path Group:             **async_default**
  Path Type:              Recovery (Max at Slow Process Corner)
  Requirement:            20.000ns  (clk_out2_clk_wiz_0 rise@40.000ns - clk_out1_clk_wiz_0 rise@20.000ns)
  Data Path Delay:        2.731ns  (logic 0.456ns (16.698%)  route 2.275ns (83.302%))
  Logic Levels:           0  
  Clock Path Skew:        -0.208ns (DCD - SCD + CPR)
    Destination Clock Delay (DCD):    -1.315ns = ( 38.685 - 40.000 ) 
    Source Clock Delay      (SCD):    -0.710ns = ( 19.290 - 20.000 ) 
    Clock Pessimism Removal (CPR):    0.398ns
  Clock Uncertainty:      0.226ns  ((TSJ^2 + DJ^2)^1/2) / 2 + PE
    Total System Jitter     (TSJ):    0.071ns
    Discrete Jitter          (DJ):    0.200ns
    Phase Error              (PE):    0.120ns

    Location             Delay type                Incr(ns)  Path(ns)    Netlist Resource(s)
  -------------------------------------------------------------------    -------------------
                         (clock clk_out1_clk_wiz_0 rise edge)
                                                     20.000    20.000 r  
    W5                                                0.000    20.000 r  clk100 (IN)
                         net (fo=0)                   0.000    20.000    clk_div/inst/clk_in1
    W5                   IBUF (Prop_ibuf_I_O)         1.458    21.458 r  clk_div/inst/clkin1_ibufg/O
                         net (fo=1, routed)           1.233    22.691    clk_div/inst/clk_in1_clk_wiz_0
    MMCME2_ADV_X1Y0      MMCME2_ADV (Prop_mmcme2_adv_CLKIN1_CLKOUT0)
                                                     -6.961    15.731 r  clk_div/inst/mmcm_adv_inst/CLKOUT0
                         net (fo=1, routed)           1.661    17.392    clk_div/inst/clk_out1_clk_wiz_0
    BUFGCTRL_X0Y2        BUFG (Prop_bufg_I_O)         0.096    17.488 r  clk_div/inst/clkout1_buf/O
                         net (fo=25, routed)          1.802    19.290    btn_debounce/clk_out1
    SLICE_X1Y134         FDRE                                         r  btn_debounce/o_reg/C
  -------------------------------------------------------------------    -------------------
    SLICE_X1Y134         FDRE (Prop_fdre_C_Q)         0.456    19.746 f  btn_debounce/o_reg/Q
                         net (fo=43, routed)          2.275    22.021    IIC/o
    SLICE_X5Y140         FDCE                                         f  IIC/LUT_INDEX_reg[4]/CLR
  -------------------------------------------------------------------    -------------------

                         (clock clk_out2_clk_wiz_0 rise edge)
                                                     40.000    40.000 r  
    W5                                                0.000    40.000 r  clk100 (IN)
                         net (fo=0)                   0.000    40.000    clk_div/inst/clk_in1
    W5                   IBUF (Prop_ibuf_I_O)         1.388    41.388 r  clk_div/inst/clkin1_ibufg/O
                         net (fo=1, routed)           1.162    42.550    clk_div/inst/clk_in1_clk_wiz_0
    MMCME2_ADV_X1Y0      MMCME2_ADV (Prop_mmcme2_adv_CLKIN1_CLKOUT1)
                                                     -7.217    35.332 r  clk_div/inst/mmcm_adv_inst/CLKOUT1
                         net (fo=1, routed)           1.581    36.914    clk_div/inst/clk_out2_clk_wiz_0
    BUFGCTRL_X0Y1        BUFG (Prop_bufg_I_O)         0.091    37.005 r  clk_div/inst/clkout2_buf/O
                         net (fo=140, routed)         1.680    38.685    IIC/clk_out2
    SLICE_X5Y140         FDCE                                         r  IIC/LUT_INDEX_reg[4]/C
                         clock pessimism              0.398    39.083    
                         clock uncertainty           -0.226    38.857    
    SLICE_X5Y140         FDCE (Recov_fdce_C_CLR)     -0.405    38.452    IIC/LUT_INDEX_reg[4]
  -------------------------------------------------------------------
                         required time                         38.452    
                         arrival time                         -22.021    
  -------------------------------------------------------------------
                         slack                                 16.430    





Min Delay Paths
--------------------------------------------------------------------------------------
Slack (MET) :             0.310ns  (arrival time - required time)
  Source:                 btn_debounce/o_reg/C
                            (rising edge-triggered cell FDRE clocked by clk_out1_clk_wiz_0  {rise@0.000ns fall@10.000ns period=20.000ns})
  Destination:            IIC/mI2C_CLK_DIV_reg[0]/CLR
                            (removal check against rising-edge clock clk_out2_clk_wiz_0  {rise@0.000ns fall@20.000ns period=40.000ns})
  Path Group:             **async_default**
  Path Type:              Removal (Min at Fast Process Corner)
  Requirement:            0.000ns  (clk_out2_clk_wiz_0 rise@0.000ns - clk_out1_clk_wiz_0 rise@0.000ns)
  Data Path Delay:        0.762ns  (logic 0.141ns (18.507%)  route 0.621ns (81.493%))
  Logic Levels:           0  
  Clock Path Skew:        0.318ns (DCD - SCD - CPR)
    Destination Clock Delay (DCD):    -0.747ns
    Source Clock Delay      (SCD):    -0.510ns
    Clock Pessimism Removal (CPR):    -0.555ns
  Clock Uncertainty:      0.226ns  ((TSJ^2 + DJ^2)^1/2) / 2 + PE
    Total System Jitter     (TSJ):    0.071ns
    Discrete Jitter          (DJ):    0.200ns
    Phase Error              (PE):    0.120ns

    Location             Delay type                Incr(ns)  Path(ns)    Netlist Resource(s)
  -------------------------------------------------------------------    -------------------
                         (clock clk_out1_clk_wiz_0 rise edge)
                                                      0.000     0.000 r  
    W5                                                0.000     0.000 r  clk100 (IN)
                         net (fo=0)                   0.000     0.000    clk_div/inst/clk_in1
    W5                   IBUF (Prop_ibuf_I_O)         0.226     0.226 r  clk_div/inst/clkin1_ibufg/O
                         net (fo=1, routed)           0.440     0.667    clk_div/inst/clk_in1_clk_wiz_0
    MMCME2_ADV_X1Y0      MMCME2_ADV (Prop_mmcme2_adv_CLKIN1_CLKOUT0)
                                                     -2.360    -1.693 r  clk_div/inst/mmcm_adv_inst/CLKOUT0
                         net (fo=1, routed)           0.486    -1.207    clk_div/inst/clk_out1_clk_wiz_0
    BUFGCTRL_X0Y2        BUFG (Prop_bufg_I_O)         0.026    -1.181 r  clk_div/inst/clkout1_buf/O
                         net (fo=25, routed)          0.671    -0.510    btn_debounce/clk_out1
    SLICE_X1Y134         FDRE                                         r  btn_debounce/o_reg/C
  -------------------------------------------------------------------    -------------------
    SLICE_X1Y134         FDRE (Prop_fdre_C_Q)         0.141    -0.369 f  btn_debounce/o_reg/Q
                         net (fo=43, routed)          0.621     0.252    IIC/o
    SLICE_X4Y134         FDCE                                         f  IIC/mI2C_CLK_DIV_reg[0]/CLR
  -------------------------------------------------------------------    -------------------

                         (clock clk_out2_clk_wiz_0 rise edge)
                                                      0.000     0.000 r  
    W5                                                0.000     0.000 r  clk100 (IN)
                         net (fo=0)                   0.000     0.000    clk_div/inst/clk_in1
    W5                   IBUF (Prop_ibuf_I_O)         0.414     0.414 r  clk_div/inst/clkin1_ibufg/O
                         net (fo=1, routed)           0.480     0.894    clk_div/inst/clk_in1_clk_wiz_0
    MMCME2_ADV_X1Y0      MMCME2_ADV (Prop_mmcme2_adv_CLKIN1_CLKOUT1)
                                                     -3.142    -2.248 r  clk_div/inst/mmcm_adv_inst/CLKOUT1
                         net (fo=1, routed)           0.530    -1.718    clk_div/inst/clk_out2_clk_wiz_0
    BUFGCTRL_X0Y1        BUFG (Prop_bufg_I_O)         0.029    -1.689 r  clk_div/inst/clkout2_buf/O
                         net (fo=140, routed)         0.942    -0.747    IIC/clk_out2
    SLICE_X4Y134         FDCE                                         r  IIC/mI2C_CLK_DIV_reg[0]/C
                         clock pessimism              0.555    -0.192    
                         clock uncertainty            0.226     0.034    
    SLICE_X4Y134         FDCE (Remov_fdce_C_CLR)     -0.092    -0.058    IIC/mI2C_CLK_DIV_reg[0]
  -------------------------------------------------------------------
                         required time                          0.058    
                         arrival time                           0.252    
  -------------------------------------------------------------------
                         slack                                  0.310    

Slack (MET) :             0.310ns  (arrival time - required time)
  Source:                 btn_debounce/o_reg/C
                            (rising edge-triggered cell FDRE clocked by clk_out1_clk_wiz_0  {rise@0.000ns fall@10.000ns period=20.000ns})
  Destination:            IIC/mI2C_CLK_DIV_reg[1]/CLR
                            (removal check against rising-edge clock clk_out2_clk_wiz_0  {rise@0.000ns fall@20.000ns period=40.000ns})
  Path Group:             **async_default**
  Path Type:              Removal (Min at Fast Process Corner)
  Requirement:            0.000ns  (clk_out2_clk_wiz_0 rise@0.000ns - clk_out1_clk_wiz_0 rise@0.000ns)
  Data Path Delay:        0.762ns  (logic 0.141ns (18.507%)  route 0.621ns (81.493%))
  Logic Levels:           0  
  Clock Path Skew:        0.318ns (DCD - SCD - CPR)
    Destination Clock Delay (DCD):    -0.747ns
    Source Clock Delay      (SCD):    -0.510ns
    Clock Pessimism Removal (CPR):    -0.555ns
  Clock Uncertainty:      0.226ns  ((TSJ^2 + DJ^2)^1/2) / 2 + PE
    Total System Jitter     (TSJ):    0.071ns
    Discrete Jitter          (DJ):    0.200ns
    Phase Error              (PE):    0.120ns

    Location             Delay type                Incr(ns)  Path(ns)    Netlist Resource(s)
  -------------------------------------------------------------------    -------------------
                         (clock clk_out1_clk_wiz_0 rise edge)
                                                      0.000     0.000 r  
    W5                                                0.000     0.000 r  clk100 (IN)
                         net (fo=0)                   0.000     0.000    clk_div/inst/clk_in1
    W5                   IBUF (Prop_ibuf_I_O)         0.226     0.226 r  clk_div/inst/clkin1_ibufg/O
                         net (fo=1, routed)           0.440     0.667    clk_div/inst/clk_in1_clk_wiz_0
    MMCME2_ADV_X1Y0      MMCME2_ADV (Prop_mmcme2_adv_CLKIN1_CLKOUT0)
                                                     -2.360    -1.693 r  clk_div/inst/mmcm_adv_inst/CLKOUT0
                         net (fo=1, routed)           0.486    -1.207    clk_div/inst/clk_out1_clk_wiz_0
    BUFGCTRL_X0Y2        BUFG (Prop_bufg_I_O)         0.026    -1.181 r  clk_div/inst/clkout1_buf/O
                         net (fo=25, routed)          0.671    -0.510    btn_debounce/clk_out1
    SLICE_X1Y134         FDRE                                         r  btn_debounce/o_reg/C
  -------------------------------------------------------------------    -------------------
    SLICE_X1Y134         FDRE (Prop_fdre_C_Q)         0.141    -0.369 f  btn_debounce/o_reg/Q
                         net (fo=43, routed)          0.621     0.252    IIC/o
    SLICE_X4Y134         FDCE                                         f  IIC/mI2C_CLK_DIV_reg[1]/CLR
  -------------------------------------------------------------------    -------------------

                         (clock clk_out2_clk_wiz_0 rise edge)
                                                      0.000     0.000 r  
    W5                                                0.000     0.000 r  clk100 (IN)
                         net (fo=0)                   0.000     0.000    clk_div/inst/clk_in1
    W5                   IBUF (Prop_ibuf_I_O)         0.414     0.414 r  clk_div/inst/clkin1_ibufg/O
                         net (fo=1, routed)           0.480     0.894    clk_div/inst/clk_in1_clk_wiz_0
    MMCME2_ADV_X1Y0      MMCME2_ADV (Prop_mmcme2_adv_CLKIN1_CLKOUT1)
                                                     -3.142    -2.248 r  clk_div/inst/mmcm_adv_inst/CLKOUT1
                         net (fo=1, routed)           0.530    -1.718    clk_div/inst/clk_out2_clk_wiz_0
    BUFGCTRL_X0Y1        BUFG (Prop_bufg_I_O)         0.029    -1.689 r  clk_div/inst/clkout2_buf/O
                         net (fo=140, routed)         0.942    -0.747    IIC/clk_out2
    SLICE_X4Y134         FDCE                                         r  IIC/mI2C_CLK_DIV_reg[1]/C
                         clock pessimism              0.555    -0.192    
                         clock uncertainty            0.226     0.034    
    SLICE_X4Y134         FDCE (Remov_fdce_C_CLR)     -0.092    -0.058    IIC/mI2C_CLK_DIV_reg[1]
  -------------------------------------------------------------------
                         required time                          0.058    
                         arrival time                           0.252    
  -------------------------------------------------------------------
                         slack                                  0.310    

Slack (MET) :             0.310ns  (arrival time - required time)
  Source:                 btn_debounce/o_reg/C
                            (rising edge-triggered cell FDRE clocked by clk_out1_clk_wiz_0  {rise@0.000ns fall@10.000ns period=20.000ns})
  Destination:            IIC/mI2C_CLK_DIV_reg[2]/CLR
                            (removal check against rising-edge clock clk_out2_clk_wiz_0  {rise@0.000ns fall@20.000ns period=40.000ns})
  Path Group:             **async_default**
  Path Type:              Removal (Min at Fast Process Corner)
  Requirement:            0.000ns  (clk_out2_clk_wiz_0 rise@0.000ns - clk_out1_clk_wiz_0 rise@0.000ns)
  Data Path Delay:        0.762ns  (logic 0.141ns (18.507%)  route 0.621ns (81.493%))
  Logic Levels:           0  
  Clock Path Skew:        0.318ns (DCD - SCD - CPR)
    Destination Clock Delay (DCD):    -0.747ns
    Source Clock Delay      (SCD):    -0.510ns
    Clock Pessimism Removal (CPR):    -0.555ns
  Clock Uncertainty:      0.226ns  ((TSJ^2 + DJ^2)^1/2) / 2 + PE
    Total System Jitter     (TSJ):    0.071ns
    Discrete Jitter          (DJ):    0.200ns
    Phase Error              (PE):    0.120ns

    Location             Delay type                Incr(ns)  Path(ns)    Netlist Resource(s)
  -------------------------------------------------------------------    -------------------
                         (clock clk_out1_clk_wiz_0 rise edge)
                                                      0.000     0.000 r  
    W5                                                0.000     0.000 r  clk100 (IN)
                         net (fo=0)                   0.000     0.000    clk_div/inst/clk_in1
    W5                   IBUF (Prop_ibuf_I_O)         0.226     0.226 r  clk_div/inst/clkin1_ibufg/O
                         net (fo=1, routed)           0.440     0.667    clk_div/inst/clk_in1_clk_wiz_0
    MMCME2_ADV_X1Y0      MMCME2_ADV (Prop_mmcme2_adv_CLKIN1_CLKOUT0)
                                                     -2.360    -1.693 r  clk_div/inst/mmcm_adv_inst/CLKOUT0
                         net (fo=1, routed)           0.486    -1.207    clk_div/inst/clk_out1_clk_wiz_0
    BUFGCTRL_X0Y2        BUFG (Prop_bufg_I_O)         0.026    -1.181 r  clk_div/inst/clkout1_buf/O
                         net (fo=25, routed)          0.671    -0.510    btn_debounce/clk_out1
    SLICE_X1Y134         FDRE                                         r  btn_debounce/o_reg/C
  -------------------------------------------------------------------    -------------------
    SLICE_X1Y134         FDRE (Prop_fdre_C_Q)         0.141    -0.369 f  btn_debounce/o_reg/Q
                         net (fo=43, routed)          0.621     0.252    IIC/o
    SLICE_X4Y134         FDCE                                         f  IIC/mI2C_CLK_DIV_reg[2]/CLR
  -------------------------------------------------------------------    -------------------

                         (clock clk_out2_clk_wiz_0 rise edge)
                                                      0.000     0.000 r  
    W5                                                0.000     0.000 r  clk100 (IN)
                         net (fo=0)                   0.000     0.000    clk_div/inst/clk_in1
    W5                   IBUF (Prop_ibuf_I_O)         0.414     0.414 r  clk_div/inst/clkin1_ibufg/O
                         net (fo=1, routed)           0.480     0.894    clk_div/inst/clk_in1_clk_wiz_0
    MMCME2_ADV_X1Y0      MMCME2_ADV (Prop_mmcme2_adv_CLKIN1_CLKOUT1)
                                                     -3.142    -2.248 r  clk_div/inst/mmcm_adv_inst/CLKOUT1
                         net (fo=1, routed)           0.530    -1.718    clk_div/inst/clk_out2_clk_wiz_0
    BUFGCTRL_X0Y1        BUFG (Prop_bufg_I_O)         0.029    -1.689 r  clk_div/inst/clkout2_buf/O
                         net (fo=140, routed)         0.942    -0.747    IIC/clk_out2
    SLICE_X4Y134         FDCE                                         r  IIC/mI2C_CLK_DIV_reg[2]/C
                         clock pessimism              0.555    -0.192    
                         clock uncertainty            0.226     0.034    
    SLICE_X4Y134         FDCE (Remov_fdce_C_CLR)     -0.092    -0.058    IIC/mI2C_CLK_DIV_reg[2]
  -------------------------------------------------------------------
                         required time                          0.058    
                         arrival time                           0.252    
  -------------------------------------------------------------------
                         slack                                  0.310    

Slack (MET) :             0.310ns  (arrival time - required time)
  Source:                 btn_debounce/o_reg/C
                            (rising edge-triggered cell FDRE clocked by clk_out1_clk_wiz_0  {rise@0.000ns fall@10.000ns period=20.000ns})
  Destination:            IIC/mI2C_CLK_DIV_reg[3]/CLR
                            (removal check against rising-edge clock clk_out2_clk_wiz_0  {rise@0.000ns fall@20.000ns period=40.000ns})
  Path Group:             **async_default**
  Path Type:              Removal (Min at Fast Process Corner)
  Requirement:            0.000ns  (clk_out2_clk_wiz_0 rise@0.000ns - clk_out1_clk_wiz_0 rise@0.000ns)
  Data Path Delay:        0.762ns  (logic 0.141ns (18.507%)  route 0.621ns (81.493%))
  Logic Levels:           0  
  Clock Path Skew:        0.318ns (DCD - SCD - CPR)
    Destination Clock Delay (DCD):    -0.747ns
    Source Clock Delay      (SCD):    -0.510ns
    Clock Pessimism Removal (CPR):    -0.555ns
  Clock Uncertainty:      0.226ns  ((TSJ^2 + DJ^2)^1/2) / 2 + PE
    Total System Jitter     (TSJ):    0.071ns
    Discrete Jitter          (DJ):    0.200ns
    Phase Error              (PE):    0.120ns

    Location             Delay type                Incr(ns)  Path(ns)    Netlist Resource(s)
  -------------------------------------------------------------------    -------------------
                         (clock clk_out1_clk_wiz_0 rise edge)
                                                      0.000     0.000 r  
    W5                                                0.000     0.000 r  clk100 (IN)
                         net (fo=0)                   0.000     0.000    clk_div/inst/clk_in1
    W5                   IBUF (Prop_ibuf_I_O)         0.226     0.226 r  clk_div/inst/clkin1_ibufg/O
                         net (fo=1, routed)           0.440     0.667    clk_div/inst/clk_in1_clk_wiz_0
    MMCME2_ADV_X1Y0      MMCME2_ADV (Prop_mmcme2_adv_CLKIN1_CLKOUT0)
                                                     -2.360    -1.693 r  clk_div/inst/mmcm_adv_inst/CLKOUT0
                         net (fo=1, routed)           0.486    -1.207    clk_div/inst/clk_out1_clk_wiz_0
    BUFGCTRL_X0Y2        BUFG (Prop_bufg_I_O)         0.026    -1.181 r  clk_div/inst/clkout1_buf/O
                         net (fo=25, routed)          0.671    -0.510    btn_debounce/clk_out1
    SLICE_X1Y134         FDRE                                         r  btn_debounce/o_reg/C
  -------------------------------------------------------------------    -------------------
    SLICE_X1Y134         FDRE (Prop_fdre_C_Q)         0.141    -0.369 f  btn_debounce/o_reg/Q
                         net (fo=43, routed)          0.621     0.252    IIC/o
    SLICE_X4Y134         FDCE                                         f  IIC/mI2C_CLK_DIV_reg[3]/CLR
  -------------------------------------------------------------------    -------------------

                         (clock clk_out2_clk_wiz_0 rise edge)
                                                      0.000     0.000 r  
    W5                                                0.000     0.000 r  clk100 (IN)
                         net (fo=0)                   0.000     0.000    clk_div/inst/clk_in1
    W5                   IBUF (Prop_ibuf_I_O)         0.414     0.414 r  clk_div/inst/clkin1_ibufg/O
                         net (fo=1, routed)           0.480     0.894    clk_div/inst/clk_in1_clk_wiz_0
    MMCME2_ADV_X1Y0      MMCME2_ADV (Prop_mmcme2_adv_CLKIN1_CLKOUT1)
                                                     -3.142    -2.248 r  clk_div/inst/mmcm_adv_inst/CLKOUT1
                         net (fo=1, routed)           0.530    -1.718    clk_div/inst/clk_out2_clk_wiz_0
    BUFGCTRL_X0Y1        BUFG (Prop_bufg_I_O)         0.029    -1.689 r  clk_div/inst/clkout2_buf/O
                         net (fo=140, routed)         0.942    -0.747    IIC/clk_out2
    SLICE_X4Y134         FDCE                                         r  IIC/mI2C_CLK_DIV_reg[3]/C
                         clock pessimism              0.555    -0.192    
                         clock uncertainty            0.226     0.034    
    SLICE_X4Y134         FDCE (Remov_fdce_C_CLR)     -0.092    -0.058    IIC/mI2C_CLK_DIV_reg[3]
  -------------------------------------------------------------------
                         required time                          0.058    
                         arrival time                           0.252    
  -------------------------------------------------------------------
                         slack                                  0.310    

Slack (MET) :             0.310ns  (arrival time - required time)
  Source:                 btn_debounce/o_reg/C
                            (rising edge-triggered cell FDRE clocked by clk_out1_clk_wiz_0  {rise@0.000ns fall@10.000ns period=20.000ns})
  Destination:            IIC/mI2C_CLK_DIV_reg[4]/CLR
                            (removal check against rising-edge clock clk_out2_clk_wiz_0  {rise@0.000ns fall@20.000ns period=40.000ns})
  Path Group:             **async_default**
  Path Type:              Removal (Min at Fast Process Corner)
  Requirement:            0.000ns  (clk_out2_clk_wiz_0 rise@0.000ns - clk_out1_clk_wiz_0 rise@0.000ns)
  Data Path Delay:        0.762ns  (logic 0.141ns (18.507%)  route 0.621ns (81.493%))
  Logic Levels:           0  
  Clock Path Skew:        0.318ns (DCD - SCD - CPR)
    Destination Clock Delay (DCD):    -0.747ns
    Source Clock Delay      (SCD):    -0.510ns
    Clock Pessimism Removal (CPR):    -0.555ns
  Clock Uncertainty:      0.226ns  ((TSJ^2 + DJ^2)^1/2) / 2 + PE
    Total System Jitter     (TSJ):    0.071ns
    Discrete Jitter          (DJ):    0.200ns
    Phase Error              (PE):    0.120ns

    Location             Delay type                Incr(ns)  Path(ns)    Netlist Resource(s)
  -------------------------------------------------------------------    -------------------
                         (clock clk_out1_clk_wiz_0 rise edge)
                                                      0.000     0.000 r  
    W5                                                0.000     0.000 r  clk100 (IN)
                         net (fo=0)                   0.000     0.000    clk_div/inst/clk_in1
    W5                   IBUF (Prop_ibuf_I_O)         0.226     0.226 r  clk_div/inst/clkin1_ibufg/O
                         net (fo=1, routed)           0.440     0.667    clk_div/inst/clk_in1_clk_wiz_0
    MMCME2_ADV_X1Y0      MMCME2_ADV (Prop_mmcme2_adv_CLKIN1_CLKOUT0)
                                                     -2.360    -1.693 r  clk_div/inst/mmcm_adv_inst/CLKOUT0
                         net (fo=1, routed)           0.486    -1.207    clk_div/inst/clk_out1_clk_wiz_0
    BUFGCTRL_X0Y2        BUFG (Prop_bufg_I_O)         0.026    -1.181 r  clk_div/inst/clkout1_buf/O
                         net (fo=25, routed)          0.671    -0.510    btn_debounce/clk_out1
    SLICE_X1Y134         FDRE                                         r  btn_debounce/o_reg/C
  -------------------------------------------------------------------    -------------------
    SLICE_X1Y134         FDRE (Prop_fdre_C_Q)         0.141    -0.369 f  btn_debounce/o_reg/Q
                         net (fo=43, routed)          0.621     0.252    IIC/o
    SLICE_X4Y134         FDCE                                         f  IIC/mI2C_CLK_DIV_reg[4]/CLR
  -------------------------------------------------------------------    -------------------

                         (clock clk_out2_clk_wiz_0 rise edge)
                                                      0.000     0.000 r  
    W5                                                0.000     0.000 r  clk100 (IN)
                         net (fo=0)                   0.000     0.000    clk_div/inst/clk_in1
    W5                   IBUF (Prop_ibuf_I_O)         0.414     0.414 r  clk_div/inst/clkin1_ibufg/O
                         net (fo=1, routed)           0.480     0.894    clk_div/inst/clk_in1_clk_wiz_0
    MMCME2_ADV_X1Y0      MMCME2_ADV (Prop_mmcme2_adv_CLKIN1_CLKOUT1)
                                                     -3.142    -2.248 r  clk_div/inst/mmcm_adv_inst/CLKOUT1
                         net (fo=1, routed)           0.530    -1.718    clk_div/inst/clk_out2_clk_wiz_0
    BUFGCTRL_X0Y1        BUFG (Prop_bufg_I_O)         0.029    -1.689 r  clk_div/inst/clkout2_buf/O
                         net (fo=140, routed)         0.942    -0.747    IIC/clk_out2
    SLICE_X4Y134         FDCE                                         r  IIC/mI2C_CLK_DIV_reg[4]/C
                         clock pessimism              0.555    -0.192    
                         clock uncertainty            0.226     0.034    
    SLICE_X4Y134         FDCE (Remov_fdce_C_CLR)     -0.092    -0.058    IIC/mI2C_CLK_DIV_reg[4]
  -------------------------------------------------------------------
                         required time                          0.058    
                         arrival time                           0.252    
  -------------------------------------------------------------------
                         slack                                  0.310    

Slack (MET) :             0.375ns  (arrival time - required time)
  Source:                 btn_debounce/o_reg/C
                            (rising edge-triggered cell FDRE clocked by clk_out1_clk_wiz_0  {rise@0.000ns fall@10.000ns period=20.000ns})
  Destination:            IIC/mI2C_CLK_DIV_reg[10]/CLR
                            (removal check against rising-edge clock clk_out2_clk_wiz_0  {rise@0.000ns fall@20.000ns period=40.000ns})
  Path Group:             **async_default**
  Path Type:              Removal (Min at Fast Process Corner)
  Requirement:            0.000ns  (clk_out2_clk_wiz_0 rise@0.000ns - clk_out1_clk_wiz_0 rise@0.000ns)
  Data Path Delay:        0.828ns  (logic 0.141ns (17.025%)  route 0.687ns (82.975%))
  Logic Levels:           0  
  Clock Path Skew:        0.319ns (DCD - SCD - CPR)
    Destination Clock Delay (DCD):    -0.746ns
    Source Clock Delay      (SCD):    -0.510ns
    Clock Pessimism Removal (CPR):    -0.555ns
  Clock Uncertainty:      0.226ns  ((TSJ^2 + DJ^2)^1/2) / 2 + PE
    Total System Jitter     (TSJ):    0.071ns
    Discrete Jitter          (DJ):    0.200ns
    Phase Error              (PE):    0.120ns

    Location             Delay type                Incr(ns)  Path(ns)    Netlist Resource(s)
  -------------------------------------------------------------------    -------------------
                         (clock clk_out1_clk_wiz_0 rise edge)
                                                      0.000     0.000 r  
    W5                                                0.000     0.000 r  clk100 (IN)
                         net (fo=0)                   0.000     0.000    clk_div/inst/clk_in1
    W5                   IBUF (Prop_ibuf_I_O)         0.226     0.226 r  clk_div/inst/clkin1_ibufg/O
                         net (fo=1, routed)           0.440     0.667    clk_div/inst/clk_in1_clk_wiz_0
    MMCME2_ADV_X1Y0      MMCME2_ADV (Prop_mmcme2_adv_CLKIN1_CLKOUT0)
                                                     -2.360    -1.693 r  clk_div/inst/mmcm_adv_inst/CLKOUT0
                         net (fo=1, routed)           0.486    -1.207    clk_div/inst/clk_out1_clk_wiz_0
    BUFGCTRL_X0Y2        BUFG (Prop_bufg_I_O)         0.026    -1.181 r  clk_div/inst/clkout1_buf/O
                         net (fo=25, routed)          0.671    -0.510    btn_debounce/clk_out1
    SLICE_X1Y134         FDRE                                         r  btn_debounce/o_reg/C
  -------------------------------------------------------------------    -------------------
    SLICE_X1Y134         FDRE (Prop_fdre_C_Q)         0.141    -0.369 f  btn_debounce/o_reg/Q
                         net (fo=43, routed)          0.687     0.318    IIC/o
    SLICE_X5Y135         FDCE                                         f  IIC/mI2C_CLK_DIV_reg[10]/CLR
  -------------------------------------------------------------------    -------------------

                         (clock clk_out2_clk_wiz_0 rise edge)
                                                      0.000     0.000 r  
    W5                                                0.000     0.000 r  clk100 (IN)
                         net (fo=0)                   0.000     0.000    clk_div/inst/clk_in1
    W5                   IBUF (Prop_ibuf_I_O)         0.414     0.414 r  clk_div/inst/clkin1_ibufg/O
                         net (fo=1, routed)           0.480     0.894    clk_div/inst/clk_in1_clk_wiz_0
    MMCME2_ADV_X1Y0      MMCME2_ADV (Prop_mmcme2_adv_CLKIN1_CLKOUT1)
                                                     -3.142    -2.248 r  clk_div/inst/mmcm_adv_inst/CLKOUT1
                         net (fo=1, routed)           0.530    -1.718    clk_div/inst/clk_out2_clk_wiz_0
    BUFGCTRL_X0Y1        BUFG (Prop_bufg_I_O)         0.029    -1.689 r  clk_div/inst/clkout2_buf/O
                         net (fo=140, routed)         0.943    -0.746    IIC/clk_out2
    SLICE_X5Y135         FDCE                                         r  IIC/mI2C_CLK_DIV_reg[10]/C
                         clock pessimism              0.555    -0.191    
                         clock uncertainty            0.226     0.035    
    SLICE_X5Y135         FDCE (Remov_fdce_C_CLR)     -0.092    -0.057    IIC/mI2C_CLK_DIV_reg[10]
  -------------------------------------------------------------------
                         required time                          0.057    
                         arrival time                           0.318    
  -------------------------------------------------------------------
                         slack                                  0.375    

Slack (MET) :             0.375ns  (arrival time - required time)
  Source:                 btn_debounce/o_reg/C
                            (rising edge-triggered cell FDRE clocked by clk_out1_clk_wiz_0  {rise@0.000ns fall@10.000ns period=20.000ns})
  Destination:            IIC/mI2C_CLK_DIV_reg[5]/CLR
                            (removal check against rising-edge clock clk_out2_clk_wiz_0  {rise@0.000ns fall@20.000ns period=40.000ns})
  Path Group:             **async_default**
  Path Type:              Removal (Min at Fast Process Corner)
  Requirement:            0.000ns  (clk_out2_clk_wiz_0 rise@0.000ns - clk_out1_clk_wiz_0 rise@0.000ns)
  Data Path Delay:        0.828ns  (logic 0.141ns (17.025%)  route 0.687ns (82.975%))
  Logic Levels:           0  
  Clock Path Skew:        0.319ns (DCD - SCD - CPR)
    Destination Clock Delay (DCD):    -0.746ns
    Source Clock Delay      (SCD):    -0.510ns
    Clock Pessimism Removal (CPR):    -0.555ns
  Clock Uncertainty:      0.226ns  ((TSJ^2 + DJ^2)^1/2) / 2 + PE
    Total System Jitter     (TSJ):    0.071ns
    Discrete Jitter          (DJ):    0.200ns
    Phase Error              (PE):    0.120ns

    Location             Delay type                Incr(ns)  Path(ns)    Netlist Resource(s)
  -------------------------------------------------------------------    -------------------
                         (clock clk_out1_clk_wiz_0 rise edge)
                                                      0.000     0.000 r  
    W5                                                0.000     0.000 r  clk100 (IN)
                         net (fo=0)                   0.000     0.000    clk_div/inst/clk_in1
    W5                   IBUF (Prop_ibuf_I_O)         0.226     0.226 r  clk_div/inst/clkin1_ibufg/O
                         net (fo=1, routed)           0.440     0.667    clk_div/inst/clk_in1_clk_wiz_0
    MMCME2_ADV_X1Y0      MMCME2_ADV (Prop_mmcme2_adv_CLKIN1_CLKOUT0)
                                                     -2.360    -1.693 r  clk_div/inst/mmcm_adv_inst/CLKOUT0
                         net (fo=1, routed)           0.486    -1.207    clk_div/inst/clk_out1_clk_wiz_0
    BUFGCTRL_X0Y2        BUFG (Prop_bufg_I_O)         0.026    -1.181 r  clk_div/inst/clkout1_buf/O
                         net (fo=25, routed)          0.671    -0.510    btn_debounce/clk_out1
    SLICE_X1Y134         FDRE                                         r  btn_debounce/o_reg/C
  -------------------------------------------------------------------    -------------------
    SLICE_X1Y134         FDRE (Prop_fdre_C_Q)         0.141    -0.369 f  btn_debounce/o_reg/Q
                         net (fo=43, routed)          0.687     0.318    IIC/o
    SLICE_X5Y135         FDCE                                         f  IIC/mI2C_CLK_DIV_reg[5]/CLR
  -------------------------------------------------------------------    -------------------

                         (clock clk_out2_clk_wiz_0 rise edge)
                                                      0.000     0.000 r  
    W5                                                0.000     0.000 r  clk100 (IN)
                         net (fo=0)                   0.000     0.000    clk_div/inst/clk_in1
    W5                   IBUF (Prop_ibuf_I_O)         0.414     0.414 r  clk_div/inst/clkin1_ibufg/O
                         net (fo=1, routed)           0.480     0.894    clk_div/inst/clk_in1_clk_wiz_0
    MMCME2_ADV_X1Y0      MMCME2_ADV (Prop_mmcme2_adv_CLKIN1_CLKOUT1)
                                                     -3.142    -2.248 r  clk_div/inst/mmcm_adv_inst/CLKOUT1
                         net (fo=1, routed)           0.530    -1.718    clk_div/inst/clk_out2_clk_wiz_0
    BUFGCTRL_X0Y1        BUFG (Prop_bufg_I_O)         0.029    -1.689 r  clk_div/inst/clkout2_buf/O
                         net (fo=140, routed)         0.943    -0.746    IIC/clk_out2
    SLICE_X5Y135         FDCE                                         r  IIC/mI2C_CLK_DIV_reg[5]/C
                         clock pessimism              0.555    -0.191    
                         clock uncertainty            0.226     0.035    
    SLICE_X5Y135         FDCE (Remov_fdce_C_CLR)     -0.092    -0.057    IIC/mI2C_CLK_DIV_reg[5]
  -------------------------------------------------------------------
                         required time                          0.057    
                         arrival time                           0.318    
  -------------------------------------------------------------------
                         slack                                  0.375    

Slack (MET) :             0.375ns  (arrival time - required time)
  Source:                 btn_debounce/o_reg/C
                            (rising edge-triggered cell FDRE clocked by clk_out1_clk_wiz_0  {rise@0.000ns fall@10.000ns period=20.000ns})
  Destination:            IIC/mI2C_CTRL_CLK_reg/CLR
                            (removal check against rising-edge clock clk_out2_clk_wiz_0  {rise@0.000ns fall@20.000ns period=40.000ns})
  Path Group:             **async_default**
  Path Type:              Removal (Min at Fast Process Corner)
  Requirement:            0.000ns  (clk_out2_clk_wiz_0 rise@0.000ns - clk_out1_clk_wiz_0 rise@0.000ns)
  Data Path Delay:        0.828ns  (logic 0.141ns (17.025%)  route 0.687ns (82.975%))
  Logic Levels:           0  
  Clock Path Skew:        0.319ns (DCD - SCD - CPR)
    Destination Clock Delay (DCD):    -0.746ns
    Source Clock Delay      (SCD):    -0.510ns
    Clock Pessimism Removal (CPR):    -0.555ns
  Clock Uncertainty:      0.226ns  ((TSJ^2 + DJ^2)^1/2) / 2 + PE
    Total System Jitter     (TSJ):    0.071ns
    Discrete Jitter          (DJ):    0.200ns
    Phase Error              (PE):    0.120ns

    Location             Delay type                Incr(ns)  Path(ns)    Netlist Resource(s)
  -------------------------------------------------------------------    -------------------
                         (clock clk_out1_clk_wiz_0 rise edge)
                                                      0.000     0.000 r  
    W5                                                0.000     0.000 r  clk100 (IN)
                         net (fo=0)                   0.000     0.000    clk_div/inst/clk_in1
    W5                   IBUF (Prop_ibuf_I_O)         0.226     0.226 r  clk_div/inst/clkin1_ibufg/O
                         net (fo=1, routed)           0.440     0.667    clk_div/inst/clk_in1_clk_wiz_0
    MMCME2_ADV_X1Y0      MMCME2_ADV (Prop_mmcme2_adv_CLKIN1_CLKOUT0)
                                                     -2.360    -1.693 r  clk_div/inst/mmcm_adv_inst/CLKOUT0
                         net (fo=1, routed)           0.486    -1.207    clk_div/inst/clk_out1_clk_wiz_0
    BUFGCTRL_X0Y2        BUFG (Prop_bufg_I_O)         0.026    -1.181 r  clk_div/inst/clkout1_buf/O
                         net (fo=25, routed)          0.671    -0.510    btn_debounce/clk_out1
    SLICE_X1Y134         FDRE                                         r  btn_debounce/o_reg/C
  -------------------------------------------------------------------    -------------------
    SLICE_X1Y134         FDRE (Prop_fdre_C_Q)         0.141    -0.369 f  btn_debounce/o_reg/Q
                         net (fo=43, routed)          0.687     0.318    IIC/o
    SLICE_X5Y135         FDCE                                         f  IIC/mI2C_CTRL_CLK_reg/CLR
  -------------------------------------------------------------------    -------------------

                         (clock clk_out2_clk_wiz_0 rise edge)
                                                      0.000     0.000 r  
    W5                                                0.000     0.000 r  clk100 (IN)
                         net (fo=0)                   0.000     0.000    clk_div/inst/clk_in1
    W5                   IBUF (Prop_ibuf_I_O)         0.414     0.414 r  clk_div/inst/clkin1_ibufg/O
                         net (fo=1, routed)           0.480     0.894    clk_div/inst/clk_in1_clk_wiz_0
    MMCME2_ADV_X1Y0      MMCME2_ADV (Prop_mmcme2_adv_CLKIN1_CLKOUT1)
                                                     -3.142    -2.248 r  clk_div/inst/mmcm_adv_inst/CLKOUT1
                         net (fo=1, routed)           0.530    -1.718    clk_div/inst/clk_out2_clk_wiz_0
    BUFGCTRL_X0Y1        BUFG (Prop_bufg_I_O)         0.029    -1.689 r  clk_div/inst/clkout2_buf/O
                         net (fo=140, routed)         0.943    -0.746    IIC/clk_out2
    SLICE_X5Y135         FDCE                                         r  IIC/mI2C_CTRL_CLK_reg/C
                         clock pessimism              0.555    -0.191    
                         clock uncertainty            0.226     0.035    
    SLICE_X5Y135         FDCE (Remov_fdce_C_CLR)     -0.092    -0.057    IIC/mI2C_CTRL_CLK_reg
  -------------------------------------------------------------------
                         required time                          0.057    
                         arrival time                           0.318    
  -------------------------------------------------------------------
                         slack                                  0.375    

Slack (MET) :             0.380ns  (arrival time - required time)
  Source:                 btn_debounce/o_reg/C
                            (rising edge-triggered cell FDRE clocked by clk_out1_clk_wiz_0  {rise@0.000ns fall@10.000ns period=20.000ns})
  Destination:            IIC/mI2C_CLK_DIV_reg[6]/CLR
                            (removal check against rising-edge clock clk_out2_clk_wiz_0  {rise@0.000ns fall@20.000ns period=40.000ns})
  Path Group:             **async_default**
  Path Type:              Removal (Min at Fast Process Corner)
  Requirement:            0.000ns  (clk_out2_clk_wiz_0 rise@0.000ns - clk_out1_clk_wiz_0 rise@0.000ns)
  Data Path Delay:        0.833ns  (logic 0.141ns (16.936%)  route 0.692ns (83.064%))
  Logic Levels:           0  
  Clock Path Skew:        0.319ns (DCD - SCD - CPR)
    Destination Clock Delay (DCD):    -0.746ns
    Source Clock Delay      (SCD):    -0.510ns
    Clock Pessimism Removal (CPR):    -0.555ns
  Clock Uncertainty:      0.226ns  ((TSJ^2 + DJ^2)^1/2) / 2 + PE
    Total System Jitter     (TSJ):    0.071ns
    Discrete Jitter          (DJ):    0.200ns
    Phase Error              (PE):    0.120ns

    Location             Delay type                Incr(ns)  Path(ns)    Netlist Resource(s)
  -------------------------------------------------------------------    -------------------
                         (clock clk_out1_clk_wiz_0 rise edge)
                                                      0.000     0.000 r  
    W5                                                0.000     0.000 r  clk100 (IN)
                         net (fo=0)                   0.000     0.000    clk_div/inst/clk_in1
    W5                   IBUF (Prop_ibuf_I_O)         0.226     0.226 r  clk_div/inst/clkin1_ibufg/O
                         net (fo=1, routed)           0.440     0.667    clk_div/inst/clk_in1_clk_wiz_0
    MMCME2_ADV_X1Y0      MMCME2_ADV (Prop_mmcme2_adv_CLKIN1_CLKOUT0)
                                                     -2.360    -1.693 r  clk_div/inst/mmcm_adv_inst/CLKOUT0
                         net (fo=1, routed)           0.486    -1.207    clk_div/inst/clk_out1_clk_wiz_0
    BUFGCTRL_X0Y2        BUFG (Prop_bufg_I_O)         0.026    -1.181 r  clk_div/inst/clkout1_buf/O
                         net (fo=25, routed)          0.671    -0.510    btn_debounce/clk_out1
    SLICE_X1Y134         FDRE                                         r  btn_debounce/o_reg/C
  -------------------------------------------------------------------    -------------------
    SLICE_X1Y134         FDRE (Prop_fdre_C_Q)         0.141    -0.369 f  btn_debounce/o_reg/Q
                         net (fo=43, routed)          0.692     0.323    IIC/o
    SLICE_X4Y135         FDCE                                         f  IIC/mI2C_CLK_DIV_reg[6]/CLR
  -------------------------------------------------------------------    -------------------

                         (clock clk_out2_clk_wiz_0 rise edge)
                                                      0.000     0.000 r  
    W5                                                0.000     0.000 r  clk100 (IN)
                         net (fo=0)                   0.000     0.000    clk_div/inst/clk_in1
    W5                   IBUF (Prop_ibuf_I_O)         0.414     0.414 r  clk_div/inst/clkin1_ibufg/O
                         net (fo=1, routed)           0.480     0.894    clk_div/inst/clk_in1_clk_wiz_0
    MMCME2_ADV_X1Y0      MMCME2_ADV (Prop_mmcme2_adv_CLKIN1_CLKOUT1)
                                                     -3.142    -2.248 r  clk_div/inst/mmcm_adv_inst/CLKOUT1
                         net (fo=1, routed)           0.530    -1.718    clk_div/inst/clk_out2_clk_wiz_0
    BUFGCTRL_X0Y1        BUFG (Prop_bufg_I_O)         0.029    -1.689 r  clk_div/inst/clkout2_buf/O
                         net (fo=140, routed)         0.943    -0.746    IIC/clk_out2
    SLICE_X4Y135         FDCE                                         r  IIC/mI2C_CLK_DIV_reg[6]/C
                         clock pessimism              0.555    -0.191    
                         clock uncertainty            0.226     0.035    
    SLICE_X4Y135         FDCE (Remov_fdce_C_CLR)     -0.092    -0.057    IIC/mI2C_CLK_DIV_reg[6]
  -------------------------------------------------------------------
                         required time                          0.057    
                         arrival time                           0.323    
  -------------------------------------------------------------------
                         slack                                  0.380    

Slack (MET) :             0.380ns  (arrival time - required time)
  Source:                 btn_debounce/o_reg/C
                            (rising edge-triggered cell FDRE clocked by clk_out1_clk_wiz_0  {rise@0.000ns fall@10.000ns period=20.000ns})
  Destination:            IIC/mI2C_CLK_DIV_reg[7]/CLR
                            (removal check against rising-edge clock clk_out2_clk_wiz_0  {rise@0.000ns fall@20.000ns period=40.000ns})
  Path Group:             **async_default**
  Path Type:              Removal (Min at Fast Process Corner)
  Requirement:            0.000ns  (clk_out2_clk_wiz_0 rise@0.000ns - clk_out1_clk_wiz_0 rise@0.000ns)
  Data Path Delay:        0.833ns  (logic 0.141ns (16.936%)  route 0.692ns (83.064%))
  Logic Levels:           0  
  Clock Path Skew:        0.319ns (DCD - SCD - CPR)
    Destination Clock Delay (DCD):    -0.746ns
    Source Clock Delay      (SCD):    -0.510ns
    Clock Pessimism Removal (CPR):    -0.555ns
  Clock Uncertainty:      0.226ns  ((TSJ^2 + DJ^2)^1/2) / 2 + PE
    Total System Jitter     (TSJ):    0.071ns
    Discrete Jitter          (DJ):    0.200ns
    Phase Error              (PE):    0.120ns

    Location             Delay type                Incr(ns)  Path(ns)    Netlist Resource(s)
  -------------------------------------------------------------------    -------------------
                         (clock clk_out1_clk_wiz_0 rise edge)
                                                      0.000     0.000 r  
    W5                                                0.000     0.000 r  clk100 (IN)
                         net (fo=0)                   0.000     0.000    clk_div/inst/clk_in1
    W5                   IBUF (Prop_ibuf_I_O)         0.226     0.226 r  clk_div/inst/clkin1_ibufg/O
                         net (fo=1, routed)           0.440     0.667    clk_div/inst/clk_in1_clk_wiz_0
    MMCME2_ADV_X1Y0      MMCME2_ADV (Prop_mmcme2_adv_CLKIN1_CLKOUT0)
                                                     -2.360    -1.693 r  clk_div/inst/mmcm_adv_inst/CLKOUT0
                         net (fo=1, routed)           0.486    -1.207    clk_div/inst/clk_out1_clk_wiz_0
    BUFGCTRL_X0Y2        BUFG (Prop_bufg_I_O)         0.026    -1.181 r  clk_div/inst/clkout1_buf/O
                         net (fo=25, routed)          0.671    -0.510    btn_debounce/clk_out1
    SLICE_X1Y134         FDRE                                         r  btn_debounce/o_reg/C
  -------------------------------------------------------------------    -------------------
    SLICE_X1Y134         FDRE (Prop_fdre_C_Q)         0.141    -0.369 f  btn_debounce/o_reg/Q
                         net (fo=43, routed)          0.692     0.323    IIC/o
    SLICE_X4Y135         FDCE                                         f  IIC/mI2C_CLK_DIV_reg[7]/CLR
  -------------------------------------------------------------------    -------------------

                         (clock clk_out2_clk_wiz_0 rise edge)
                                                      0.000     0.000 r  
    W5                                                0.000     0.000 r  clk100 (IN)
                         net (fo=0)                   0.000     0.000    clk_div/inst/clk_in1
    W5                   IBUF (Prop_ibuf_I_O)         0.414     0.414 r  clk_div/inst/clkin1_ibufg/O
                         net (fo=1, routed)           0.480     0.894    clk_div/inst/clk_in1_clk_wiz_0
    MMCME2_ADV_X1Y0      MMCME2_ADV (Prop_mmcme2_adv_CLKIN1_CLKOUT1)
                                                     -3.142    -2.248 r  clk_div/inst/mmcm_adv_inst/CLKOUT1
                         net (fo=1, routed)           0.530    -1.718    clk_div/inst/clk_out2_clk_wiz_0
    BUFGCTRL_X0Y1        BUFG (Prop_bufg_I_O)         0.029    -1.689 r  clk_div/inst/clkout2_buf/O
                         net (fo=140, routed)         0.943    -0.746    IIC/clk_out2
    SLICE_X4Y135         FDCE                                         r  IIC/mI2C_CLK_DIV_reg[7]/C
                         clock pessimism              0.555    -0.191    
                         clock uncertainty            0.226     0.035    
    SLICE_X4Y135         FDCE (Remov_fdce_C_CLR)     -0.092    -0.057    IIC/mI2C_CLK_DIV_reg[7]
  -------------------------------------------------------------------
                         required time                          0.057    
                         arrival time                           0.323    
  -------------------------------------------------------------------
                         slack                                  0.380    





--------------------------------------------------------------------------------------
Path Group:  (none)
From Clock:  
  To Clock:  

Max Delay           688 Endpoints
Min Delay           688 Endpoints
--------------------------------------------------------------------------------------


Max Delay Paths
--------------------------------------------------------------------------------------
Slack:                    inf
  Source:                 capture/addr/CLK
                            (rising edge-triggered cell DSP48E1)
  Destination:            u_frame_buffer/U0/inst_blk_mem_gen/gnbram.gnativebmg.native_blk_mem_gen/valid.cstr/ramloop[4].ram.r/prim_noinit.ram/DEVICE_7SERIES.NO_BMM_INFO.SDP.CASCADED_PRIM36.ram_B/ADDRARDADDR[12]
  Path Group:             (none)
  Path Type:              Max at Slow Process Corner
  Data Path Delay:        8.889ns  (logic 4.009ns (45.103%)  route 4.880ns (54.897%))
  Logic Levels:           1  (DSP48E1=1)

    Location             Delay type                Incr(ns)  Path(ns)    Netlist Resource(s)
  -------------------------------------------------------------------    -------------------
    DSP48_X1Y14          DSP48E1                      0.000     0.000 r  capture/addr/CLK
    DSP48_X1Y14          DSP48E1 (Prop_dsp48e1_CLK_P[12])
                                                      4.009     4.009 r  capture/addr/P[12]
                         net (fo=27, routed)          4.880     8.889    u_frame_buffer/U0/inst_blk_mem_gen/gnbram.gnativebmg.native_blk_mem_gen/valid.cstr/ramloop[4].ram.r/prim_noinit.ram/addra[12]
    RAMB36_X2Y5          RAMB36E1                                     r  u_frame_buffer/U0/inst_blk_mem_gen/gnbram.gnativebmg.native_blk_mem_gen/valid.cstr/ramloop[4].ram.r/prim_noinit.ram/DEVICE_7SERIES.NO_BMM_INFO.SDP.CASCADED_PRIM36.ram_B/ADDRARDADDR[12]
  -------------------------------------------------------------------    -------------------

Slack:                    inf
  Source:                 OV7670_VSYNC
                            (input port)
  Destination:            capture/addr/RSTA
  Path Group:             (none)
  Path Type:              Max at Slow Process Corner
  Data Path Delay:        8.667ns  (logic 1.594ns (18.390%)  route 7.074ns (81.610%))
  Logic Levels:           2  (IBUF=1 LUT5=1)

    Location             Delay type                Incr(ns)  Path(ns)    Netlist Resource(s)
  -------------------------------------------------------------------    -------------------
    B15                                               0.000     0.000 r  OV7670_VSYNC (IN)
                         net (fo=0)                   0.000     0.000    OV7670_VSYNC
    B15                  IBUF (Prop_ibuf_I_O)         1.470     1.470 r  OV7670_VSYNC_IBUF_inst/O
                         net (fo=6, routed)           5.864     7.334    capture/OV7670_VSYNC_IBUF
    SLICE_X54Y36         LUT5 (Prop_lut5_I4_O)        0.124     7.458 r  capture/addr_i_2/O
                         net (fo=9, routed)           1.210     8.667    capture/addr_i_2_n_0
    DSP48_X1Y14          DSP48E1                                      r  capture/addr/RSTA
  -------------------------------------------------------------------    -------------------

Slack:                    inf
  Source:                 OV7670_VSYNC
                            (input port)
  Destination:            capture/dout1_reg[2]/CE
  Path Group:             (none)
  Path Type:              Max at Slow Process Corner
  Data Path Delay:        8.649ns  (logic 1.622ns (18.753%)  route 7.027ns (81.247%))
  Logic Levels:           2  (IBUF=1 LUT2=1)

    Location             Delay type                Incr(ns)  Path(ns)    Netlist Resource(s)
  -------------------------------------------------------------------    -------------------
    B15                                               0.000     0.000 f  OV7670_VSYNC (IN)
                         net (fo=0)                   0.000     0.000    OV7670_VSYNC
    B15                  IBUF (Prop_ibuf_I_O)         1.470     1.470 f  OV7670_VSYNC_IBUF_inst/O
                         net (fo=6, routed)           5.205     6.675    capture/OV7670_VSYNC_IBUF
    SLICE_X38Y41         LUT2 (Prop_lut2_I1_O)        0.152     6.827 r  capture/dout1[11]_i_1/O
                         net (fo=13, routed)          1.822     8.649    capture/dout1[11]_i_1_n_0
    SLICE_X36Y32         FDRE                                         r  capture/dout1_reg[2]/CE
  -------------------------------------------------------------------    -------------------

Slack:                    inf
  Source:                 capture/addr/CLK
                            (rising edge-triggered cell DSP48E1)
  Destination:            u_frame_buffer/U0/inst_blk_mem_gen/gnbram.gnativebmg.native_blk_mem_gen/valid.cstr/ramloop[4].ram.r/prim_noinit.ram/DEVICE_7SERIES.NO_BMM_INFO.SDP.CASCADED_PRIM36.ram_T/ADDRARDADDR[12]
  Path Group:             (none)
  Path Type:              Max at Slow Process Corner
  Data Path Delay:        8.551ns  (logic 4.009ns (46.886%)  route 4.542ns (53.114%))
  Logic Levels:           1  (DSP48E1=1)

    Location             Delay type                Incr(ns)  Path(ns)    Netlist Resource(s)
  -------------------------------------------------------------------    -------------------
    DSP48_X1Y14          DSP48E1                      0.000     0.000 r  capture/addr/CLK
    DSP48_X1Y14          DSP48E1 (Prop_dsp48e1_CLK_P[12])
                                                      4.009     4.009 r  capture/addr/P[12]
                         net (fo=27, routed)          4.542     8.551    u_frame_buffer/U0/inst_blk_mem_gen/gnbram.gnativebmg.native_blk_mem_gen/valid.cstr/ramloop[4].ram.r/prim_noinit.ram/addra[12]
    RAMB36_X2Y6          RAMB36E1                                     r  u_frame_buffer/U0/inst_blk_mem_gen/gnbram.gnativebmg.native_blk_mem_gen/valid.cstr/ramloop[4].ram.r/prim_noinit.ram/DEVICE_7SERIES.NO_BMM_INFO.SDP.CASCADED_PRIM36.ram_T/ADDRARDADDR[12]
  -------------------------------------------------------------------    -------------------

Slack:                    inf
  Source:                 capture/addr/CLK
                            (rising edge-triggered cell DSP48E1)
  Destination:            u_frame_buffer/U0/inst_blk_mem_gen/gnbram.gnativebmg.native_blk_mem_gen/valid.cstr/ramloop[22].ram.r/prim_noinit.ram/DEVICE_7SERIES.NO_BMM_INFO.SDP.SIMPLE_PRIM36.ram/ENARDEN
  Path Group:             (none)
  Path Type:              Max at Slow Process Corner
  Data Path Delay:        8.530ns  (logic 4.133ns (48.450%)  route 4.397ns (51.549%))
  Logic Levels:           2  (DSP48E1=1 LUT6=1)

    Location             Delay type                Incr(ns)  Path(ns)    Netlist Resource(s)
  -------------------------------------------------------------------    -------------------
    DSP48_X1Y14          DSP48E1                      0.000     0.000 r  capture/addr/CLK
    DSP48_X1Y14          DSP48E1 (Prop_dsp48e1_CLK_P[13])
                                                      4.009     4.009 f  capture/addr/P[13]
                         net (fo=27, routed)          3.956     7.965    u_frame_buffer/U0/inst_blk_mem_gen/gnbram.gnativebmg.native_blk_mem_gen/valid.cstr/bindec_a.bindec_inst_a/addra[1]
    SLICE_X58Y52         LUT6 (Prop_lut6_I0_O)        0.124     8.089 r  u_frame_buffer/U0/inst_blk_mem_gen/gnbram.gnativebmg.native_blk_mem_gen/valid.cstr/bindec_a.bindec_inst_a/ENOUT_inferred__16/i_/O
                         net (fo=1, routed)           0.441     8.530    u_frame_buffer/U0/inst_blk_mem_gen/gnbram.gnativebmg.native_blk_mem_gen/valid.cstr/ramloop[22].ram.r/prim_noinit.ram/ena_array[0]
    RAMB36_X2Y10         RAMB36E1                                     r  u_frame_buffer/U0/inst_blk_mem_gen/gnbram.gnativebmg.native_blk_mem_gen/valid.cstr/ramloop[22].ram.r/prim_noinit.ram/DEVICE_7SERIES.NO_BMM_INFO.SDP.SIMPLE_PRIM36.ram/ENARDEN
  -------------------------------------------------------------------    -------------------

Slack:                    inf
  Source:                 OV7670_VSYNC
                            (input port)
  Destination:            capture/y_reg_reg[4]/R
  Path Group:             (none)
  Path Type:              Max at Slow Process Corner
  Data Path Delay:        8.369ns  (logic 1.594ns (19.046%)  route 6.775ns (80.954%))
  Logic Levels:           2  (IBUF=1 LUT5=1)

    Location             Delay type                Incr(ns)  Path(ns)    Netlist Resource(s)
  -------------------------------------------------------------------    -------------------
    B15                                               0.000     0.000 r  OV7670_VSYNC (IN)
                         net (fo=0)                   0.000     0.000    OV7670_VSYNC
    B15                  IBUF (Prop_ibuf_I_O)         1.470     1.470 r  OV7670_VSYNC_IBUF_inst/O
                         net (fo=6, routed)           5.864     7.334    capture/OV7670_VSYNC_IBUF
    SLICE_X54Y36         LUT5 (Prop_lut5_I4_O)        0.124     7.458 r  capture/addr_i_2/O
                         net (fo=9, routed)           0.911     8.369    capture/addr_i_2_n_0
    SLICE_X55Y36         FDRE                                         r  capture/y_reg_reg[4]/R
  -------------------------------------------------------------------    -------------------

Slack:                    inf
  Source:                 OV7670_VSYNC
                            (input port)
  Destination:            capture/y_reg_reg[5]/R
  Path Group:             (none)
  Path Type:              Max at Slow Process Corner
  Data Path Delay:        8.369ns  (logic 1.594ns (19.046%)  route 6.775ns (80.954%))
  Logic Levels:           2  (IBUF=1 LUT5=1)

    Location             Delay type                Incr(ns)  Path(ns)    Netlist Resource(s)
  -------------------------------------------------------------------    -------------------
    B15                                               0.000     0.000 r  OV7670_VSYNC (IN)
                         net (fo=0)                   0.000     0.000    OV7670_VSYNC
    B15                  IBUF (Prop_ibuf_I_O)         1.470     1.470 r  OV7670_VSYNC_IBUF_inst/O
                         net (fo=6, routed)           5.864     7.334    capture/OV7670_VSYNC_IBUF
    SLICE_X54Y36         LUT5 (Prop_lut5_I4_O)        0.124     7.458 r  capture/addr_i_2/O
                         net (fo=9, routed)           0.911     8.369    capture/addr_i_2_n_0
    SLICE_X55Y36         FDRE                                         r  capture/y_reg_reg[5]/R
  -------------------------------------------------------------------    -------------------

Slack:                    inf
  Source:                 OV7670_VSYNC
                            (input port)
  Destination:            capture/y_reg_reg[6]/R
  Path Group:             (none)
  Path Type:              Max at Slow Process Corner
  Data Path Delay:        8.369ns  (logic 1.594ns (19.046%)  route 6.775ns (80.954%))
  Logic Levels:           2  (IBUF=1 LUT5=1)

    Location             Delay type                Incr(ns)  Path(ns)    Netlist Resource(s)
  -------------------------------------------------------------------    -------------------
    B15                                               0.000     0.000 r  OV7670_VSYNC (IN)
                         net (fo=0)                   0.000     0.000    OV7670_VSYNC
    B15                  IBUF (Prop_ibuf_I_O)         1.470     1.470 r  OV7670_VSYNC_IBUF_inst/O
                         net (fo=6, routed)           5.864     7.334    capture/OV7670_VSYNC_IBUF
    SLICE_X54Y36         LUT5 (Prop_lut5_I4_O)        0.124     7.458 r  capture/addr_i_2/O
                         net (fo=9, routed)           0.911     8.369    capture/addr_i_2_n_0
    SLICE_X55Y36         FDRE                                         r  capture/y_reg_reg[6]/R
  -------------------------------------------------------------------    -------------------

Slack:                    inf
  Source:                 OV7670_VSYNC
                            (input port)
  Destination:            capture/y_reg_reg[7]/R
  Path Group:             (none)
  Path Type:              Max at Slow Process Corner
  Data Path Delay:        8.369ns  (logic 1.594ns (19.046%)  route 6.775ns (80.954%))
  Logic Levels:           2  (IBUF=1 LUT5=1)

    Location             Delay type                Incr(ns)  Path(ns)    Netlist Resource(s)
  -------------------------------------------------------------------    -------------------
    B15                                               0.000     0.000 r  OV7670_VSYNC (IN)
                         net (fo=0)                   0.000     0.000    OV7670_VSYNC
    B15                  IBUF (Prop_ibuf_I_O)         1.470     1.470 r  OV7670_VSYNC_IBUF_inst/O
                         net (fo=6, routed)           5.864     7.334    capture/OV7670_VSYNC_IBUF
    SLICE_X54Y36         LUT5 (Prop_lut5_I4_O)        0.124     7.458 r  capture/addr_i_2/O
                         net (fo=9, routed)           0.911     8.369    capture/addr_i_2_n_0
    SLICE_X55Y36         FDRE                                         r  capture/y_reg_reg[7]/R
  -------------------------------------------------------------------    -------------------

Slack:                    inf
  Source:                 OV7670_VSYNC
                            (input port)
  Destination:            capture/dout1_reg[7]/CE
  Path Group:             (none)
  Path Type:              Max at Slow Process Corner
  Data Path Delay:        8.365ns  (logic 1.622ns (19.389%)  route 6.743ns (80.611%))
  Logic Levels:           2  (IBUF=1 LUT2=1)

    Location             Delay type                Incr(ns)  Path(ns)    Netlist Resource(s)
  -------------------------------------------------------------------    -------------------
    B15                                               0.000     0.000 f  OV7670_VSYNC (IN)
                         net (fo=0)                   0.000     0.000    OV7670_VSYNC
    B15                  IBUF (Prop_ibuf_I_O)         1.470     1.470 f  OV7670_VSYNC_IBUF_inst/O
                         net (fo=6, routed)           5.205     6.675    capture/OV7670_VSYNC_IBUF
    SLICE_X38Y41         LUT2 (Prop_lut2_I1_O)        0.152     6.827 r  capture/dout1[11]_i_1/O
                         net (fo=13, routed)          1.538     8.365    capture/dout1[11]_i_1_n_0
    SLICE_X37Y35         FDRE                                         r  capture/dout1_reg[7]/CE
  -------------------------------------------------------------------    -------------------





Min Delay Paths
--------------------------------------------------------------------------------------
Slack:                    inf
  Source:                 capture/d_latch_reg[1]/C
                            (rising edge-triggered cell FDRE)
  Destination:            capture/dout1_reg[0]/D
  Path Group:             (none)
  Path Type:              Min at Fast Process Corner
  Data Path Delay:        0.244ns  (logic 0.141ns (57.830%)  route 0.103ns (42.170%))
  Logic Levels:           1  (FDRE=1)

    Location             Delay type                Incr(ns)  Path(ns)    Netlist Resource(s)
  -------------------------------------------------------------------    -------------------
    SLICE_X36Y38         FDRE                         0.000     0.000 r  capture/d_latch_reg[1]/C
    SLICE_X36Y38         FDRE (Prop_fdre_C_Q)         0.141     0.141 r  capture/d_latch_reg[1]/Q
                         net (fo=2, routed)           0.103     0.244    capture/d_latch[1]
    SLICE_X39Y39         FDRE                                         r  capture/dout1_reg[0]/D
  -------------------------------------------------------------------    -------------------

Slack:                    inf
  Source:                 capture/d_latch_reg[3]/C
                            (rising edge-triggered cell FDRE)
  Destination:            capture/dout1_reg[2]/D
  Path Group:             (none)
  Path Type:              Min at Fast Process Corner
  Data Path Delay:        0.262ns  (logic 0.141ns (53.727%)  route 0.121ns (46.273%))
  Logic Levels:           1  (FDRE=1)

    Location             Delay type                Incr(ns)  Path(ns)    Netlist Resource(s)
  -------------------------------------------------------------------    -------------------
    SLICE_X36Y31         FDRE                         0.000     0.000 r  capture/d_latch_reg[3]/C
    SLICE_X36Y31         FDRE (Prop_fdre_C_Q)         0.141     0.141 r  capture/d_latch_reg[3]/Q
                         net (fo=1, routed)           0.121     0.262    capture/d_latch[3]
    SLICE_X36Y32         FDRE                                         r  capture/dout1_reg[2]/D
  -------------------------------------------------------------------    -------------------

Slack:                    inf
  Source:                 capture/d_latch_reg[5]/C
                            (rising edge-triggered cell FDRE)
  Destination:            capture/d_latch_reg[13]/D
  Path Group:             (none)
  Path Type:              Min at Fast Process Corner
  Data Path Delay:        0.274ns  (logic 0.164ns (59.853%)  route 0.110ns (40.147%))
  Logic Levels:           1  (FDRE=1)

    Location             Delay type                Incr(ns)  Path(ns)    Netlist Resource(s)
  -------------------------------------------------------------------    -------------------
    SLICE_X34Y35         FDRE                         0.000     0.000 r  capture/d_latch_reg[5]/C
    SLICE_X34Y35         FDRE (Prop_fdre_C_Q)         0.164     0.164 r  capture/d_latch_reg[5]/Q
                         net (fo=1, routed)           0.110     0.274    capture/d_latch[5]
    SLICE_X34Y36         FDRE                                         r  capture/d_latch_reg[13]/D
  -------------------------------------------------------------------    -------------------

Slack:                    inf
  Source:                 capture/d_latch_reg[14]/C
                            (rising edge-triggered cell FDRE)
  Destination:            capture/dout1_reg[10]/D
  Path Group:             (none)
  Path Type:              Min at Fast Process Corner
  Data Path Delay:        0.274ns  (logic 0.164ns (59.853%)  route 0.110ns (40.147%))
  Logic Levels:           1  (FDRE=1)

    Location             Delay type                Incr(ns)  Path(ns)    Netlist Resource(s)
  -------------------------------------------------------------------    -------------------
    SLICE_X34Y46         FDRE                         0.000     0.000 r  capture/d_latch_reg[14]/C
    SLICE_X34Y46         FDRE (Prop_fdre_C_Q)         0.164     0.164 r  capture/d_latch_reg[14]/Q
                         net (fo=1, routed)           0.110     0.274    capture/d_latch[14]
    SLICE_X35Y45         FDRE                                         r  capture/dout1_reg[10]/D
  -------------------------------------------------------------------    -------------------

Slack:                    inf
  Source:                 capture/d_latch_reg[8]/C
                            (rising edge-triggered cell FDRE)
  Destination:            capture/dout1_reg[5]/D
  Path Group:             (none)
  Path Type:              Min at Fast Process Corner
  Data Path Delay:        0.280ns  (logic 0.164ns (58.537%)  route 0.116ns (41.463%))
  Logic Levels:           1  (FDRE=1)

    Location             Delay type                Incr(ns)  Path(ns)    Netlist Resource(s)
  -------------------------------------------------------------------    -------------------
    SLICE_X34Y36         FDRE                         0.000     0.000 r  capture/d_latch_reg[8]/C
    SLICE_X34Y36         FDRE (Prop_fdre_C_Q)         0.164     0.164 r  capture/d_latch_reg[8]/Q
                         net (fo=1, routed)           0.116     0.280    capture/d_latch[8]
    SLICE_X35Y36         FDRE                                         r  capture/dout1_reg[5]/D
  -------------------------------------------------------------------    -------------------

Slack:                    inf
  Source:                 capture/d_latch_reg[1]/C
                            (rising edge-triggered cell FDRE)
  Destination:            capture/d_latch_reg[9]/D
  Path Group:             (none)
  Path Type:              Min at Fast Process Corner
  Data Path Delay:        0.304ns  (logic 0.141ns (46.368%)  route 0.163ns (53.632%))
  Logic Levels:           1  (FDRE=1)

    Location             Delay type                Incr(ns)  Path(ns)    Netlist Resource(s)
  -------------------------------------------------------------------    -------------------
    SLICE_X36Y38         FDRE                         0.000     0.000 r  capture/d_latch_reg[1]/C
    SLICE_X36Y38         FDRE (Prop_fdre_C_Q)         0.141     0.141 r  capture/d_latch_reg[1]/Q
                         net (fo=2, routed)           0.163     0.304    capture/d_latch[1]
    SLICE_X38Y39         FDRE                                         r  capture/d_latch_reg[9]/D
  -------------------------------------------------------------------    -------------------

Slack:                    inf
  Source:                 capture/d_latch_reg[0]/C
                            (rising edge-triggered cell FDRE)
  Destination:            capture/d_latch_reg[8]/D
  Path Group:             (none)
  Path Type:              Min at Fast Process Corner
  Data Path Delay:        0.308ns  (logic 0.164ns (53.223%)  route 0.144ns (46.777%))
  Logic Levels:           1  (FDRE=1)

    Location             Delay type                Incr(ns)  Path(ns)    Netlist Resource(s)
  -------------------------------------------------------------------    -------------------
    SLICE_X34Y35         FDRE                         0.000     0.000 r  capture/d_latch_reg[0]/C
    SLICE_X34Y35         FDRE (Prop_fdre_C_Q)         0.164     0.164 r  capture/d_latch_reg[0]/Q
                         net (fo=1, routed)           0.144     0.308    capture/d_latch[0]
    SLICE_X34Y36         FDRE                                         r  capture/d_latch_reg[8]/D
  -------------------------------------------------------------------    -------------------

Slack:                    inf
  Source:                 capture/d_latch_reg[9]/C
                            (rising edge-triggered cell FDRE)
  Destination:            capture/dout1_reg[6]/D
  Path Group:             (none)
  Path Type:              Min at Fast Process Corner
  Data Path Delay:        0.317ns  (logic 0.164ns (51.712%)  route 0.153ns (48.288%))
  Logic Levels:           1  (FDRE=1)

    Location             Delay type                Incr(ns)  Path(ns)    Netlist Resource(s)
  -------------------------------------------------------------------    -------------------
    SLICE_X38Y39         FDRE                         0.000     0.000 r  capture/d_latch_reg[9]/C
    SLICE_X38Y39         FDRE (Prop_fdre_C_Q)         0.164     0.164 r  capture/d_latch_reg[9]/Q
                         net (fo=1, routed)           0.153     0.317    capture/d_latch[9]
    SLICE_X37Y39         FDRE                                         r  capture/dout1_reg[6]/D
  -------------------------------------------------------------------    -------------------

Slack:                    inf
  Source:                 capture/d_latch_reg[10]/C
                            (rising edge-triggered cell FDRE)
  Destination:            capture/dout1_reg[7]/D
  Path Group:             (none)
  Path Type:              Min at Fast Process Corner
  Data Path Delay:        0.317ns  (logic 0.164ns (51.712%)  route 0.153ns (48.288%))
  Logic Levels:           1  (FDRE=1)

    Location             Delay type                Incr(ns)  Path(ns)    Netlist Resource(s)
  -------------------------------------------------------------------    -------------------
    SLICE_X38Y35         FDRE                         0.000     0.000 r  capture/d_latch_reg[10]/C
    SLICE_X38Y35         FDRE (Prop_fdre_C_Q)         0.164     0.164 r  capture/d_latch_reg[10]/Q
                         net (fo=1, routed)           0.153     0.317    capture/d_latch[10]
    SLICE_X37Y35         FDRE                                         r  capture/dout1_reg[7]/D
  -------------------------------------------------------------------    -------------------

Slack:                    inf
  Source:                 capture/d_latch_reg[4]/C
                            (rising edge-triggered cell FDRE)
  Destination:            capture/dout1_reg[3]/D
  Path Group:             (none)
  Path Type:              Min at Fast Process Corner
  Data Path Delay:        0.334ns  (logic 0.164ns (49.086%)  route 0.170ns (50.914%))
  Logic Levels:           1  (FDRE=1)

    Location             Delay type                Incr(ns)  Path(ns)    Netlist Resource(s)
  -------------------------------------------------------------------    -------------------
    SLICE_X34Y35         FDRE                         0.000     0.000 r  capture/d_latch_reg[4]/C
    SLICE_X34Y35         FDRE (Prop_fdre_C_Q)         0.164     0.164 r  capture/d_latch_reg[4]/Q
                         net (fo=2, routed)           0.170     0.334    capture/d_latch[4]
    SLICE_X35Y38         FDRE                                         r  capture/dout1_reg[3]/D
  -------------------------------------------------------------------    -------------------





--------------------------------------------------------------------------------------
Path Group:  (none)
From Clock:  clk_out2_clk_wiz_0
  To Clock:  

Max Delay            17 Endpoints
Min Delay            17 Endpoints
--------------------------------------------------------------------------------------


Max Delay Paths
--------------------------------------------------------------------------------------
Slack:                    inf
  Source:                 IIC/Config_Done_reg/C
                            (rising edge-triggered cell FDCE clocked by clk_out2_clk_wiz_0  {rise@0.000ns fall@20.000ns period=40.000ns})
  Destination:            LED[0]
                            (output port)
  Path Group:             (none)
  Path Type:              Max at Slow Process Corner
  Data Path Delay:        8.890ns  (logic 4.023ns (45.249%)  route 4.868ns (54.751%))
  Logic Levels:           1  (OBUF=1)
  Clock Uncertainty:      0.235ns  ((TSJ^2 + DJ^2)^1/2) / 2 + PE
    Total System Jitter     (TSJ):    0.050ns
    Discrete Jitter          (DJ):    0.200ns
    Phase Error              (PE):    0.132ns

    Location             Delay type                Incr(ns)  Path(ns)    Netlist Resource(s)
  -------------------------------------------------------------------    -------------------
                         (clock clk_out2_clk_wiz_0 rise edge)
                                                      0.000     0.000 r  
    W5                                                0.000     0.000 r  clk100 (IN)
                         net (fo=0)                   0.000     0.000    clk_div/inst/clk_in1
    W5                   IBUF (Prop_ibuf_I_O)         1.458     1.458 r  clk_div/inst/clkin1_ibufg/O
                         net (fo=1, routed)           1.233     2.691    clk_div/inst/clk_in1_clk_wiz_0
    MMCME2_ADV_X1Y0      MMCME2_ADV (Prop_mmcme2_adv_CLKIN1_CLKOUT1)
                                                     -6.961    -4.269 r  clk_div/inst/mmcm_adv_inst/CLKOUT1
                         net (fo=1, routed)           1.661    -2.608    clk_div/inst/clk_out2_clk_wiz_0
    BUFGCTRL_X0Y1        BUFG (Prop_bufg_I_O)         0.096    -2.512 r  clk_div/inst/clkout2_buf/O
                         net (fo=140, routed)         1.805    -0.707    IIC/clk_out2
    SLICE_X2Y137         FDCE                                         r  IIC/Config_Done_reg/C
  -------------------------------------------------------------------    -------------------
    SLICE_X2Y137         FDCE (Prop_fdce_C_Q)         0.518    -0.189 r  IIC/Config_Done_reg/Q
                         net (fo=1, routed)           4.868     4.679    LED_OBUF[0]
    U16                  OBUF (Prop_obuf_I_O)         3.505     8.184 r  LED_OBUF[0]_inst/O
                         net (fo=0)                   0.000     8.184    LED[0]
    U16                                                               r  LED[0] (OUT)
  -------------------------------------------------------------------    -------------------

Slack:                    inf
  Source:                 IIC/mI2C_WR_reg/C
                            (rising edge-triggered cell FDCE clocked by clk_out2_clk_wiz_0  {rise@0.000ns fall@20.000ns period=40.000ns})
  Destination:            OV7670_SIOD
                            (output port)
  Path Group:             (none)
  Path Type:              Max at Slow Process Corner
  Data Path Delay:        8.656ns  (logic 4.944ns (57.122%)  route 3.711ns (42.878%))
  Logic Levels:           3  (LUT1=1 MUXF7=1 OBUFT=1)
  Clock Uncertainty:      0.235ns  ((TSJ^2 + DJ^2)^1/2) / 2 + PE
    Total System Jitter     (TSJ):    0.050ns
    Discrete Jitter          (DJ):    0.200ns
    Phase Error              (PE):    0.132ns

    Location             Delay type                Incr(ns)  Path(ns)    Netlist Resource(s)
  -------------------------------------------------------------------    -------------------
                         (clock clk_out2_clk_wiz_0 rise edge)
                                                      0.000     0.000 r  
    W5                                                0.000     0.000 r  clk100 (IN)
                         net (fo=0)                   0.000     0.000    clk_div/inst/clk_in1
    W5                   IBUF (Prop_ibuf_I_O)         1.458     1.458 r  clk_div/inst/clkin1_ibufg/O
                         net (fo=1, routed)           1.233     2.691    clk_div/inst/clk_in1_clk_wiz_0
    MMCME2_ADV_X1Y0      MMCME2_ADV (Prop_mmcme2_adv_CLKIN1_CLKOUT1)
                                                     -6.961    -4.269 r  clk_div/inst/mmcm_adv_inst/CLKOUT1
                         net (fo=1, routed)           1.661    -2.608    clk_div/inst/clk_out2_clk_wiz_0
    BUFGCTRL_X0Y1        BUFG (Prop_bufg_I_O)         0.096    -2.512 r  clk_div/inst/clkout2_buf/O
                         net (fo=140, routed)         1.807    -0.705    IIC/clk_out2
    SLICE_X3Y140         FDCE                                         r  IIC/mI2C_WR_reg/C
  -------------------------------------------------------------------    -------------------
    SLICE_X3Y140         FDCE (Prop_fdce_C_Q)         0.419    -0.286 r  IIC/mI2C_WR_reg/Q
                         net (fo=18, routed)          1.273     0.988    IIC/sccb_sender/ACKR2_reg_0
    SLICE_X5Y138         MUXF7 (Prop_muxf7_S_O)       0.451     1.439 r  IIC/sccb_sender/OV7670_SIOD_IOBUF_inst_i_2/O
                         net (fo=1, routed)           0.678     2.117    IIC/sccb_sender/SDO
    SLICE_X2Y138         LUT1 (Prop_lut1_I0_O)        0.325     2.442 f  IIC/sccb_sender/OV7670_SIOD_IOBUF_inst_i_1/O
                         net (fo=1, routed)           1.760     4.202    OV7670_SIOD_IOBUF_inst/T
    A15                  OBUFT (TriStatE_obuft_T_O)
                                                      3.749     7.951 r  OV7670_SIOD_IOBUF_inst/OBUFT/O
                         net (fo=1, unset)            0.000     7.951    OV7670_SIOD
    A15                                                               r  OV7670_SIOD (INOUT)
  -------------------------------------------------------------------    -------------------

Slack:                    inf
  Source:                 IIC/mI2C_WR_reg/C
                            (rising edge-triggered cell FDCE clocked by clk_out2_clk_wiz_0  {rise@0.000ns fall@20.000ns period=40.000ns})
  Destination:            OV7670_SIOC
                            (output port)
  Path Group:             (none)
  Path Type:              Max at Slow Process Corner
  Data Path Delay:        7.824ns  (logic 4.238ns (54.165%)  route 3.586ns (45.835%))
  Logic Levels:           2  (LUT6=1 OBUF=1)
  Clock Uncertainty:      0.235ns  ((TSJ^2 + DJ^2)^1/2) / 2 + PE
    Total System Jitter     (TSJ):    0.050ns
    Discrete Jitter          (DJ):    0.200ns
    Phase Error              (PE):    0.132ns

    Location             Delay type                Incr(ns)  Path(ns)    Netlist Resource(s)
  -------------------------------------------------------------------    -------------------
                         (clock clk_out2_clk_wiz_0 rise edge)
                                                      0.000     0.000 r  
    W5                                                0.000     0.000 r  clk100 (IN)
                         net (fo=0)                   0.000     0.000    clk_div/inst/clk_in1
    W5                   IBUF (Prop_ibuf_I_O)         1.458     1.458 r  clk_div/inst/clkin1_ibufg/O
                         net (fo=1, routed)           1.233     2.691    clk_div/inst/clk_in1_clk_wiz_0
    MMCME2_ADV_X1Y0      MMCME2_ADV (Prop_mmcme2_adv_CLKIN1_CLKOUT1)
                                                     -6.961    -4.269 r  clk_div/inst/mmcm_adv_inst/CLKOUT1
                         net (fo=1, routed)           1.661    -2.608    clk_div/inst/clk_out2_clk_wiz_0
    BUFGCTRL_X0Y1        BUFG (Prop_bufg_I_O)         0.096    -2.512 r  clk_div/inst/clkout2_buf/O
                         net (fo=140, routed)         1.807    -0.705    IIC/clk_out2
    SLICE_X3Y140         FDCE                                         r  IIC/mI2C_WR_reg/C
  -------------------------------------------------------------------    -------------------
    SLICE_X3Y140         FDCE (Prop_fdce_C_Q)         0.419    -0.286 r  IIC/mI2C_WR_reg/Q
                         net (fo=18, routed)          1.748     1.463    IIC/sccb_sender/ACKR2_reg_0
    SLICE_X5Y137         LUT6 (Prop_lut6_I1_O)        0.299     1.762 r  IIC/sccb_sender/OV7670_SIOC_OBUF_inst_i_1/O
                         net (fo=1, routed)           1.838     3.600    OV7670_SIOC_OBUF
    A14                  OBUF (Prop_obuf_I_O)         3.520     7.120 r  OV7670_SIOC_OBUF_inst/O
                         net (fo=0)                   0.000     7.120    OV7670_SIOC
    A14                                                               r  OV7670_SIOC (OUT)
  -------------------------------------------------------------------    -------------------

Slack:                    inf
  Source:                 vga_display/vsync_d2_reg/C
                            (rising edge-triggered cell FDRE clocked by clk_out2_clk_wiz_0  {rise@0.000ns fall@20.000ns period=40.000ns})
  Destination:            vga_vsync
                            (output port)
  Path Group:             (none)
  Path Type:              Max at Slow Process Corner
  Data Path Delay:        7.139ns  (logic 4.152ns (58.164%)  route 2.987ns (41.836%))
  Logic Levels:           1  (OBUF=1)
  Clock Uncertainty:      0.235ns  ((TSJ^2 + DJ^2)^1/2) / 2 + PE
    Total System Jitter     (TSJ):    0.050ns
    Discrete Jitter          (DJ):    0.200ns
    Phase Error              (PE):    0.132ns

    Location             Delay type                Incr(ns)  Path(ns)    Netlist Resource(s)
  -------------------------------------------------------------------    -------------------
                         (clock clk_out2_clk_wiz_0 rise edge)
                                                      0.000     0.000 r  
    W5                                                0.000     0.000 r  clk100 (IN)
                         net (fo=0)                   0.000     0.000    clk_div/inst/clk_in1
    W5                   IBUF (Prop_ibuf_I_O)         1.458     1.458 r  clk_div/inst/clkin1_ibufg/O
                         net (fo=1, routed)           1.233     2.691    clk_div/inst/clk_in1_clk_wiz_0
    MMCME2_ADV_X1Y0      MMCME2_ADV (Prop_mmcme2_adv_CLKIN1_CLKOUT1)
                                                     -6.961    -4.269 r  clk_div/inst/mmcm_adv_inst/CLKOUT1
                         net (fo=1, routed)           1.661    -2.608    clk_div/inst/clk_out2_clk_wiz_0
    BUFGCTRL_X0Y1        BUFG (Prop_bufg_I_O)         0.096    -2.512 r  clk_div/inst/clkout2_buf/O
                         net (fo=140, routed)         1.564    -0.948    vga_display/clk_out2
    SLICE_X42Y39         FDRE                                         r  vga_display/vsync_d2_reg/C
  -------------------------------------------------------------------    -------------------
    SLICE_X42Y39         FDRE (Prop_fdre_C_Q)         0.478    -0.470 r  vga_display/vsync_d2_reg/Q
                         net (fo=1, routed)           2.987     2.517    vga_vsync_OBUF
    R19                  OBUF (Prop_obuf_I_O)         3.674     6.191 r  vga_vsync_OBUF_inst/O
                         net (fo=0)                   0.000     6.191    vga_vsync
    R19                                                               r  vga_vsync (OUT)
  -------------------------------------------------------------------    -------------------

Slack:                    inf
  Source:                 vga_display/hsync_d2_reg/C
                            (rising edge-triggered cell FDRE clocked by clk_out2_clk_wiz_0  {rise@0.000ns fall@20.000ns period=40.000ns})
  Destination:            vga_hsync
                            (output port)
  Path Group:             (none)
  Path Type:              Max at Slow Process Corner
  Data Path Delay:        7.133ns  (logic 4.146ns (58.122%)  route 2.987ns (41.878%))
  Logic Levels:           1  (OBUF=1)
  Clock Uncertainty:      0.235ns  ((TSJ^2 + DJ^2)^1/2) / 2 + PE
    Total System Jitter     (TSJ):    0.050ns
    Discrete Jitter          (DJ):    0.200ns
    Phase Error              (PE):    0.132ns

    Location             Delay type                Incr(ns)  Path(ns)    Netlist Resource(s)
  -------------------------------------------------------------------    -------------------
                         (clock clk_out2_clk_wiz_0 rise edge)
                                                      0.000     0.000 r  
    W5                                                0.000     0.000 r  clk100 (IN)
                         net (fo=0)                   0.000     0.000    clk_div/inst/clk_in1
    W5                   IBUF (Prop_ibuf_I_O)         1.458     1.458 r  clk_div/inst/clkin1_ibufg/O
                         net (fo=1, routed)           1.233     2.691    clk_div/inst/clk_in1_clk_wiz_0
    MMCME2_ADV_X1Y0      MMCME2_ADV (Prop_mmcme2_adv_CLKIN1_CLKOUT1)
                                                     -6.961    -4.269 r  clk_div/inst/mmcm_adv_inst/CLKOUT1
                         net (fo=1, routed)           1.661    -2.608    clk_div/inst/clk_out2_clk_wiz_0
    BUFGCTRL_X0Y1        BUFG (Prop_bufg_I_O)         0.096    -2.512 r  clk_div/inst/clkout2_buf/O
                         net (fo=140, routed)         1.565    -0.947    vga_display/clk_out2
    SLICE_X38Y43         FDRE                                         r  vga_display/hsync_d2_reg/C
  -------------------------------------------------------------------    -------------------
    SLICE_X38Y43         FDRE (Prop_fdre_C_Q)         0.478    -0.469 r  vga_display/hsync_d2_reg/Q
                         net (fo=1, routed)           2.987     2.518    vga_hsync_OBUF
    P19                  OBUF (Prop_obuf_I_O)         3.668     6.186 r  vga_hsync_OBUF_inst/O
                         net (fo=0)                   0.000     6.186    vga_hsync
    P19                                                               r  vga_hsync (OUT)
  -------------------------------------------------------------------    -------------------

Slack:                    inf
  Source:                 vga_display/vga_blue_reg[2]/C
                            (rising edge-triggered cell FDRE clocked by clk_out2_clk_wiz_0  {rise@0.000ns fall@20.000ns period=40.000ns})
  Destination:            vga_blue[2]
                            (output port)
  Path Group:             (none)
  Path Type:              Max at Slow Process Corner
  Data Path Delay:        7.098ns  (logic 3.975ns (55.999%)  route 3.123ns (44.001%))
  Logic Levels:           1  (OBUF=1)
  Clock Uncertainty:      0.235ns  ((TSJ^2 + DJ^2)^1/2) / 2 + PE
    Total System Jitter     (TSJ):    0.050ns
    Discrete Jitter          (DJ):    0.200ns
    Phase Error              (PE):    0.132ns

    Location             Delay type                Incr(ns)  Path(ns)    Netlist Resource(s)
  -------------------------------------------------------------------    -------------------
                         (clock clk_out2_clk_wiz_0 rise edge)
                                                      0.000     0.000 r  
    W5                                                0.000     0.000 r  clk100 (IN)
                         net (fo=0)                   0.000     0.000    clk_div/inst/clk_in1
    W5                   IBUF (Prop_ibuf_I_O)         1.458     1.458 r  clk_div/inst/clkin1_ibufg/O
                         net (fo=1, routed)           1.233     2.691    clk_div/inst/clk_in1_clk_wiz_0
    MMCME2_ADV_X1Y0      MMCME2_ADV (Prop_mmcme2_adv_CLKIN1_CLKOUT1)
                                                     -6.961    -4.269 r  clk_div/inst/mmcm_adv_inst/CLKOUT1
                         net (fo=1, routed)           1.661    -2.608    clk_div/inst/clk_out2_clk_wiz_0
    BUFGCTRL_X0Y1        BUFG (Prop_bufg_I_O)         0.096    -2.512 r  clk_div/inst/clkout2_buf/O
                         net (fo=140, routed)         1.566    -0.946    vga_display/clk_out2
    SLICE_X36Y47         FDRE                                         r  vga_display/vga_blue_reg[2]/C
  -------------------------------------------------------------------    -------------------
    SLICE_X36Y47         FDRE (Prop_fdre_C_Q)         0.456    -0.490 r  vga_display/vga_blue_reg[2]/Q
                         net (fo=1, routed)           3.123     2.634    vga_blue_OBUF[2]
    K18                  OBUF (Prop_obuf_I_O)         3.519     6.152 r  vga_blue_OBUF[2]_inst/O
                         net (fo=0)                   0.000     6.152    vga_blue[2]
    K18                                                               r  vga_blue[2] (OUT)
  -------------------------------------------------------------------    -------------------

Slack:                    inf
  Source:                 vga_display/vga_blue_reg[1]/C
                            (rising edge-triggered cell FDRE clocked by clk_out2_clk_wiz_0  {rise@0.000ns fall@20.000ns period=40.000ns})
  Destination:            vga_blue[1]
                            (output port)
  Path Group:             (none)
  Path Type:              Max at Slow Process Corner
  Data Path Delay:        7.077ns  (logic 3.959ns (55.947%)  route 3.118ns (44.053%))
  Logic Levels:           1  (OBUF=1)
  Clock Uncertainty:      0.235ns  ((TSJ^2 + DJ^2)^1/2) / 2 + PE
    Total System Jitter     (TSJ):    0.050ns
    Discrete Jitter          (DJ):    0.200ns
    Phase Error              (PE):    0.132ns

    Location             Delay type                Incr(ns)  Path(ns)    Netlist Resource(s)
  -------------------------------------------------------------------    -------------------
                         (clock clk_out2_clk_wiz_0 rise edge)
                                                      0.000     0.000 r  
    W5                                                0.000     0.000 r  clk100 (IN)
                         net (fo=0)                   0.000     0.000    clk_div/inst/clk_in1
    W5                   IBUF (Prop_ibuf_I_O)         1.458     1.458 r  clk_div/inst/clkin1_ibufg/O
                         net (fo=1, routed)           1.233     2.691    clk_div/inst/clk_in1_clk_wiz_0
    MMCME2_ADV_X1Y0      MMCME2_ADV (Prop_mmcme2_adv_CLKIN1_CLKOUT1)
                                                     -6.961    -4.269 r  clk_div/inst/mmcm_adv_inst/CLKOUT1
                         net (fo=1, routed)           1.661    -2.608    clk_div/inst/clk_out2_clk_wiz_0
    BUFGCTRL_X0Y1        BUFG (Prop_bufg_I_O)         0.096    -2.512 r  clk_div/inst/clkout2_buf/O
                         net (fo=140, routed)         1.566    -0.946    vga_display/clk_out2
    SLICE_X36Y47         FDRE                                         r  vga_display/vga_blue_reg[1]/C
  -------------------------------------------------------------------    -------------------
    SLICE_X36Y47         FDRE (Prop_fdre_C_Q)         0.456    -0.490 r  vga_display/vga_blue_reg[1]/Q
                         net (fo=1, routed)           3.118     2.628    vga_blue_OBUF[1]
    L18                  OBUF (Prop_obuf_I_O)         3.503     6.131 r  vga_blue_OBUF[1]_inst/O
                         net (fo=0)                   0.000     6.131    vga_blue[1]
    L18                                                               r  vga_blue[1] (OUT)
  -------------------------------------------------------------------    -------------------

Slack:                    inf
  Source:                 vga_display/vga_red_reg[3]/C
                            (rising edge-triggered cell FDRE clocked by clk_out2_clk_wiz_0  {rise@0.000ns fall@20.000ns period=40.000ns})
  Destination:            vga_red[3]
                            (output port)
  Path Group:             (none)
  Path Type:              Max at Slow Process Corner
  Data Path Delay:        6.991ns  (logic 3.958ns (56.620%)  route 3.033ns (43.380%))
  Logic Levels:           1  (OBUF=1)
  Clock Uncertainty:      0.235ns  ((TSJ^2 + DJ^2)^1/2) / 2 + PE
    Total System Jitter     (TSJ):    0.050ns
    Discrete Jitter          (DJ):    0.200ns
    Phase Error              (PE):    0.132ns

    Location             Delay type                Incr(ns)  Path(ns)    Netlist Resource(s)
  -------------------------------------------------------------------    -------------------
                         (clock clk_out2_clk_wiz_0 rise edge)
                                                      0.000     0.000 r  
    W5                                                0.000     0.000 r  clk100 (IN)
                         net (fo=0)                   0.000     0.000    clk_div/inst/clk_in1
    W5                   IBUF (Prop_ibuf_I_O)         1.458     1.458 r  clk_div/inst/clkin1_ibufg/O
                         net (fo=1, routed)           1.233     2.691    clk_div/inst/clk_in1_clk_wiz_0
    MMCME2_ADV_X1Y0      MMCME2_ADV (Prop_mmcme2_adv_CLKIN1_CLKOUT1)
                                                     -6.961    -4.269 r  clk_div/inst/mmcm_adv_inst/CLKOUT1
                         net (fo=1, routed)           1.661    -2.608    clk_div/inst/clk_out2_clk_wiz_0
    BUFGCTRL_X0Y1        BUFG (Prop_bufg_I_O)         0.096    -2.512 r  clk_div/inst/clkout2_buf/O
                         net (fo=140, routed)         1.565    -0.947    vga_display/clk_out2
    SLICE_X36Y46         FDRE                                         r  vga_display/vga_red_reg[3]/C
  -------------------------------------------------------------------    -------------------
    SLICE_X36Y46         FDRE (Prop_fdre_C_Q)         0.456    -0.491 r  vga_display/vga_red_reg[3]/Q
                         net (fo=1, routed)           3.033     2.542    vga_red_OBUF[3]
    N19                  OBUF (Prop_obuf_I_O)         3.502     6.045 r  vga_red_OBUF[3]_inst/O
                         net (fo=0)                   0.000     6.045    vga_red[3]
    N19                                                               r  vga_red[3] (OUT)
  -------------------------------------------------------------------    -------------------

Slack:                    inf
  Source:                 vga_display/vga_blue_reg[0]/C
                            (rising edge-triggered cell FDRE clocked by clk_out2_clk_wiz_0  {rise@0.000ns fall@20.000ns period=40.000ns})
  Destination:            vga_blue[0]
                            (output port)
  Path Group:             (none)
  Path Type:              Max at Slow Process Corner
  Data Path Delay:        6.944ns  (logic 3.951ns (56.904%)  route 2.993ns (43.096%))
  Logic Levels:           1  (OBUF=1)
  Clock Uncertainty:      0.235ns  ((TSJ^2 + DJ^2)^1/2) / 2 + PE
    Total System Jitter     (TSJ):    0.050ns
    Discrete Jitter          (DJ):    0.200ns
    Phase Error              (PE):    0.132ns

    Location             Delay type                Incr(ns)  Path(ns)    Netlist Resource(s)
  -------------------------------------------------------------------    -------------------
                         (clock clk_out2_clk_wiz_0 rise edge)
                                                      0.000     0.000 r  
    W5                                                0.000     0.000 r  clk100 (IN)
                         net (fo=0)                   0.000     0.000    clk_div/inst/clk_in1
    W5                   IBUF (Prop_ibuf_I_O)         1.458     1.458 r  clk_div/inst/clkin1_ibufg/O
                         net (fo=1, routed)           1.233     2.691    clk_div/inst/clk_in1_clk_wiz_0
    MMCME2_ADV_X1Y0      MMCME2_ADV (Prop_mmcme2_adv_CLKIN1_CLKOUT1)
                                                     -6.961    -4.269 r  clk_div/inst/mmcm_adv_inst/CLKOUT1
                         net (fo=1, routed)           1.661    -2.608    clk_div/inst/clk_out2_clk_wiz_0
    BUFGCTRL_X0Y1        BUFG (Prop_bufg_I_O)         0.096    -2.512 r  clk_div/inst/clkout2_buf/O
                         net (fo=140, routed)         1.565    -0.947    vga_display/clk_out2
    SLICE_X37Y46         FDRE                                         r  vga_display/vga_blue_reg[0]/C
  -------------------------------------------------------------------    -------------------
    SLICE_X37Y46         FDRE (Prop_fdre_C_Q)         0.456    -0.491 r  vga_display/vga_blue_reg[0]/Q
                         net (fo=1, routed)           2.993     2.502    vga_blue_OBUF[0]
    N18                  OBUF (Prop_obuf_I_O)         3.495     5.997 r  vga_blue_OBUF[0]_inst/O
                         net (fo=0)                   0.000     5.997    vga_blue[0]
    N18                                                               r  vga_blue[0] (OUT)
  -------------------------------------------------------------------    -------------------

Slack:                    inf
  Source:                 vga_display/vga_blue_reg[3]/C
                            (rising edge-triggered cell FDRE clocked by clk_out2_clk_wiz_0  {rise@0.000ns fall@20.000ns period=40.000ns})
  Destination:            vga_blue[3]
                            (output port)
  Path Group:             (none)
  Path Type:              Max at Slow Process Corner
  Data Path Delay:        6.831ns  (logic 3.981ns (58.278%)  route 2.850ns (41.722%))
  Logic Levels:           1  (OBUF=1)
  Clock Uncertainty:      0.235ns  ((TSJ^2 + DJ^2)^1/2) / 2 + PE
    Total System Jitter     (TSJ):    0.050ns
    Discrete Jitter          (DJ):    0.200ns
    Phase Error              (PE):    0.132ns

    Location             Delay type                Incr(ns)  Path(ns)    Netlist Resource(s)
  -------------------------------------------------------------------    -------------------
                         (clock clk_out2_clk_wiz_0 rise edge)
                                                      0.000     0.000 r  
    W5                                                0.000     0.000 r  clk100 (IN)
                         net (fo=0)                   0.000     0.000    clk_div/inst/clk_in1
    W5                   IBUF (Prop_ibuf_I_O)         1.458     1.458 r  clk_div/inst/clkin1_ibufg/O
                         net (fo=1, routed)           1.233     2.691    clk_div/inst/clk_in1_clk_wiz_0
    MMCME2_ADV_X1Y0      MMCME2_ADV (Prop_mmcme2_adv_CLKIN1_CLKOUT1)
                                                     -6.961    -4.269 r  clk_div/inst/mmcm_adv_inst/CLKOUT1
                         net (fo=1, routed)           1.661    -2.608    clk_div/inst/clk_out2_clk_wiz_0
    BUFGCTRL_X0Y1        BUFG (Prop_bufg_I_O)         0.096    -2.512 r  clk_div/inst/clkout2_buf/O
                         net (fo=140, routed)         1.565    -0.947    vga_display/clk_out2
    SLICE_X36Y46         FDRE                                         r  vga_display/vga_blue_reg[3]/C
  -------------------------------------------------------------------    -------------------
    SLICE_X36Y46         FDRE (Prop_fdre_C_Q)         0.456    -0.491 r  vga_display/vga_blue_reg[3]/Q
                         net (fo=1, routed)           2.850     2.359    vga_blue_OBUF[3]
    J18                  OBUF (Prop_obuf_I_O)         3.525     5.884 r  vga_blue_OBUF[3]_inst/O
                         net (fo=0)                   0.000     5.884    vga_blue[3]
    J18                                                               r  vga_blue[3] (OUT)
  -------------------------------------------------------------------    -------------------





Min Delay Paths
--------------------------------------------------------------------------------------
Slack:                    inf
  Source:                 IIC/sccb_sender/I2C_BIT_reg/C
                            (rising edge-triggered cell FDPE clocked by clk_out2_clk_wiz_0  {rise@0.000ns fall@20.000ns period=40.000ns})
  Destination:            OV7670_SIOD
                            (output port)
  Path Group:             (none)
  Path Type:              Min at Fast Process Corner
  Data Path Delay:        1.693ns  (logic 1.345ns (79.470%)  route 0.348ns (20.530%))
  Logic Levels:           1  (OBUFT=1)
  Clock Uncertainty:      0.235ns  ((TSJ^2 + DJ^2)^1/2) / 2 + PE
    Total System Jitter     (TSJ):    0.050ns
    Discrete Jitter          (DJ):    0.200ns
    Phase Error              (PE):    0.132ns

    Location             Delay type                Incr(ns)  Path(ns)    Netlist Resource(s)
  -------------------------------------------------------------------    -------------------
                         (clock clk_out2_clk_wiz_0 rise edge)
                                                      0.000     0.000 r  
    W5                                                0.000     0.000 r  clk100 (IN)
                         net (fo=0)                   0.000     0.000    clk_div/inst/clk_in1
    W5                   IBUF (Prop_ibuf_I_O)         0.226     0.226 r  clk_div/inst/clkin1_ibufg/O
                         net (fo=1, routed)           0.440     0.667    clk_div/inst/clk_in1_clk_wiz_0
    MMCME2_ADV_X1Y0      MMCME2_ADV (Prop_mmcme2_adv_CLKIN1_CLKOUT1)
                                                     -2.360    -1.693 r  clk_div/inst/mmcm_adv_inst/CLKOUT1
                         net (fo=1, routed)           0.486    -1.207    clk_div/inst/clk_out2_clk_wiz_0
    BUFGCTRL_X0Y1        BUFG (Prop_bufg_I_O)         0.026    -1.181 r  clk_div/inst/clkout2_buf/O
                         net (fo=140, routed)         0.673    -0.508    IIC/sccb_sender/clk_out2
    SLICE_X1Y138         FDPE                                         r  IIC/sccb_sender/I2C_BIT_reg/C
  -------------------------------------------------------------------    -------------------
    SLICE_X1Y138         FDPE (Prop_fdpe_C_Q)         0.141    -0.367 r  IIC/sccb_sender/I2C_BIT_reg/Q
                         net (fo=2, routed)           0.348    -0.019    OV7670_SIOD_IOBUF_inst/I
    A15                  OBUFT (Prop_obuft_I_O)       1.204     1.185 r  OV7670_SIOD_IOBUF_inst/OBUFT/O
                         net (fo=1, unset)            0.000     1.185    OV7670_SIOD
    A15                                                               r  OV7670_SIOD (INOUT)
  -------------------------------------------------------------------    -------------------

Slack:                    inf
  Source:                 vga_display/vga_green_reg[2]/C
                            (rising edge-triggered cell FDRE clocked by clk_out2_clk_wiz_0  {rise@0.000ns fall@20.000ns period=40.000ns})
  Destination:            vga_green[2]
                            (output port)
  Path Group:             (none)
  Path Type:              Min at Fast Process Corner
  Data Path Delay:        2.046ns  (logic 1.371ns (67.013%)  route 0.675ns (32.987%))
  Logic Levels:           1  (OBUF=1)
  Clock Uncertainty:      0.235ns  ((TSJ^2 + DJ^2)^1/2) / 2 + PE
    Total System Jitter     (TSJ):    0.050ns
    Discrete Jitter          (DJ):    0.200ns
    Phase Error              (PE):    0.132ns

    Location             Delay type                Incr(ns)  Path(ns)    Netlist Resource(s)
  -------------------------------------------------------------------    -------------------
                         (clock clk_out2_clk_wiz_0 rise edge)
                                                      0.000     0.000 r  
    W5                                                0.000     0.000 r  clk100 (IN)
                         net (fo=0)                   0.000     0.000    clk_div/inst/clk_in1
    W5                   IBUF (Prop_ibuf_I_O)         0.226     0.226 r  clk_div/inst/clkin1_ibufg/O
                         net (fo=1, routed)           0.440     0.667    clk_div/inst/clk_in1_clk_wiz_0
    MMCME2_ADV_X1Y0      MMCME2_ADV (Prop_mmcme2_adv_CLKIN1_CLKOUT1)
                                                     -2.360    -1.693 r  clk_div/inst/mmcm_adv_inst/CLKOUT1
                         net (fo=1, routed)           0.486    -1.207    clk_div/inst/clk_out2_clk_wiz_0
    BUFGCTRL_X0Y1        BUFG (Prop_bufg_I_O)         0.026    -1.181 r  clk_div/inst/clkout2_buf/O
                         net (fo=140, routed)         0.564    -0.617    vga_display/clk_out2
    SLICE_X36Y47         FDRE                                         r  vga_display/vga_green_reg[2]/C
  -------------------------------------------------------------------    -------------------
    SLICE_X36Y47         FDRE (Prop_fdre_C_Q)         0.141    -0.476 r  vga_display/vga_green_reg[2]/Q
                         net (fo=1, routed)           0.675     0.199    vga_green_OBUF[2]
    G17                  OBUF (Prop_obuf_I_O)         1.230     1.429 r  vga_green_OBUF[2]_inst/O
                         net (fo=0)                   0.000     1.429    vga_green[2]
    G17                                                               r  vga_green[2] (OUT)
  -------------------------------------------------------------------    -------------------

Slack:                    inf
  Source:                 IIC/sccb_sender/SCLK_reg/C
                            (rising edge-triggered cell FDPE clocked by clk_out2_clk_wiz_0  {rise@0.000ns fall@20.000ns period=40.000ns})
  Destination:            OV7670_SIOC
                            (output port)
  Path Group:             (none)
  Path Type:              Min at Fast Process Corner
  Data Path Delay:        1.940ns  (logic 1.407ns (72.504%)  route 0.534ns (27.496%))
  Logic Levels:           2  (LUT6=1 OBUF=1)
  Clock Uncertainty:      0.235ns  ((TSJ^2 + DJ^2)^1/2) / 2 + PE
    Total System Jitter     (TSJ):    0.050ns
    Discrete Jitter          (DJ):    0.200ns
    Phase Error              (PE):    0.132ns

    Location             Delay type                Incr(ns)  Path(ns)    Netlist Resource(s)
  -------------------------------------------------------------------    -------------------
                         (clock clk_out2_clk_wiz_0 rise edge)
                                                      0.000     0.000 r  
    W5                                                0.000     0.000 r  clk100 (IN)
                         net (fo=0)                   0.000     0.000    clk_div/inst/clk_in1
    W5                   IBUF (Prop_ibuf_I_O)         0.226     0.226 r  clk_div/inst/clkin1_ibufg/O
                         net (fo=1, routed)           0.440     0.667    clk_div/inst/clk_in1_clk_wiz_0
    MMCME2_ADV_X1Y0      MMCME2_ADV (Prop_mmcme2_adv_CLKIN1_CLKOUT1)
                                                     -2.360    -1.693 r  clk_div/inst/mmcm_adv_inst/CLKOUT1
                         net (fo=1, routed)           0.486    -1.207    clk_div/inst/clk_out2_clk_wiz_0
    BUFGCTRL_X0Y1        BUFG (Prop_bufg_I_O)         0.026    -1.181 r  clk_div/inst/clkout2_buf/O
                         net (fo=140, routed)         0.672    -0.509    IIC/sccb_sender/clk_out2
    SLICE_X5Y139         FDPE                                         r  IIC/sccb_sender/SCLK_reg/C
  -------------------------------------------------------------------    -------------------
    SLICE_X5Y139         FDPE (Prop_fdpe_C_Q)         0.141    -0.368 r  IIC/sccb_sender/SCLK_reg/Q
                         net (fo=2, routed)           0.154    -0.214    IIC/sccb_sender/SCLK_reg_n_0
    SLICE_X5Y137         LUT6 (Prop_lut6_I5_O)        0.045    -0.169 r  IIC/sccb_sender/OV7670_SIOC_OBUF_inst_i_1/O
                         net (fo=1, routed)           0.380     0.211    OV7670_SIOC_OBUF
    A14                  OBUF (Prop_obuf_I_O)         1.221     1.432 r  OV7670_SIOC_OBUF_inst/O
                         net (fo=0)                   0.000     1.432    OV7670_SIOC
    A14                                                               r  OV7670_SIOC (OUT)
  -------------------------------------------------------------------    -------------------

Slack:                    inf
  Source:                 vga_display/vga_red_reg[1]/C
                            (rising edge-triggered cell FDRE clocked by clk_out2_clk_wiz_0  {rise@0.000ns fall@20.000ns period=40.000ns})
  Destination:            vga_red[1]
                            (output port)
  Path Group:             (none)
  Path Type:              Min at Fast Process Corner
  Data Path Delay:        2.062ns  (logic 1.361ns (66.026%)  route 0.700ns (33.974%))
  Logic Levels:           1  (OBUF=1)
  Clock Uncertainty:      0.235ns  ((TSJ^2 + DJ^2)^1/2) / 2 + PE
    Total System Jitter     (TSJ):    0.050ns
    Discrete Jitter          (DJ):    0.200ns
    Phase Error              (PE):    0.132ns

    Location             Delay type                Incr(ns)  Path(ns)    Netlist Resource(s)
  -------------------------------------------------------------------    -------------------
                         (clock clk_out2_clk_wiz_0 rise edge)
                                                      0.000     0.000 r  
    W5                                                0.000     0.000 r  clk100 (IN)
                         net (fo=0)                   0.000     0.000    clk_div/inst/clk_in1
    W5                   IBUF (Prop_ibuf_I_O)         0.226     0.226 r  clk_div/inst/clkin1_ibufg/O
                         net (fo=1, routed)           0.440     0.667    clk_div/inst/clk_in1_clk_wiz_0
    MMCME2_ADV_X1Y0      MMCME2_ADV (Prop_mmcme2_adv_CLKIN1_CLKOUT1)
                                                     -2.360    -1.693 r  clk_div/inst/mmcm_adv_inst/CLKOUT1
                         net (fo=1, routed)           0.486    -1.207    clk_div/inst/clk_out2_clk_wiz_0
    BUFGCTRL_X0Y1        BUFG (Prop_bufg_I_O)         0.026    -1.181 r  clk_div/inst/clkout2_buf/O
                         net (fo=140, routed)         0.564    -0.617    vga_display/clk_out2
    SLICE_X37Y47         FDRE                                         r  vga_display/vga_red_reg[1]/C
  -------------------------------------------------------------------    -------------------
    SLICE_X37Y47         FDRE (Prop_fdre_C_Q)         0.141    -0.476 r  vga_display/vga_red_reg[1]/Q
                         net (fo=1, routed)           0.700     0.224    vga_red_OBUF[1]
    H19                  OBUF (Prop_obuf_I_O)         1.220     1.444 r  vga_red_OBUF[1]_inst/O
                         net (fo=0)                   0.000     1.444    vga_red[1]
    H19                                                               r  vga_red[1] (OUT)
  -------------------------------------------------------------------    -------------------

Slack:                    inf
  Source:                 vga_display/vga_green_reg[0]/C
                            (rising edge-triggered cell FDRE clocked by clk_out2_clk_wiz_0  {rise@0.000ns fall@20.000ns period=40.000ns})
  Destination:            vga_green[0]
                            (output port)
  Path Group:             (none)
  Path Type:              Min at Fast Process Corner
  Data Path Delay:        2.235ns  (logic 1.363ns (60.974%)  route 0.872ns (39.026%))
  Logic Levels:           1  (OBUF=1)
  Clock Uncertainty:      0.235ns  ((TSJ^2 + DJ^2)^1/2) / 2 + PE
    Total System Jitter     (TSJ):    0.050ns
    Discrete Jitter          (DJ):    0.200ns
    Phase Error              (PE):    0.132ns

    Location             Delay type                Incr(ns)  Path(ns)    Netlist Resource(s)
  -------------------------------------------------------------------    -------------------
                         (clock clk_out2_clk_wiz_0 rise edge)
                                                      0.000     0.000 r  
    W5                                                0.000     0.000 r  clk100 (IN)
                         net (fo=0)                   0.000     0.000    clk_div/inst/clk_in1
    W5                   IBUF (Prop_ibuf_I_O)         0.226     0.226 r  clk_div/inst/clkin1_ibufg/O
                         net (fo=1, routed)           0.440     0.667    clk_div/inst/clk_in1_clk_wiz_0
    MMCME2_ADV_X1Y0      MMCME2_ADV (Prop_mmcme2_adv_CLKIN1_CLKOUT1)
                                                     -2.360    -1.693 r  clk_div/inst/mmcm_adv_inst/CLKOUT1
                         net (fo=1, routed)           0.486    -1.207    clk_div/inst/clk_out2_clk_wiz_0
    BUFGCTRL_X0Y1        BUFG (Prop_bufg_I_O)         0.026    -1.181 r  clk_div/inst/clkout2_buf/O
                         net (fo=140, routed)         0.564    -0.617    vga_display/clk_out2
    SLICE_X37Y47         FDRE                                         r  vga_display/vga_green_reg[0]/C
  -------------------------------------------------------------------    -------------------
    SLICE_X37Y47         FDRE (Prop_fdre_C_Q)         0.141    -0.476 r  vga_display/vga_green_reg[0]/Q
                         net (fo=1, routed)           0.872     0.396    vga_green_OBUF[0]
    J17                  OBUF (Prop_obuf_I_O)         1.222     1.618 r  vga_green_OBUF[0]_inst/O
                         net (fo=0)                   0.000     1.618    vga_green[0]
    J17                                                               r  vga_green[0] (OUT)
  -------------------------------------------------------------------    -------------------

Slack:                    inf
  Source:                 vga_display/vga_blue_reg[3]/C
                            (rising edge-triggered cell FDRE clocked by clk_out2_clk_wiz_0  {rise@0.000ns fall@20.000ns period=40.000ns})
  Destination:            vga_blue[3]
                            (output port)
  Path Group:             (none)
  Path Type:              Min at Fast Process Corner
  Data Path Delay:        2.243ns  (logic 1.367ns (60.943%)  route 0.876ns (39.057%))
  Logic Levels:           1  (OBUF=1)
  Clock Uncertainty:      0.235ns  ((TSJ^2 + DJ^2)^1/2) / 2 + PE
    Total System Jitter     (TSJ):    0.050ns
    Discrete Jitter          (DJ):    0.200ns
    Phase Error              (PE):    0.132ns

    Location             Delay type                Incr(ns)  Path(ns)    Netlist Resource(s)
  -------------------------------------------------------------------    -------------------
                         (clock clk_out2_clk_wiz_0 rise edge)
                                                      0.000     0.000 r  
    W5                                                0.000     0.000 r  clk100 (IN)
                         net (fo=0)                   0.000     0.000    clk_div/inst/clk_in1
    W5                   IBUF (Prop_ibuf_I_O)         0.226     0.226 r  clk_div/inst/clkin1_ibufg/O
                         net (fo=1, routed)           0.440     0.667    clk_div/inst/clk_in1_clk_wiz_0
    MMCME2_ADV_X1Y0      MMCME2_ADV (Prop_mmcme2_adv_CLKIN1_CLKOUT1)
                                                     -2.360    -1.693 r  clk_div/inst/mmcm_adv_inst/CLKOUT1
                         net (fo=1, routed)           0.486    -1.207    clk_div/inst/clk_out2_clk_wiz_0
    BUFGCTRL_X0Y1        BUFG (Prop_bufg_I_O)         0.026    -1.181 r  clk_div/inst/clkout2_buf/O
                         net (fo=140, routed)         0.563    -0.618    vga_display/clk_out2
    SLICE_X36Y46         FDRE                                         r  vga_display/vga_blue_reg[3]/C
  -------------------------------------------------------------------    -------------------
    SLICE_X36Y46         FDRE (Prop_fdre_C_Q)         0.141    -0.477 r  vga_display/vga_blue_reg[3]/Q
                         net (fo=1, routed)           0.876     0.398    vga_blue_OBUF[3]
    J18                  OBUF (Prop_obuf_I_O)         1.226     1.624 r  vga_blue_OBUF[3]_inst/O
                         net (fo=0)                   0.000     1.624    vga_blue[3]
    J18                                                               r  vga_blue[3] (OUT)
  -------------------------------------------------------------------    -------------------

Slack:                    inf
  Source:                 vga_display/vga_green_reg[1]/C
                            (rising edge-triggered cell FDRE clocked by clk_out2_clk_wiz_0  {rise@0.000ns fall@20.000ns period=40.000ns})
  Destination:            vga_green[1]
                            (output port)
  Path Group:             (none)
  Path Type:              Min at Fast Process Corner
  Data Path Delay:        2.256ns  (logic 1.348ns (59.728%)  route 0.909ns (40.272%))
  Logic Levels:           1  (OBUF=1)
  Clock Uncertainty:      0.235ns  ((TSJ^2 + DJ^2)^1/2) / 2 + PE
    Total System Jitter     (TSJ):    0.050ns
    Discrete Jitter          (DJ):    0.200ns
    Phase Error              (PE):    0.132ns

    Location             Delay type                Incr(ns)  Path(ns)    Netlist Resource(s)
  -------------------------------------------------------------------    -------------------
                         (clock clk_out2_clk_wiz_0 rise edge)
                                                      0.000     0.000 r  
    W5                                                0.000     0.000 r  clk100 (IN)
                         net (fo=0)                   0.000     0.000    clk_div/inst/clk_in1
    W5                   IBUF (Prop_ibuf_I_O)         0.226     0.226 r  clk_div/inst/clkin1_ibufg/O
                         net (fo=1, routed)           0.440     0.667    clk_div/inst/clk_in1_clk_wiz_0
    MMCME2_ADV_X1Y0      MMCME2_ADV (Prop_mmcme2_adv_CLKIN1_CLKOUT1)
                                                     -2.360    -1.693 r  clk_div/inst/mmcm_adv_inst/CLKOUT1
                         net (fo=1, routed)           0.486    -1.207    clk_div/inst/clk_out2_clk_wiz_0
    BUFGCTRL_X0Y1        BUFG (Prop_bufg_I_O)         0.026    -1.181 r  clk_div/inst/clkout2_buf/O
                         net (fo=140, routed)         0.564    -0.617    vga_display/clk_out2
    SLICE_X36Y47         FDRE                                         r  vga_display/vga_green_reg[1]/C
  -------------------------------------------------------------------    -------------------
    SLICE_X36Y47         FDRE (Prop_fdre_C_Q)         0.141    -0.476 r  vga_display/vga_green_reg[1]/Q
                         net (fo=1, routed)           0.909     0.432    vga_green_OBUF[1]
    H17                  OBUF (Prop_obuf_I_O)         1.207     1.639 r  vga_green_OBUF[1]_inst/O
                         net (fo=0)                   0.000     1.639    vga_green[1]
    H17                                                               r  vga_green[1] (OUT)
  -------------------------------------------------------------------    -------------------

Slack:                    inf
  Source:                 vga_display/vga_green_reg[3]/C
                            (rising edge-triggered cell FDRE clocked by clk_out2_clk_wiz_0  {rise@0.000ns fall@20.000ns period=40.000ns})
  Destination:            vga_green[3]
                            (output port)
  Path Group:             (none)
  Path Type:              Min at Fast Process Corner
  Data Path Delay:        2.257ns  (logic 1.372ns (60.801%)  route 0.885ns (39.199%))
  Logic Levels:           1  (OBUF=1)
  Clock Uncertainty:      0.235ns  ((TSJ^2 + DJ^2)^1/2) / 2 + PE
    Total System Jitter     (TSJ):    0.050ns
    Discrete Jitter          (DJ):    0.200ns
    Phase Error              (PE):    0.132ns

    Location             Delay type                Incr(ns)  Path(ns)    Netlist Resource(s)
  -------------------------------------------------------------------    -------------------
                         (clock clk_out2_clk_wiz_0 rise edge)
                                                      0.000     0.000 r  
    W5                                                0.000     0.000 r  clk100 (IN)
                         net (fo=0)                   0.000     0.000    clk_div/inst/clk_in1
    W5                   IBUF (Prop_ibuf_I_O)         0.226     0.226 r  clk_div/inst/clkin1_ibufg/O
                         net (fo=1, routed)           0.440     0.667    clk_div/inst/clk_in1_clk_wiz_0
    MMCME2_ADV_X1Y0      MMCME2_ADV (Prop_mmcme2_adv_CLKIN1_CLKOUT1)
                                                     -2.360    -1.693 r  clk_div/inst/mmcm_adv_inst/CLKOUT1
                         net (fo=1, routed)           0.486    -1.207    clk_div/inst/clk_out2_clk_wiz_0
    BUFGCTRL_X0Y1        BUFG (Prop_bufg_I_O)         0.026    -1.181 r  clk_div/inst/clkout2_buf/O
                         net (fo=140, routed)         0.564    -0.617    vga_display/clk_out2
    SLICE_X37Y47         FDRE                                         r  vga_display/vga_green_reg[3]/C
  -------------------------------------------------------------------    -------------------
    SLICE_X37Y47         FDRE (Prop_fdre_C_Q)         0.141    -0.476 r  vga_display/vga_green_reg[3]/Q
                         net (fo=1, routed)           0.885     0.408    vga_green_OBUF[3]
    D17                  OBUF (Prop_obuf_I_O)         1.231     1.640 r  vga_green_OBUF[3]_inst/O
                         net (fo=0)                   0.000     1.640    vga_green[3]
    D17                                                               r  vga_green[3] (OUT)
  -------------------------------------------------------------------    -------------------

Slack:                    inf
  Source:                 vga_display/vga_red_reg[0]/C
                            (rising edge-triggered cell FDRE clocked by clk_out2_clk_wiz_0  {rise@0.000ns fall@20.000ns period=40.000ns})
  Destination:            vga_red[0]
                            (output port)
  Path Group:             (none)
  Path Type:              Min at Fast Process Corner
  Data Path Delay:        2.264ns  (logic 1.366ns (60.319%)  route 0.898ns (39.681%))
  Logic Levels:           1  (OBUF=1)
  Clock Uncertainty:      0.235ns  ((TSJ^2 + DJ^2)^1/2) / 2 + PE
    Total System Jitter     (TSJ):    0.050ns
    Discrete Jitter          (DJ):    0.200ns
    Phase Error              (PE):    0.132ns

    Location             Delay type                Incr(ns)  Path(ns)    Netlist Resource(s)
  -------------------------------------------------------------------    -------------------
                         (clock clk_out2_clk_wiz_0 rise edge)
                                                      0.000     0.000 r  
    W5                                                0.000     0.000 r  clk100 (IN)
                         net (fo=0)                   0.000     0.000    clk_div/inst/clk_in1
    W5                   IBUF (Prop_ibuf_I_O)         0.226     0.226 r  clk_div/inst/clkin1_ibufg/O
                         net (fo=1, routed)           0.440     0.667    clk_div/inst/clk_in1_clk_wiz_0
    MMCME2_ADV_X1Y0      MMCME2_ADV (Prop_mmcme2_adv_CLKIN1_CLKOUT1)
                                                     -2.360    -1.693 r  clk_div/inst/mmcm_adv_inst/CLKOUT1
                         net (fo=1, routed)           0.486    -1.207    clk_div/inst/clk_out2_clk_wiz_0
    BUFGCTRL_X0Y1        BUFG (Prop_bufg_I_O)         0.026    -1.181 r  clk_div/inst/clkout2_buf/O
                         net (fo=140, routed)         0.564    -0.617    vga_display/clk_out2
    SLICE_X37Y47         FDRE                                         r  vga_display/vga_red_reg[0]/C
  -------------------------------------------------------------------    -------------------
    SLICE_X37Y47         FDRE (Prop_fdre_C_Q)         0.141    -0.476 r  vga_display/vga_red_reg[0]/Q
                         net (fo=1, routed)           0.898     0.422    vga_red_OBUF[0]
    G19                  OBUF (Prop_obuf_I_O)         1.225     1.647 r  vga_red_OBUF[0]_inst/O
                         net (fo=0)                   0.000     1.647    vga_red[0]
    G19                                                               r  vga_red[0] (OUT)
  -------------------------------------------------------------------    -------------------

Slack:                    inf
  Source:                 vga_display/vga_red_reg[2]/C
                            (rising edge-triggered cell FDRE clocked by clk_out2_clk_wiz_0  {rise@0.000ns fall@20.000ns period=40.000ns})
  Destination:            vga_red[2]
                            (output port)
  Path Group:             (none)
  Path Type:              Min at Fast Process Corner
  Data Path Delay:        2.285ns  (logic 1.366ns (59.776%)  route 0.919ns (40.224%))
  Logic Levels:           1  (OBUF=1)
  Clock Uncertainty:      0.235ns  ((TSJ^2 + DJ^2)^1/2) / 2 + PE
    Total System Jitter     (TSJ):    0.050ns
    Discrete Jitter          (DJ):    0.200ns
    Phase Error              (PE):    0.132ns

    Location             Delay type                Incr(ns)  Path(ns)    Netlist Resource(s)
  -------------------------------------------------------------------    -------------------
                         (clock clk_out2_clk_wiz_0 rise edge)
                                                      0.000     0.000 r  
    W5                                                0.000     0.000 r  clk100 (IN)
                         net (fo=0)                   0.000     0.000    clk_div/inst/clk_in1
    W5                   IBUF (Prop_ibuf_I_O)         0.226     0.226 r  clk_div/inst/clkin1_ibufg/O
                         net (fo=1, routed)           0.440     0.667    clk_div/inst/clk_in1_clk_wiz_0
    MMCME2_ADV_X1Y0      MMCME2_ADV (Prop_mmcme2_adv_CLKIN1_CLKOUT1)
                                                     -2.360    -1.693 r  clk_div/inst/mmcm_adv_inst/CLKOUT1
                         net (fo=1, routed)           0.486    -1.207    clk_div/inst/clk_out2_clk_wiz_0
    BUFGCTRL_X0Y1        BUFG (Prop_bufg_I_O)         0.026    -1.181 r  clk_div/inst/clkout2_buf/O
                         net (fo=140, routed)         0.563    -0.618    vga_display/clk_out2
    SLICE_X36Y46         FDRE                                         r  vga_display/vga_red_reg[2]/C
  -------------------------------------------------------------------    -------------------
    SLICE_X36Y46         FDRE (Prop_fdre_C_Q)         0.141    -0.477 r  vga_display/vga_red_reg[2]/Q
                         net (fo=1, routed)           0.919     0.442    vga_red_OBUF[2]
    J19                  OBUF (Prop_obuf_I_O)         1.225     1.667 r  vga_red_OBUF[2]_inst/O
                         net (fo=0)                   0.000     1.667    vga_red[2]
    J19                                                               r  vga_red[2] (OUT)
  -------------------------------------------------------------------    -------------------





--------------------------------------------------------------------------------------
Path Group:  (none)
From Clock:  clk_out4_clk_wiz_0
  To Clock:  

Max Delay             1 Endpoint
Min Delay             1 Endpoint
--------------------------------------------------------------------------------------


Max Delay Paths
--------------------------------------------------------------------------------------
Slack:                    inf
  Source:                 clk_div/inst/mmcm_adv_inst/CLKOUT3
                            (clock source 'clk_out4_clk_wiz_0'  {rise@0.000ns fall@20.833ns period=41.667ns})
  Destination:            OV7670_XCLK
                            (output port)
  Path Group:             (none)
  Path Type:              Max at Slow Process Corner
  Data Path Delay:        8.361ns  (logic 3.601ns (43.065%)  route 4.761ns (56.935%))
  Logic Levels:           2  (BUFG=1 OBUF=1)
  Clock Uncertainty:      0.236ns  ((TSJ^2 + DJ^2)^1/2) / 2 + PE
    Total System Jitter     (TSJ):    0.050ns
    Discrete Jitter          (DJ):    0.202ns
    Phase Error              (PE):    0.132ns

    Location             Delay type                Incr(ns)  Path(ns)    Netlist Resource(s)
  -------------------------------------------------------------------    -------------------
                         (clock clk_out4_clk_wiz_0 fall edge)
                                                     20.833    20.833 f  
    W5                                                0.000    20.833 f  clk100 (IN)
                         net (fo=0)                   0.000    20.833    clk_div/inst/clk_in1
    W5                   IBUF (Prop_ibuf_I_O)         1.458    22.292 f  clk_div/inst/clkin1_ibufg/O
                         net (fo=1, routed)           1.233    23.525    clk_div/inst/clk_in1_clk_wiz_0
  -------------------------------------------------------------------    -------------------
    MMCME2_ADV_X1Y0      MMCME2_ADV (Prop_mmcme2_adv_CLKIN1_CLKOUT3)
                                                     -6.961    16.564 f  clk_div/inst/mmcm_adv_inst/CLKOUT3
                         net (fo=1, routed)           1.661    18.225    clk_div/inst/clk_out4_clk_wiz_0
    BUFGCTRL_X0Y0        BUFG (Prop_bufg_I_O)         0.096    18.321 f  clk_div/inst/clkout4_buf/O
                         net (fo=1, routed)           3.099    21.421    OV7670_XCLK_OBUF
    C15                  OBUF (Prop_obuf_I_O)         3.505    24.925 f  OV7670_XCLK_OBUF_inst/O
                         net (fo=0)                   0.000    24.925    OV7670_XCLK
    C15                                                               f  OV7670_XCLK (OUT)
  -------------------------------------------------------------------    -------------------





Min Delay Paths
--------------------------------------------------------------------------------------
Slack:                    inf
  Source:                 clk_div/inst/mmcm_adv_inst/CLKOUT3
                            (clock source 'clk_out4_clk_wiz_0'  {rise@0.000ns fall@20.833ns period=41.667ns})
  Destination:            OV7670_XCLK
                            (output port)
  Path Group:             (none)
  Path Type:              Min at Fast Process Corner
  Data Path Delay:        2.538ns  (logic 1.232ns (48.546%)  route 1.306ns (51.454%))
  Logic Levels:           2  (BUFG=1 OBUF=1)
  Clock Uncertainty:      0.236ns  ((TSJ^2 + DJ^2)^1/2) / 2 + PE
    Total System Jitter     (TSJ):    0.050ns
    Discrete Jitter          (DJ):    0.202ns
    Phase Error              (PE):    0.132ns

    Location             Delay type                Incr(ns)  Path(ns)    Netlist Resource(s)
  -------------------------------------------------------------------    -------------------
                         (clock clk_out4_clk_wiz_0 rise edge)
                                                      0.000     0.000 r  
    W5                                                0.000     0.000 r  clk100 (IN)
                         net (fo=0)                   0.000     0.000    clk_div/inst/clk_in1
    W5                   IBUF (Prop_ibuf_I_O)         0.226     0.226 r  clk_div/inst/clkin1_ibufg/O
                         net (fo=1, routed)           0.440     0.667    clk_div/inst/clk_in1_clk_wiz_0
  -------------------------------------------------------------------    -------------------
    MMCME2_ADV_X1Y0      MMCME2_ADV (Prop_mmcme2_adv_CLKIN1_CLKOUT3)
                                                     -2.360    -1.693 r  clk_div/inst/mmcm_adv_inst/CLKOUT3
                         net (fo=1, routed)           0.486    -1.207    clk_div/inst/clk_out4_clk_wiz_0
    BUFGCTRL_X0Y0        BUFG (Prop_bufg_I_O)         0.026    -1.181 r  clk_div/inst/clkout4_buf/O
                         net (fo=1, routed)           0.820    -0.361    OV7670_XCLK_OBUF
    C15                  OBUF (Prop_obuf_I_O)         1.206     0.845 r  OV7670_XCLK_OBUF_inst/O
                         net (fo=0)                   0.000     0.845    OV7670_XCLK
    C15                                                               r  OV7670_XCLK (OUT)
  -------------------------------------------------------------------    -------------------





--------------------------------------------------------------------------------------
Path Group:  (none)
From Clock:  
  To Clock:  clk_out1_clk_wiz_0

Max Delay            25 Endpoints
Min Delay            25 Endpoints
--------------------------------------------------------------------------------------


Max Delay Paths
--------------------------------------------------------------------------------------
Slack:                    inf
  Source:                 btn
                            (input port)
  Destination:            btn_debounce/o_reg/D
                            (rising edge-triggered cell FDRE clocked by clk_out1_clk_wiz_0  {rise@0.000ns fall@10.000ns period=20.000ns})
  Path Group:             (none)
  Path Type:              Setup (Max at Slow Process Corner)
  Data Path Delay:        6.996ns  (logic 1.689ns (24.148%)  route 5.306ns (75.852%))
  Logic Levels:           3  (IBUF=1 LUT5=1 LUT6=1)
  Clock Path Skew:        -1.318ns (DCD - SCD + CPR)
    Destination Clock Delay (DCD):    -1.318ns
    Source Clock Delay      (SCD):    0.000ns
    Clock Pessimism Removal (CPR):    0.000ns
  Clock Uncertainty:      0.223ns  ((TSJ^2 + DJ^2)^1/2) / 2 + PE
    Total System Jitter     (TSJ):    0.050ns
    Discrete Jitter          (DJ):    0.174ns
    Phase Error              (PE):    0.132ns

    Location             Delay type                Incr(ns)  Path(ns)    Netlist Resource(s)
  -------------------------------------------------------------------    -------------------
    U18                                               0.000     0.000 r  btn (IN)
                         net (fo=0)                   0.000     0.000    btn
    U18                  IBUF (Prop_ibuf_I_O)         1.441     1.441 r  btn_IBUF_inst/O
                         net (fo=2, routed)           4.365     5.806    btn_debounce/btn_IBUF
    SLICE_X1Y137         LUT6 (Prop_lut6_I4_O)        0.124     5.930 r  btn_debounce/o_i_3/O
                         net (fo=1, routed)           0.941     6.872    btn_debounce/o_i_3_n_0
    SLICE_X1Y134         LUT5 (Prop_lut5_I1_O)        0.124     6.996 r  btn_debounce/o_i_1/O
                         net (fo=1, routed)           0.000     6.996    btn_debounce/o_i_1_n_0
    SLICE_X1Y134         FDRE                                         r  btn_debounce/o_reg/D
  -------------------------------------------------------------------    -------------------

                         (clock clk_out1_clk_wiz_0 rise edge)
                                                      0.000     0.000 r  
    W5                                                0.000     0.000 r  clk100 (IN)
                         net (fo=0)                   0.000     0.000    clk_div/inst/clk_in1
    W5                   IBUF (Prop_ibuf_I_O)         1.388     1.388 r  clk_div/inst/clkin1_ibufg/O
                         net (fo=1, routed)           1.162     2.550    clk_div/inst/clk_in1_clk_wiz_0
    MMCME2_ADV_X1Y0      MMCME2_ADV (Prop_mmcme2_adv_CLKIN1_CLKOUT0)
                                                     -7.217    -4.668 r  clk_div/inst/mmcm_adv_inst/CLKOUT0
                         net (fo=1, routed)           1.581    -3.086    clk_div/inst/clk_out1_clk_wiz_0
    BUFGCTRL_X0Y2        BUFG (Prop_bufg_I_O)         0.091    -2.995 r  clk_div/inst/clkout1_buf/O
                         net (fo=25, routed)          1.677    -1.318    btn_debounce/clk_out1
    SLICE_X1Y134         FDRE                                         r  btn_debounce/o_reg/C

Slack:                    inf
  Source:                 btn
                            (input port)
  Destination:            btn_debounce/c_reg[0]/R
                            (rising edge-triggered cell FDRE clocked by clk_out1_clk_wiz_0  {rise@0.000ns fall@10.000ns period=20.000ns})
  Path Group:             (none)
  Path Type:              Setup (Max at Slow Process Corner)
  Data Path Delay:        6.899ns  (logic 1.565ns (22.688%)  route 5.334ns (77.312%))
  Logic Levels:           2  (IBUF=1 LUT1=1)
  Clock Path Skew:        -1.320ns (DCD - SCD + CPR)
    Destination Clock Delay (DCD):    -1.320ns
    Source Clock Delay      (SCD):    0.000ns
    Clock Pessimism Removal (CPR):    0.000ns
  Clock Uncertainty:      0.223ns  ((TSJ^2 + DJ^2)^1/2) / 2 + PE
    Total System Jitter     (TSJ):    0.050ns
    Discrete Jitter          (DJ):    0.174ns
    Phase Error              (PE):    0.132ns

    Location             Delay type                Incr(ns)  Path(ns)    Netlist Resource(s)
  -------------------------------------------------------------------    -------------------
    U18                                               0.000     0.000 f  btn (IN)
                         net (fo=0)                   0.000     0.000    btn
    U18                  IBUF (Prop_ibuf_I_O)         1.441     1.441 f  btn_IBUF_inst/O
                         net (fo=2, routed)           4.363     5.804    btn_debounce/btn_IBUF
    SLICE_X1Y137         LUT1 (Prop_lut1_I0_O)        0.124     5.928 r  btn_debounce/c[0]_i_1/O
                         net (fo=24, routed)          0.971     6.899    btn_debounce/clear
    SLICE_X0Y132         FDRE                                         r  btn_debounce/c_reg[0]/R
  -------------------------------------------------------------------    -------------------

                         (clock clk_out1_clk_wiz_0 rise edge)
                                                      0.000     0.000 r  
    W5                                                0.000     0.000 r  clk100 (IN)
                         net (fo=0)                   0.000     0.000    clk_div/inst/clk_in1
    W5                   IBUF (Prop_ibuf_I_O)         1.388     1.388 r  clk_div/inst/clkin1_ibufg/O
                         net (fo=1, routed)           1.162     2.550    clk_div/inst/clk_in1_clk_wiz_0
    MMCME2_ADV_X1Y0      MMCME2_ADV (Prop_mmcme2_adv_CLKIN1_CLKOUT0)
                                                     -7.217    -4.668 r  clk_div/inst/mmcm_adv_inst/CLKOUT0
                         net (fo=1, routed)           1.581    -3.086    clk_div/inst/clk_out1_clk_wiz_0
    BUFGCTRL_X0Y2        BUFG (Prop_bufg_I_O)         0.091    -2.995 r  clk_div/inst/clkout1_buf/O
                         net (fo=25, routed)          1.675    -1.320    btn_debounce/clk_out1
    SLICE_X0Y132         FDRE                                         r  btn_debounce/c_reg[0]/C

Slack:                    inf
  Source:                 btn
                            (input port)
  Destination:            btn_debounce/c_reg[1]/R
                            (rising edge-triggered cell FDRE clocked by clk_out1_clk_wiz_0  {rise@0.000ns fall@10.000ns period=20.000ns})
  Path Group:             (none)
  Path Type:              Setup (Max at Slow Process Corner)
  Data Path Delay:        6.899ns  (logic 1.565ns (22.688%)  route 5.334ns (77.312%))
  Logic Levels:           2  (IBUF=1 LUT1=1)
  Clock Path Skew:        -1.320ns (DCD - SCD + CPR)
    Destination Clock Delay (DCD):    -1.320ns
    Source Clock Delay      (SCD):    0.000ns
    Clock Pessimism Removal (CPR):    0.000ns
  Clock Uncertainty:      0.223ns  ((TSJ^2 + DJ^2)^1/2) / 2 + PE
    Total System Jitter     (TSJ):    0.050ns
    Discrete Jitter          (DJ):    0.174ns
    Phase Error              (PE):    0.132ns

    Location             Delay type                Incr(ns)  Path(ns)    Netlist Resource(s)
  -------------------------------------------------------------------    -------------------
    U18                                               0.000     0.000 f  btn (IN)
                         net (fo=0)                   0.000     0.000    btn
    U18                  IBUF (Prop_ibuf_I_O)         1.441     1.441 f  btn_IBUF_inst/O
                         net (fo=2, routed)           4.363     5.804    btn_debounce/btn_IBUF
    SLICE_X1Y137         LUT1 (Prop_lut1_I0_O)        0.124     5.928 r  btn_debounce/c[0]_i_1/O
                         net (fo=24, routed)          0.971     6.899    btn_debounce/clear
    SLICE_X0Y132         FDRE                                         r  btn_debounce/c_reg[1]/R
  -------------------------------------------------------------------    -------------------

                         (clock clk_out1_clk_wiz_0 rise edge)
                                                      0.000     0.000 r  
    W5                                                0.000     0.000 r  clk100 (IN)
                         net (fo=0)                   0.000     0.000    clk_div/inst/clk_in1
    W5                   IBUF (Prop_ibuf_I_O)         1.388     1.388 r  clk_div/inst/clkin1_ibufg/O
                         net (fo=1, routed)           1.162     2.550    clk_div/inst/clk_in1_clk_wiz_0
    MMCME2_ADV_X1Y0      MMCME2_ADV (Prop_mmcme2_adv_CLKIN1_CLKOUT0)
                                                     -7.217    -4.668 r  clk_div/inst/mmcm_adv_inst/CLKOUT0
                         net (fo=1, routed)           1.581    -3.086    clk_div/inst/clk_out1_clk_wiz_0
    BUFGCTRL_X0Y2        BUFG (Prop_bufg_I_O)         0.091    -2.995 r  clk_div/inst/clkout1_buf/O
                         net (fo=25, routed)          1.675    -1.320    btn_debounce/clk_out1
    SLICE_X0Y132         FDRE                                         r  btn_debounce/c_reg[1]/C

Slack:                    inf
  Source:                 btn
                            (input port)
  Destination:            btn_debounce/c_reg[2]/R
                            (rising edge-triggered cell FDRE clocked by clk_out1_clk_wiz_0  {rise@0.000ns fall@10.000ns period=20.000ns})
  Path Group:             (none)
  Path Type:              Setup (Max at Slow Process Corner)
  Data Path Delay:        6.899ns  (logic 1.565ns (22.688%)  route 5.334ns (77.312%))
  Logic Levels:           2  (IBUF=1 LUT1=1)
  Clock Path Skew:        -1.320ns (DCD - SCD + CPR)
    Destination Clock Delay (DCD):    -1.320ns
    Source Clock Delay      (SCD):    0.000ns
    Clock Pessimism Removal (CPR):    0.000ns
  Clock Uncertainty:      0.223ns  ((TSJ^2 + DJ^2)^1/2) / 2 + PE
    Total System Jitter     (TSJ):    0.050ns
    Discrete Jitter          (DJ):    0.174ns
    Phase Error              (PE):    0.132ns

    Location             Delay type                Incr(ns)  Path(ns)    Netlist Resource(s)
  -------------------------------------------------------------------    -------------------
    U18                                               0.000     0.000 f  btn (IN)
                         net (fo=0)                   0.000     0.000    btn
    U18                  IBUF (Prop_ibuf_I_O)         1.441     1.441 f  btn_IBUF_inst/O
                         net (fo=2, routed)           4.363     5.804    btn_debounce/btn_IBUF
    SLICE_X1Y137         LUT1 (Prop_lut1_I0_O)        0.124     5.928 r  btn_debounce/c[0]_i_1/O
                         net (fo=24, routed)          0.971     6.899    btn_debounce/clear
    SLICE_X0Y132         FDRE                                         r  btn_debounce/c_reg[2]/R
  -------------------------------------------------------------------    -------------------

                         (clock clk_out1_clk_wiz_0 rise edge)
                                                      0.000     0.000 r  
    W5                                                0.000     0.000 r  clk100 (IN)
                         net (fo=0)                   0.000     0.000    clk_div/inst/clk_in1
    W5                   IBUF (Prop_ibuf_I_O)         1.388     1.388 r  clk_div/inst/clkin1_ibufg/O
                         net (fo=1, routed)           1.162     2.550    clk_div/inst/clk_in1_clk_wiz_0
    MMCME2_ADV_X1Y0      MMCME2_ADV (Prop_mmcme2_adv_CLKIN1_CLKOUT0)
                                                     -7.217    -4.668 r  clk_div/inst/mmcm_adv_inst/CLKOUT0
                         net (fo=1, routed)           1.581    -3.086    clk_div/inst/clk_out1_clk_wiz_0
    BUFGCTRL_X0Y2        BUFG (Prop_bufg_I_O)         0.091    -2.995 r  clk_div/inst/clkout1_buf/O
                         net (fo=25, routed)          1.675    -1.320    btn_debounce/clk_out1
    SLICE_X0Y132         FDRE                                         r  btn_debounce/c_reg[2]/C

Slack:                    inf
  Source:                 btn
                            (input port)
  Destination:            btn_debounce/c_reg[3]/R
                            (rising edge-triggered cell FDRE clocked by clk_out1_clk_wiz_0  {rise@0.000ns fall@10.000ns period=20.000ns})
  Path Group:             (none)
  Path Type:              Setup (Max at Slow Process Corner)
  Data Path Delay:        6.899ns  (logic 1.565ns (22.688%)  route 5.334ns (77.312%))
  Logic Levels:           2  (IBUF=1 LUT1=1)
  Clock Path Skew:        -1.320ns (DCD - SCD + CPR)
    Destination Clock Delay (DCD):    -1.320ns
    Source Clock Delay      (SCD):    0.000ns
    Clock Pessimism Removal (CPR):    0.000ns
  Clock Uncertainty:      0.223ns  ((TSJ^2 + DJ^2)^1/2) / 2 + PE
    Total System Jitter     (TSJ):    0.050ns
    Discrete Jitter          (DJ):    0.174ns
    Phase Error              (PE):    0.132ns

    Location             Delay type                Incr(ns)  Path(ns)    Netlist Resource(s)
  -------------------------------------------------------------------    -------------------
    U18                                               0.000     0.000 f  btn (IN)
                         net (fo=0)                   0.000     0.000    btn
    U18                  IBUF (Prop_ibuf_I_O)         1.441     1.441 f  btn_IBUF_inst/O
                         net (fo=2, routed)           4.363     5.804    btn_debounce/btn_IBUF
    SLICE_X1Y137         LUT1 (Prop_lut1_I0_O)        0.124     5.928 r  btn_debounce/c[0]_i_1/O
                         net (fo=24, routed)          0.971     6.899    btn_debounce/clear
    SLICE_X0Y132         FDRE                                         r  btn_debounce/c_reg[3]/R
  -------------------------------------------------------------------    -------------------

                         (clock clk_out1_clk_wiz_0 rise edge)
                                                      0.000     0.000 r  
    W5                                                0.000     0.000 r  clk100 (IN)
                         net (fo=0)                   0.000     0.000    clk_div/inst/clk_in1
    W5                   IBUF (Prop_ibuf_I_O)         1.388     1.388 r  clk_div/inst/clkin1_ibufg/O
                         net (fo=1, routed)           1.162     2.550    clk_div/inst/clk_in1_clk_wiz_0
    MMCME2_ADV_X1Y0      MMCME2_ADV (Prop_mmcme2_adv_CLKIN1_CLKOUT0)
                                                     -7.217    -4.668 r  clk_div/inst/mmcm_adv_inst/CLKOUT0
                         net (fo=1, routed)           1.581    -3.086    clk_div/inst/clk_out1_clk_wiz_0
    BUFGCTRL_X0Y2        BUFG (Prop_bufg_I_O)         0.091    -2.995 r  clk_div/inst/clkout1_buf/O
                         net (fo=25, routed)          1.675    -1.320    btn_debounce/clk_out1
    SLICE_X0Y132         FDRE                                         r  btn_debounce/c_reg[3]/C

Slack:                    inf
  Source:                 btn
                            (input port)
  Destination:            btn_debounce/c_reg[4]/R
                            (rising edge-triggered cell FDRE clocked by clk_out1_clk_wiz_0  {rise@0.000ns fall@10.000ns period=20.000ns})
  Path Group:             (none)
  Path Type:              Setup (Max at Slow Process Corner)
  Data Path Delay:        6.758ns  (logic 1.565ns (23.161%)  route 5.193ns (76.839%))
  Logic Levels:           2  (IBUF=1 LUT1=1)
  Clock Path Skew:        -1.319ns (DCD - SCD + CPR)
    Destination Clock Delay (DCD):    -1.319ns
    Source Clock Delay      (SCD):    0.000ns
    Clock Pessimism Removal (CPR):    0.000ns
  Clock Uncertainty:      0.223ns  ((TSJ^2 + DJ^2)^1/2) / 2 + PE
    Total System Jitter     (TSJ):    0.050ns
    Discrete Jitter          (DJ):    0.174ns
    Phase Error              (PE):    0.132ns

    Location             Delay type                Incr(ns)  Path(ns)    Netlist Resource(s)
  -------------------------------------------------------------------    -------------------
    U18                                               0.000     0.000 f  btn (IN)
                         net (fo=0)                   0.000     0.000    btn
    U18                  IBUF (Prop_ibuf_I_O)         1.441     1.441 f  btn_IBUF_inst/O
                         net (fo=2, routed)           4.363     5.804    btn_debounce/btn_IBUF
    SLICE_X1Y137         LUT1 (Prop_lut1_I0_O)        0.124     5.928 r  btn_debounce/c[0]_i_1/O
                         net (fo=24, routed)          0.830     6.758    btn_debounce/clear
    SLICE_X0Y133         FDRE                                         r  btn_debounce/c_reg[4]/R
  -------------------------------------------------------------------    -------------------

                         (clock clk_out1_clk_wiz_0 rise edge)
                                                      0.000     0.000 r  
    W5                                                0.000     0.000 r  clk100 (IN)
                         net (fo=0)                   0.000     0.000    clk_div/inst/clk_in1
    W5                   IBUF (Prop_ibuf_I_O)         1.388     1.388 r  clk_div/inst/clkin1_ibufg/O
                         net (fo=1, routed)           1.162     2.550    clk_div/inst/clk_in1_clk_wiz_0
    MMCME2_ADV_X1Y0      MMCME2_ADV (Prop_mmcme2_adv_CLKIN1_CLKOUT0)
                                                     -7.217    -4.668 r  clk_div/inst/mmcm_adv_inst/CLKOUT0
                         net (fo=1, routed)           1.581    -3.086    clk_div/inst/clk_out1_clk_wiz_0
    BUFGCTRL_X0Y2        BUFG (Prop_bufg_I_O)         0.091    -2.995 r  clk_div/inst/clkout1_buf/O
                         net (fo=25, routed)          1.676    -1.319    btn_debounce/clk_out1
    SLICE_X0Y133         FDRE                                         r  btn_debounce/c_reg[4]/C

Slack:                    inf
  Source:                 btn
                            (input port)
  Destination:            btn_debounce/c_reg[5]/R
                            (rising edge-triggered cell FDRE clocked by clk_out1_clk_wiz_0  {rise@0.000ns fall@10.000ns period=20.000ns})
  Path Group:             (none)
  Path Type:              Setup (Max at Slow Process Corner)
  Data Path Delay:        6.758ns  (logic 1.565ns (23.161%)  route 5.193ns (76.839%))
  Logic Levels:           2  (IBUF=1 LUT1=1)
  Clock Path Skew:        -1.319ns (DCD - SCD + CPR)
    Destination Clock Delay (DCD):    -1.319ns
    Source Clock Delay      (SCD):    0.000ns
    Clock Pessimism Removal (CPR):    0.000ns
  Clock Uncertainty:      0.223ns  ((TSJ^2 + DJ^2)^1/2) / 2 + PE
    Total System Jitter     (TSJ):    0.050ns
    Discrete Jitter          (DJ):    0.174ns
    Phase Error              (PE):    0.132ns

    Location             Delay type                Incr(ns)  Path(ns)    Netlist Resource(s)
  -------------------------------------------------------------------    -------------------
    U18                                               0.000     0.000 f  btn (IN)
                         net (fo=0)                   0.000     0.000    btn
    U18                  IBUF (Prop_ibuf_I_O)         1.441     1.441 f  btn_IBUF_inst/O
                         net (fo=2, routed)           4.363     5.804    btn_debounce/btn_IBUF
    SLICE_X1Y137         LUT1 (Prop_lut1_I0_O)        0.124     5.928 r  btn_debounce/c[0]_i_1/O
                         net (fo=24, routed)          0.830     6.758    btn_debounce/clear
    SLICE_X0Y133         FDRE                                         r  btn_debounce/c_reg[5]/R
  -------------------------------------------------------------------    -------------------

                         (clock clk_out1_clk_wiz_0 rise edge)
                                                      0.000     0.000 r  
    W5                                                0.000     0.000 r  clk100 (IN)
                         net (fo=0)                   0.000     0.000    clk_div/inst/clk_in1
    W5                   IBUF (Prop_ibuf_I_O)         1.388     1.388 r  clk_div/inst/clkin1_ibufg/O
                         net (fo=1, routed)           1.162     2.550    clk_div/inst/clk_in1_clk_wiz_0
    MMCME2_ADV_X1Y0      MMCME2_ADV (Prop_mmcme2_adv_CLKIN1_CLKOUT0)
                                                     -7.217    -4.668 r  clk_div/inst/mmcm_adv_inst/CLKOUT0
                         net (fo=1, routed)           1.581    -3.086    clk_div/inst/clk_out1_clk_wiz_0
    BUFGCTRL_X0Y2        BUFG (Prop_bufg_I_O)         0.091    -2.995 r  clk_div/inst/clkout1_buf/O
                         net (fo=25, routed)          1.676    -1.319    btn_debounce/clk_out1
    SLICE_X0Y133         FDRE                                         r  btn_debounce/c_reg[5]/C

Slack:                    inf
  Source:                 btn
                            (input port)
  Destination:            btn_debounce/c_reg[6]/R
                            (rising edge-triggered cell FDRE clocked by clk_out1_clk_wiz_0  {rise@0.000ns fall@10.000ns period=20.000ns})
  Path Group:             (none)
  Path Type:              Setup (Max at Slow Process Corner)
  Data Path Delay:        6.758ns  (logic 1.565ns (23.161%)  route 5.193ns (76.839%))
  Logic Levels:           2  (IBUF=1 LUT1=1)
  Clock Path Skew:        -1.319ns (DCD - SCD + CPR)
    Destination Clock Delay (DCD):    -1.319ns
    Source Clock Delay      (SCD):    0.000ns
    Clock Pessimism Removal (CPR):    0.000ns
  Clock Uncertainty:      0.223ns  ((TSJ^2 + DJ^2)^1/2) / 2 + PE
    Total System Jitter     (TSJ):    0.050ns
    Discrete Jitter          (DJ):    0.174ns
    Phase Error              (PE):    0.132ns

    Location             Delay type                Incr(ns)  Path(ns)    Netlist Resource(s)
  -------------------------------------------------------------------    -------------------
    U18                                               0.000     0.000 f  btn (IN)
                         net (fo=0)                   0.000     0.000    btn
    U18                  IBUF (Prop_ibuf_I_O)         1.441     1.441 f  btn_IBUF_inst/O
                         net (fo=2, routed)           4.363     5.804    btn_debounce/btn_IBUF
    SLICE_X1Y137         LUT1 (Prop_lut1_I0_O)        0.124     5.928 r  btn_debounce/c[0]_i_1/O
                         net (fo=24, routed)          0.830     6.758    btn_debounce/clear
    SLICE_X0Y133         FDRE                                         r  btn_debounce/c_reg[6]/R
  -------------------------------------------------------------------    -------------------

                         (clock clk_out1_clk_wiz_0 rise edge)
                                                      0.000     0.000 r  
    W5                                                0.000     0.000 r  clk100 (IN)
                         net (fo=0)                   0.000     0.000    clk_div/inst/clk_in1
    W5                   IBUF (Prop_ibuf_I_O)         1.388     1.388 r  clk_div/inst/clkin1_ibufg/O
                         net (fo=1, routed)           1.162     2.550    clk_div/inst/clk_in1_clk_wiz_0
    MMCME2_ADV_X1Y0      MMCME2_ADV (Prop_mmcme2_adv_CLKIN1_CLKOUT0)
                                                     -7.217    -4.668 r  clk_div/inst/mmcm_adv_inst/CLKOUT0
                         net (fo=1, routed)           1.581    -3.086    clk_div/inst/clk_out1_clk_wiz_0
    BUFGCTRL_X0Y2        BUFG (Prop_bufg_I_O)         0.091    -2.995 r  clk_div/inst/clkout1_buf/O
                         net (fo=25, routed)          1.676    -1.319    btn_debounce/clk_out1
    SLICE_X0Y133         FDRE                                         r  btn_debounce/c_reg[6]/C

Slack:                    inf
  Source:                 btn
                            (input port)
  Destination:            btn_debounce/c_reg[7]/R
                            (rising edge-triggered cell FDRE clocked by clk_out1_clk_wiz_0  {rise@0.000ns fall@10.000ns period=20.000ns})
  Path Group:             (none)
  Path Type:              Setup (Max at Slow Process Corner)
  Data Path Delay:        6.758ns  (logic 1.565ns (23.161%)  route 5.193ns (76.839%))
  Logic Levels:           2  (IBUF=1 LUT1=1)
  Clock Path Skew:        -1.319ns (DCD - SCD + CPR)
    Destination Clock Delay (DCD):    -1.319ns
    Source Clock Delay      (SCD):    0.000ns
    Clock Pessimism Removal (CPR):    0.000ns
  Clock Uncertainty:      0.223ns  ((TSJ^2 + DJ^2)^1/2) / 2 + PE
    Total System Jitter     (TSJ):    0.050ns
    Discrete Jitter          (DJ):    0.174ns
    Phase Error              (PE):    0.132ns

    Location             Delay type                Incr(ns)  Path(ns)    Netlist Resource(s)
  -------------------------------------------------------------------    -------------------
    U18                                               0.000     0.000 f  btn (IN)
                         net (fo=0)                   0.000     0.000    btn
    U18                  IBUF (Prop_ibuf_I_O)         1.441     1.441 f  btn_IBUF_inst/O
                         net (fo=2, routed)           4.363     5.804    btn_debounce/btn_IBUF
    SLICE_X1Y137         LUT1 (Prop_lut1_I0_O)        0.124     5.928 r  btn_debounce/c[0]_i_1/O
                         net (fo=24, routed)          0.830     6.758    btn_debounce/clear
    SLICE_X0Y133         FDRE                                         r  btn_debounce/c_reg[7]/R
  -------------------------------------------------------------------    -------------------

                         (clock clk_out1_clk_wiz_0 rise edge)
                                                      0.000     0.000 r  
    W5                                                0.000     0.000 r  clk100 (IN)
                         net (fo=0)                   0.000     0.000    clk_div/inst/clk_in1
    W5                   IBUF (Prop_ibuf_I_O)         1.388     1.388 r  clk_div/inst/clkin1_ibufg/O
                         net (fo=1, routed)           1.162     2.550    clk_div/inst/clk_in1_clk_wiz_0
    MMCME2_ADV_X1Y0      MMCME2_ADV (Prop_mmcme2_adv_CLKIN1_CLKOUT0)
                                                     -7.217    -4.668 r  clk_div/inst/mmcm_adv_inst/CLKOUT0
                         net (fo=1, routed)           1.581    -3.086    clk_div/inst/clk_out1_clk_wiz_0
    BUFGCTRL_X0Y2        BUFG (Prop_bufg_I_O)         0.091    -2.995 r  clk_div/inst/clkout1_buf/O
                         net (fo=25, routed)          1.676    -1.319    btn_debounce/clk_out1
    SLICE_X0Y133         FDRE                                         r  btn_debounce/c_reg[7]/C

Slack:                    inf
  Source:                 btn
                            (input port)
  Destination:            btn_debounce/c_reg[20]/R
                            (rising edge-triggered cell FDRE clocked by clk_out1_clk_wiz_0  {rise@0.000ns fall@10.000ns period=20.000ns})
  Path Group:             (none)
  Path Type:              Setup (Max at Slow Process Corner)
  Data Path Delay:        6.622ns  (logic 1.565ns (23.636%)  route 5.057ns (76.364%))
  Logic Levels:           2  (IBUF=1 LUT1=1)
  Clock Path Skew:        -1.316ns (DCD - SCD + CPR)
    Destination Clock Delay (DCD):    -1.316ns
    Source Clock Delay      (SCD):    0.000ns
    Clock Pessimism Removal (CPR):    0.000ns
  Clock Uncertainty:      0.223ns  ((TSJ^2 + DJ^2)^1/2) / 2 + PE
    Total System Jitter     (TSJ):    0.050ns
    Discrete Jitter          (DJ):    0.174ns
    Phase Error              (PE):    0.132ns

    Location             Delay type                Incr(ns)  Path(ns)    Netlist Resource(s)
  -------------------------------------------------------------------    -------------------
    U18                                               0.000     0.000 f  btn (IN)
                         net (fo=0)                   0.000     0.000    btn
    U18                  IBUF (Prop_ibuf_I_O)         1.441     1.441 f  btn_IBUF_inst/O
                         net (fo=2, routed)           4.363     5.804    btn_debounce/btn_IBUF
    SLICE_X1Y137         LUT1 (Prop_lut1_I0_O)        0.124     5.928 r  btn_debounce/c[0]_i_1/O
                         net (fo=24, routed)          0.694     6.622    btn_debounce/clear
    SLICE_X0Y137         FDRE                                         r  btn_debounce/c_reg[20]/R
  -------------------------------------------------------------------    -------------------

                         (clock clk_out1_clk_wiz_0 rise edge)
                                                      0.000     0.000 r  
    W5                                                0.000     0.000 r  clk100 (IN)
                         net (fo=0)                   0.000     0.000    clk_div/inst/clk_in1
    W5                   IBUF (Prop_ibuf_I_O)         1.388     1.388 r  clk_div/inst/clkin1_ibufg/O
                         net (fo=1, routed)           1.162     2.550    clk_div/inst/clk_in1_clk_wiz_0
    MMCME2_ADV_X1Y0      MMCME2_ADV (Prop_mmcme2_adv_CLKIN1_CLKOUT0)
                                                     -7.217    -4.668 r  clk_div/inst/mmcm_adv_inst/CLKOUT0
                         net (fo=1, routed)           1.581    -3.086    clk_div/inst/clk_out1_clk_wiz_0
    BUFGCTRL_X0Y2        BUFG (Prop_bufg_I_O)         0.091    -2.995 r  clk_div/inst/clkout1_buf/O
                         net (fo=25, routed)          1.679    -1.316    btn_debounce/clk_out1
    SLICE_X0Y137         FDRE                                         r  btn_debounce/c_reg[20]/C





Min Delay Paths
--------------------------------------------------------------------------------------
Slack:                    inf
  Source:                 btn
                            (input port)
  Destination:            btn_debounce/c_reg[16]/R
                            (rising edge-triggered cell FDRE clocked by clk_out1_clk_wiz_0  {rise@0.000ns fall@10.000ns period=20.000ns})
  Path Group:             (none)
  Path Type:              Hold (Min at Fast Process Corner)
  Data Path Delay:        2.113ns  (logic 0.255ns (12.044%)  route 1.859ns (87.956%))
  Logic Levels:           2  (IBUF=1 LUT1=1)
  Clock Path Skew:        -0.744ns (DCD - SCD - CPR)
    Destination Clock Delay (DCD):    -0.744ns
    Source Clock Delay      (SCD):    0.000ns
    Clock Pessimism Removal (CPR):    -0.000ns

    Location             Delay type                Incr(ns)  Path(ns)    Netlist Resource(s)
  -------------------------------------------------------------------    -------------------
    U18                                               0.000     0.000 f  btn (IN)
                         net (fo=0)                   0.000     0.000    btn
    U18                  IBUF (Prop_ibuf_I_O)         0.210     0.210 f  btn_IBUF_inst/O
                         net (fo=2, routed)           1.713     1.922    btn_debounce/btn_IBUF
    SLICE_X1Y137         LUT1 (Prop_lut1_I0_O)        0.045     1.967 r  btn_debounce/c[0]_i_1/O
                         net (fo=24, routed)          0.146     2.113    btn_debounce/clear
    SLICE_X0Y136         FDRE                                         r  btn_debounce/c_reg[16]/R
  -------------------------------------------------------------------    -------------------

                         (clock clk_out1_clk_wiz_0 rise edge)
                                                      0.000     0.000 r  
    W5                                                0.000     0.000 r  clk100 (IN)
                         net (fo=0)                   0.000     0.000    clk_div/inst/clk_in1
    W5                   IBUF (Prop_ibuf_I_O)         0.414     0.414 r  clk_div/inst/clkin1_ibufg/O
                         net (fo=1, routed)           0.480     0.894    clk_div/inst/clk_in1_clk_wiz_0
    MMCME2_ADV_X1Y0      MMCME2_ADV (Prop_mmcme2_adv_CLKIN1_CLKOUT0)
                                                     -3.142    -2.248 r  clk_div/inst/mmcm_adv_inst/CLKOUT0
                         net (fo=1, routed)           0.530    -1.718    clk_div/inst/clk_out1_clk_wiz_0
    BUFGCTRL_X0Y2        BUFG (Prop_bufg_I_O)         0.029    -1.689 r  clk_div/inst/clkout1_buf/O
                         net (fo=25, routed)          0.945    -0.744    btn_debounce/clk_out1
    SLICE_X0Y136         FDRE                                         r  btn_debounce/c_reg[16]/C

Slack:                    inf
  Source:                 btn
                            (input port)
  Destination:            btn_debounce/c_reg[17]/R
                            (rising edge-triggered cell FDRE clocked by clk_out1_clk_wiz_0  {rise@0.000ns fall@10.000ns period=20.000ns})
  Path Group:             (none)
  Path Type:              Hold (Min at Fast Process Corner)
  Data Path Delay:        2.113ns  (logic 0.255ns (12.044%)  route 1.859ns (87.956%))
  Logic Levels:           2  (IBUF=1 LUT1=1)
  Clock Path Skew:        -0.744ns (DCD - SCD - CPR)
    Destination Clock Delay (DCD):    -0.744ns
    Source Clock Delay      (SCD):    0.000ns
    Clock Pessimism Removal (CPR):    -0.000ns

    Location             Delay type                Incr(ns)  Path(ns)    Netlist Resource(s)
  -------------------------------------------------------------------    -------------------
    U18                                               0.000     0.000 f  btn (IN)
                         net (fo=0)                   0.000     0.000    btn
    U18                  IBUF (Prop_ibuf_I_O)         0.210     0.210 f  btn_IBUF_inst/O
                         net (fo=2, routed)           1.713     1.922    btn_debounce/btn_IBUF
    SLICE_X1Y137         LUT1 (Prop_lut1_I0_O)        0.045     1.967 r  btn_debounce/c[0]_i_1/O
                         net (fo=24, routed)          0.146     2.113    btn_debounce/clear
    SLICE_X0Y136         FDRE                                         r  btn_debounce/c_reg[17]/R
  -------------------------------------------------------------------    -------------------

                         (clock clk_out1_clk_wiz_0 rise edge)
                                                      0.000     0.000 r  
    W5                                                0.000     0.000 r  clk100 (IN)
                         net (fo=0)                   0.000     0.000    clk_div/inst/clk_in1
    W5                   IBUF (Prop_ibuf_I_O)         0.414     0.414 r  clk_div/inst/clkin1_ibufg/O
                         net (fo=1, routed)           0.480     0.894    clk_div/inst/clk_in1_clk_wiz_0
    MMCME2_ADV_X1Y0      MMCME2_ADV (Prop_mmcme2_adv_CLKIN1_CLKOUT0)
                                                     -3.142    -2.248 r  clk_div/inst/mmcm_adv_inst/CLKOUT0
                         net (fo=1, routed)           0.530    -1.718    clk_div/inst/clk_out1_clk_wiz_0
    BUFGCTRL_X0Y2        BUFG (Prop_bufg_I_O)         0.029    -1.689 r  clk_div/inst/clkout1_buf/O
                         net (fo=25, routed)          0.945    -0.744    btn_debounce/clk_out1
    SLICE_X0Y136         FDRE                                         r  btn_debounce/c_reg[17]/C

Slack:                    inf
  Source:                 btn
                            (input port)
  Destination:            btn_debounce/c_reg[18]/R
                            (rising edge-triggered cell FDRE clocked by clk_out1_clk_wiz_0  {rise@0.000ns fall@10.000ns period=20.000ns})
  Path Group:             (none)
  Path Type:              Hold (Min at Fast Process Corner)
  Data Path Delay:        2.113ns  (logic 0.255ns (12.044%)  route 1.859ns (87.956%))
  Logic Levels:           2  (IBUF=1 LUT1=1)
  Clock Path Skew:        -0.744ns (DCD - SCD - CPR)
    Destination Clock Delay (DCD):    -0.744ns
    Source Clock Delay      (SCD):    0.000ns
    Clock Pessimism Removal (CPR):    -0.000ns

    Location             Delay type                Incr(ns)  Path(ns)    Netlist Resource(s)
  -------------------------------------------------------------------    -------------------
    U18                                               0.000     0.000 f  btn (IN)
                         net (fo=0)                   0.000     0.000    btn
    U18                  IBUF (Prop_ibuf_I_O)         0.210     0.210 f  btn_IBUF_inst/O
                         net (fo=2, routed)           1.713     1.922    btn_debounce/btn_IBUF
    SLICE_X1Y137         LUT1 (Prop_lut1_I0_O)        0.045     1.967 r  btn_debounce/c[0]_i_1/O
                         net (fo=24, routed)          0.146     2.113    btn_debounce/clear
    SLICE_X0Y136         FDRE                                         r  btn_debounce/c_reg[18]/R
  -------------------------------------------------------------------    -------------------

                         (clock clk_out1_clk_wiz_0 rise edge)
                                                      0.000     0.000 r  
    W5                                                0.000     0.000 r  clk100 (IN)
                         net (fo=0)                   0.000     0.000    clk_div/inst/clk_in1
    W5                   IBUF (Prop_ibuf_I_O)         0.414     0.414 r  clk_div/inst/clkin1_ibufg/O
                         net (fo=1, routed)           0.480     0.894    clk_div/inst/clk_in1_clk_wiz_0
    MMCME2_ADV_X1Y0      MMCME2_ADV (Prop_mmcme2_adv_CLKIN1_CLKOUT0)
                                                     -3.142    -2.248 r  clk_div/inst/mmcm_adv_inst/CLKOUT0
                         net (fo=1, routed)           0.530    -1.718    clk_div/inst/clk_out1_clk_wiz_0
    BUFGCTRL_X0Y2        BUFG (Prop_bufg_I_O)         0.029    -1.689 r  clk_div/inst/clkout1_buf/O
                         net (fo=25, routed)          0.945    -0.744    btn_debounce/clk_out1
    SLICE_X0Y136         FDRE                                         r  btn_debounce/c_reg[18]/C

Slack:                    inf
  Source:                 btn
                            (input port)
  Destination:            btn_debounce/c_reg[19]/R
                            (rising edge-triggered cell FDRE clocked by clk_out1_clk_wiz_0  {rise@0.000ns fall@10.000ns period=20.000ns})
  Path Group:             (none)
  Path Type:              Hold (Min at Fast Process Corner)
  Data Path Delay:        2.113ns  (logic 0.255ns (12.044%)  route 1.859ns (87.956%))
  Logic Levels:           2  (IBUF=1 LUT1=1)
  Clock Path Skew:        -0.744ns (DCD - SCD - CPR)
    Destination Clock Delay (DCD):    -0.744ns
    Source Clock Delay      (SCD):    0.000ns
    Clock Pessimism Removal (CPR):    -0.000ns

    Location             Delay type                Incr(ns)  Path(ns)    Netlist Resource(s)
  -------------------------------------------------------------------    -------------------
    U18                                               0.000     0.000 f  btn (IN)
                         net (fo=0)                   0.000     0.000    btn
    U18                  IBUF (Prop_ibuf_I_O)         0.210     0.210 f  btn_IBUF_inst/O
                         net (fo=2, routed)           1.713     1.922    btn_debounce/btn_IBUF
    SLICE_X1Y137         LUT1 (Prop_lut1_I0_O)        0.045     1.967 r  btn_debounce/c[0]_i_1/O
                         net (fo=24, routed)          0.146     2.113    btn_debounce/clear
    SLICE_X0Y136         FDRE                                         r  btn_debounce/c_reg[19]/R
  -------------------------------------------------------------------    -------------------

                         (clock clk_out1_clk_wiz_0 rise edge)
                                                      0.000     0.000 r  
    W5                                                0.000     0.000 r  clk100 (IN)
                         net (fo=0)                   0.000     0.000    clk_div/inst/clk_in1
    W5                   IBUF (Prop_ibuf_I_O)         0.414     0.414 r  clk_div/inst/clkin1_ibufg/O
                         net (fo=1, routed)           0.480     0.894    clk_div/inst/clk_in1_clk_wiz_0
    MMCME2_ADV_X1Y0      MMCME2_ADV (Prop_mmcme2_adv_CLKIN1_CLKOUT0)
                                                     -3.142    -2.248 r  clk_div/inst/mmcm_adv_inst/CLKOUT0
                         net (fo=1, routed)           0.530    -1.718    clk_div/inst/clk_out1_clk_wiz_0
    BUFGCTRL_X0Y2        BUFG (Prop_bufg_I_O)         0.029    -1.689 r  clk_div/inst/clkout1_buf/O
                         net (fo=25, routed)          0.945    -0.744    btn_debounce/clk_out1
    SLICE_X0Y136         FDRE                                         r  btn_debounce/c_reg[19]/C

Slack:                    inf
  Source:                 btn
                            (input port)
  Destination:            btn_debounce/c_reg[12]/R
                            (rising edge-triggered cell FDRE clocked by clk_out1_clk_wiz_0  {rise@0.000ns fall@10.000ns period=20.000ns})
  Path Group:             (none)
  Path Type:              Hold (Min at Fast Process Corner)
  Data Path Delay:        2.177ns  (logic 0.255ns (11.691%)  route 1.923ns (88.309%))
  Logic Levels:           2  (IBUF=1 LUT1=1)
  Clock Path Skew:        -0.744ns (DCD - SCD - CPR)
    Destination Clock Delay (DCD):    -0.744ns
    Source Clock Delay      (SCD):    0.000ns
    Clock Pessimism Removal (CPR):    -0.000ns

    Location             Delay type                Incr(ns)  Path(ns)    Netlist Resource(s)
  -------------------------------------------------------------------    -------------------
    U18                                               0.000     0.000 f  btn (IN)
                         net (fo=0)                   0.000     0.000    btn
    U18                  IBUF (Prop_ibuf_I_O)         0.210     0.210 f  btn_IBUF_inst/O
                         net (fo=2, routed)           1.713     1.922    btn_debounce/btn_IBUF
    SLICE_X1Y137         LUT1 (Prop_lut1_I0_O)        0.045     1.967 r  btn_debounce/c[0]_i_1/O
                         net (fo=24, routed)          0.210     2.177    btn_debounce/clear
    SLICE_X0Y135         FDRE                                         r  btn_debounce/c_reg[12]/R
  -------------------------------------------------------------------    -------------------

                         (clock clk_out1_clk_wiz_0 rise edge)
                                                      0.000     0.000 r  
    W5                                                0.000     0.000 r  clk100 (IN)
                         net (fo=0)                   0.000     0.000    clk_div/inst/clk_in1
    W5                   IBUF (Prop_ibuf_I_O)         0.414     0.414 r  clk_div/inst/clkin1_ibufg/O
                         net (fo=1, routed)           0.480     0.894    clk_div/inst/clk_in1_clk_wiz_0
    MMCME2_ADV_X1Y0      MMCME2_ADV (Prop_mmcme2_adv_CLKIN1_CLKOUT0)
                                                     -3.142    -2.248 r  clk_div/inst/mmcm_adv_inst/CLKOUT0
                         net (fo=1, routed)           0.530    -1.718    clk_div/inst/clk_out1_clk_wiz_0
    BUFGCTRL_X0Y2        BUFG (Prop_bufg_I_O)         0.029    -1.689 r  clk_div/inst/clkout1_buf/O
                         net (fo=25, routed)          0.945    -0.744    btn_debounce/clk_out1
    SLICE_X0Y135         FDRE                                         r  btn_debounce/c_reg[12]/C

Slack:                    inf
  Source:                 btn
                            (input port)
  Destination:            btn_debounce/c_reg[13]/R
                            (rising edge-triggered cell FDRE clocked by clk_out1_clk_wiz_0  {rise@0.000ns fall@10.000ns period=20.000ns})
  Path Group:             (none)
  Path Type:              Hold (Min at Fast Process Corner)
  Data Path Delay:        2.177ns  (logic 0.255ns (11.691%)  route 1.923ns (88.309%))
  Logic Levels:           2  (IBUF=1 LUT1=1)
  Clock Path Skew:        -0.744ns (DCD - SCD - CPR)
    Destination Clock Delay (DCD):    -0.744ns
    Source Clock Delay      (SCD):    0.000ns
    Clock Pessimism Removal (CPR):    -0.000ns

    Location             Delay type                Incr(ns)  Path(ns)    Netlist Resource(s)
  -------------------------------------------------------------------    -------------------
    U18                                               0.000     0.000 f  btn (IN)
                         net (fo=0)                   0.000     0.000    btn
    U18                  IBUF (Prop_ibuf_I_O)         0.210     0.210 f  btn_IBUF_inst/O
                         net (fo=2, routed)           1.713     1.922    btn_debounce/btn_IBUF
    SLICE_X1Y137         LUT1 (Prop_lut1_I0_O)        0.045     1.967 r  btn_debounce/c[0]_i_1/O
                         net (fo=24, routed)          0.210     2.177    btn_debounce/clear
    SLICE_X0Y135         FDRE                                         r  btn_debounce/c_reg[13]/R
  -------------------------------------------------------------------    -------------------

                         (clock clk_out1_clk_wiz_0 rise edge)
                                                      0.000     0.000 r  
    W5                                                0.000     0.000 r  clk100 (IN)
                         net (fo=0)                   0.000     0.000    clk_div/inst/clk_in1
    W5                   IBUF (Prop_ibuf_I_O)         0.414     0.414 r  clk_div/inst/clkin1_ibufg/O
                         net (fo=1, routed)           0.480     0.894    clk_div/inst/clk_in1_clk_wiz_0
    MMCME2_ADV_X1Y0      MMCME2_ADV (Prop_mmcme2_adv_CLKIN1_CLKOUT0)
                                                     -3.142    -2.248 r  clk_div/inst/mmcm_adv_inst/CLKOUT0
                         net (fo=1, routed)           0.530    -1.718    clk_div/inst/clk_out1_clk_wiz_0
    BUFGCTRL_X0Y2        BUFG (Prop_bufg_I_O)         0.029    -1.689 r  clk_div/inst/clkout1_buf/O
                         net (fo=25, routed)          0.945    -0.744    btn_debounce/clk_out1
    SLICE_X0Y135         FDRE                                         r  btn_debounce/c_reg[13]/C

Slack:                    inf
  Source:                 btn
                            (input port)
  Destination:            btn_debounce/c_reg[14]/R
                            (rising edge-triggered cell FDRE clocked by clk_out1_clk_wiz_0  {rise@0.000ns fall@10.000ns period=20.000ns})
  Path Group:             (none)
  Path Type:              Hold (Min at Fast Process Corner)
  Data Path Delay:        2.177ns  (logic 0.255ns (11.691%)  route 1.923ns (88.309%))
  Logic Levels:           2  (IBUF=1 LUT1=1)
  Clock Path Skew:        -0.744ns (DCD - SCD - CPR)
    Destination Clock Delay (DCD):    -0.744ns
    Source Clock Delay      (SCD):    0.000ns
    Clock Pessimism Removal (CPR):    -0.000ns

    Location             Delay type                Incr(ns)  Path(ns)    Netlist Resource(s)
  -------------------------------------------------------------------    -------------------
    U18                                               0.000     0.000 f  btn (IN)
                         net (fo=0)                   0.000     0.000    btn
    U18                  IBUF (Prop_ibuf_I_O)         0.210     0.210 f  btn_IBUF_inst/O
                         net (fo=2, routed)           1.713     1.922    btn_debounce/btn_IBUF
    SLICE_X1Y137         LUT1 (Prop_lut1_I0_O)        0.045     1.967 r  btn_debounce/c[0]_i_1/O
                         net (fo=24, routed)          0.210     2.177    btn_debounce/clear
    SLICE_X0Y135         FDRE                                         r  btn_debounce/c_reg[14]/R
  -------------------------------------------------------------------    -------------------

                         (clock clk_out1_clk_wiz_0 rise edge)
                                                      0.000     0.000 r  
    W5                                                0.000     0.000 r  clk100 (IN)
                         net (fo=0)                   0.000     0.000    clk_div/inst/clk_in1
    W5                   IBUF (Prop_ibuf_I_O)         0.414     0.414 r  clk_div/inst/clkin1_ibufg/O
                         net (fo=1, routed)           0.480     0.894    clk_div/inst/clk_in1_clk_wiz_0
    MMCME2_ADV_X1Y0      MMCME2_ADV (Prop_mmcme2_adv_CLKIN1_CLKOUT0)
                                                     -3.142    -2.248 r  clk_div/inst/mmcm_adv_inst/CLKOUT0
                         net (fo=1, routed)           0.530    -1.718    clk_div/inst/clk_out1_clk_wiz_0
    BUFGCTRL_X0Y2        BUFG (Prop_bufg_I_O)         0.029    -1.689 r  clk_div/inst/clkout1_buf/O
                         net (fo=25, routed)          0.945    -0.744    btn_debounce/clk_out1
    SLICE_X0Y135         FDRE                                         r  btn_debounce/c_reg[14]/C

Slack:                    inf
  Source:                 btn
                            (input port)
  Destination:            btn_debounce/c_reg[15]/R
                            (rising edge-triggered cell FDRE clocked by clk_out1_clk_wiz_0  {rise@0.000ns fall@10.000ns period=20.000ns})
  Path Group:             (none)
  Path Type:              Hold (Min at Fast Process Corner)
  Data Path Delay:        2.177ns  (logic 0.255ns (11.691%)  route 1.923ns (88.309%))
  Logic Levels:           2  (IBUF=1 LUT1=1)
  Clock Path Skew:        -0.744ns (DCD - SCD - CPR)
    Destination Clock Delay (DCD):    -0.744ns
    Source Clock Delay      (SCD):    0.000ns
    Clock Pessimism Removal (CPR):    -0.000ns

    Location             Delay type                Incr(ns)  Path(ns)    Netlist Resource(s)
  -------------------------------------------------------------------    -------------------
    U18                                               0.000     0.000 f  btn (IN)
                         net (fo=0)                   0.000     0.000    btn
    U18                  IBUF (Prop_ibuf_I_O)         0.210     0.210 f  btn_IBUF_inst/O
                         net (fo=2, routed)           1.713     1.922    btn_debounce/btn_IBUF
    SLICE_X1Y137         LUT1 (Prop_lut1_I0_O)        0.045     1.967 r  btn_debounce/c[0]_i_1/O
                         net (fo=24, routed)          0.210     2.177    btn_debounce/clear
    SLICE_X0Y135         FDRE                                         r  btn_debounce/c_reg[15]/R
  -------------------------------------------------------------------    -------------------

                         (clock clk_out1_clk_wiz_0 rise edge)
                                                      0.000     0.000 r  
    W5                                                0.000     0.000 r  clk100 (IN)
                         net (fo=0)                   0.000     0.000    clk_div/inst/clk_in1
    W5                   IBUF (Prop_ibuf_I_O)         0.414     0.414 r  clk_div/inst/clkin1_ibufg/O
                         net (fo=1, routed)           0.480     0.894    clk_div/inst/clk_in1_clk_wiz_0
    MMCME2_ADV_X1Y0      MMCME2_ADV (Prop_mmcme2_adv_CLKIN1_CLKOUT0)
                                                     -3.142    -2.248 r  clk_div/inst/mmcm_adv_inst/CLKOUT0
                         net (fo=1, routed)           0.530    -1.718    clk_div/inst/clk_out1_clk_wiz_0
    BUFGCTRL_X0Y2        BUFG (Prop_bufg_I_O)         0.029    -1.689 r  clk_div/inst/clkout1_buf/O
                         net (fo=25, routed)          0.945    -0.744    btn_debounce/clk_out1
    SLICE_X0Y135         FDRE                                         r  btn_debounce/c_reg[15]/C

Slack:                    inf
  Source:                 btn
                            (input port)
  Destination:            btn_debounce/c_reg[10]/R
                            (rising edge-triggered cell FDRE clocked by clk_out1_clk_wiz_0  {rise@0.000ns fall@10.000ns period=20.000ns})
  Path Group:             (none)
  Path Type:              Hold (Min at Fast Process Corner)
  Data Path Delay:        2.241ns  (logic 0.255ns (11.359%)  route 1.986ns (88.641%))
  Logic Levels:           2  (IBUF=1 LUT1=1)
  Clock Path Skew:        -0.745ns (DCD - SCD - CPR)
    Destination Clock Delay (DCD):    -0.745ns
    Source Clock Delay      (SCD):    0.000ns
    Clock Pessimism Removal (CPR):    -0.000ns

    Location             Delay type                Incr(ns)  Path(ns)    Netlist Resource(s)
  -------------------------------------------------------------------    -------------------
    U18                                               0.000     0.000 f  btn (IN)
                         net (fo=0)                   0.000     0.000    btn
    U18                  IBUF (Prop_ibuf_I_O)         0.210     0.210 f  btn_IBUF_inst/O
                         net (fo=2, routed)           1.713     1.922    btn_debounce/btn_IBUF
    SLICE_X1Y137         LUT1 (Prop_lut1_I0_O)        0.045     1.967 r  btn_debounce/c[0]_i_1/O
                         net (fo=24, routed)          0.273     2.241    btn_debounce/clear
    SLICE_X0Y134         FDRE                                         r  btn_debounce/c_reg[10]/R
  -------------------------------------------------------------------    -------------------

                         (clock clk_out1_clk_wiz_0 rise edge)
                                                      0.000     0.000 r  
    W5                                                0.000     0.000 r  clk100 (IN)
                         net (fo=0)                   0.000     0.000    clk_div/inst/clk_in1
    W5                   IBUF (Prop_ibuf_I_O)         0.414     0.414 r  clk_div/inst/clkin1_ibufg/O
                         net (fo=1, routed)           0.480     0.894    clk_div/inst/clk_in1_clk_wiz_0
    MMCME2_ADV_X1Y0      MMCME2_ADV (Prop_mmcme2_adv_CLKIN1_CLKOUT0)
                                                     -3.142    -2.248 r  clk_div/inst/mmcm_adv_inst/CLKOUT0
                         net (fo=1, routed)           0.530    -1.718    clk_div/inst/clk_out1_clk_wiz_0
    BUFGCTRL_X0Y2        BUFG (Prop_bufg_I_O)         0.029    -1.689 r  clk_div/inst/clkout1_buf/O
                         net (fo=25, routed)          0.944    -0.745    btn_debounce/clk_out1
    SLICE_X0Y134         FDRE                                         r  btn_debounce/c_reg[10]/C

Slack:                    inf
  Source:                 btn
                            (input port)
  Destination:            btn_debounce/c_reg[11]/R
                            (rising edge-triggered cell FDRE clocked by clk_out1_clk_wiz_0  {rise@0.000ns fall@10.000ns period=20.000ns})
  Path Group:             (none)
  Path Type:              Hold (Min at Fast Process Corner)
  Data Path Delay:        2.241ns  (logic 0.255ns (11.359%)  route 1.986ns (88.641%))
  Logic Levels:           2  (IBUF=1 LUT1=1)
  Clock Path Skew:        -0.745ns (DCD - SCD - CPR)
    Destination Clock Delay (DCD):    -0.745ns
    Source Clock Delay      (SCD):    0.000ns
    Clock Pessimism Removal (CPR):    -0.000ns

    Location             Delay type                Incr(ns)  Path(ns)    Netlist Resource(s)
  -------------------------------------------------------------------    -------------------
    U18                                               0.000     0.000 f  btn (IN)
                         net (fo=0)                   0.000     0.000    btn
    U18                  IBUF (Prop_ibuf_I_O)         0.210     0.210 f  btn_IBUF_inst/O
                         net (fo=2, routed)           1.713     1.922    btn_debounce/btn_IBUF
    SLICE_X1Y137         LUT1 (Prop_lut1_I0_O)        0.045     1.967 r  btn_debounce/c[0]_i_1/O
                         net (fo=24, routed)          0.273     2.241    btn_debounce/clear
    SLICE_X0Y134         FDRE                                         r  btn_debounce/c_reg[11]/R
  -------------------------------------------------------------------    -------------------

                         (clock clk_out1_clk_wiz_0 rise edge)
                                                      0.000     0.000 r  
    W5                                                0.000     0.000 r  clk100 (IN)
                         net (fo=0)                   0.000     0.000    clk_div/inst/clk_in1
    W5                   IBUF (Prop_ibuf_I_O)         0.414     0.414 r  clk_div/inst/clkin1_ibufg/O
                         net (fo=1, routed)           0.480     0.894    clk_div/inst/clk_in1_clk_wiz_0
    MMCME2_ADV_X1Y0      MMCME2_ADV (Prop_mmcme2_adv_CLKIN1_CLKOUT0)
                                                     -3.142    -2.248 r  clk_div/inst/mmcm_adv_inst/CLKOUT0
                         net (fo=1, routed)           0.530    -1.718    clk_div/inst/clk_out1_clk_wiz_0
    BUFGCTRL_X0Y2        BUFG (Prop_bufg_I_O)         0.029    -1.689 r  clk_div/inst/clkout1_buf/O
                         net (fo=25, routed)          0.944    -0.745    btn_debounce/clk_out1
    SLICE_X0Y134         FDRE                                         r  btn_debounce/c_reg[11]/C





--------------------------------------------------------------------------------------
Path Group:  (none)
From Clock:  
  To Clock:  clk_out2_clk_wiz_0

Max Delay            22 Endpoints
Min Delay            22 Endpoints
--------------------------------------------------------------------------------------


Max Delay Paths
--------------------------------------------------------------------------------------
Slack:                    inf
  Source:                 sw[1]
                            (input port)
  Destination:            vga_display/vga_red_reg[3]/D
                            (rising edge-triggered cell FDRE clocked by clk_out2_clk_wiz_0  {rise@0.000ns fall@20.000ns period=40.000ns})
  Path Group:             (none)
  Path Type:              Setup (Max at Slow Process Corner)
  Data Path Delay:        15.457ns  (logic 5.006ns (32.388%)  route 10.451ns (67.612%))
  Logic Levels:           15  (CARRY4=3 IBUF=1 LUT4=4 LUT5=5 LUT6=2)
  Clock Path Skew:        -1.550ns (DCD - SCD + CPR)
    Destination Clock Delay (DCD):    -1.550ns
    Source Clock Delay      (SCD):    0.000ns
    Clock Pessimism Removal (CPR):    0.000ns
  Clock Uncertainty:      0.235ns  ((TSJ^2 + DJ^2)^1/2) / 2 + PE
    Total System Jitter     (TSJ):    0.050ns
    Discrete Jitter          (DJ):    0.200ns
    Phase Error              (PE):    0.132ns

    Location             Delay type                Incr(ns)  Path(ns)    Netlist Resource(s)
  -------------------------------------------------------------------    -------------------
    V16                                               0.000     0.000 f  sw[1] (IN)
                         net (fo=0)                   0.000     0.000    sw[1]
    V16                  IBUF (Prop_ibuf_I_O)         1.461     1.461 f  sw_IBUF[1]_inst/O
                         net (fo=6, routed)           3.964     5.425    vga_display/my_filter/sw_IBUF[1]
    SLICE_X42Y49         LUT4 (Prop_lut4_I2_O)        0.146     5.571 r  vga_display/my_filter/vga_red[2]_i_8/O
                         net (fo=12, routed)          1.097     6.668    pf/vga_blue[0]_i_2_0
    SLICE_X42Y50         LUT5 (Prop_lut5_I1_O)        0.328     6.996 r  pf/vga_red[2]_i_6/O
                         net (fo=8, routed)           1.005     8.001    pf/filtered_pixel[11]
    SLICE_X40Y48         LUT4 (Prop_lut4_I2_O)        0.150     8.151 r  pf/vga_red[3]_i_6/O
                         net (fo=2, routed)           0.844     8.995    pf/in_val[2]
    SLICE_X39Y49         LUT4 (Prop_lut4_I0_O)        0.326     9.321 r  pf/vga_red[3]_i_2/O
                         net (fo=4, routed)           0.457     9.778    pf/pixel_corrected__0__0[11]
    SLICE_X39Y47         LUT6 (Prop_lut6_I5_O)        0.124     9.902 r  pf/prev_gray[3]_i_16/O
                         net (fo=1, routed)           0.000     9.902    pf/prev_gray[3]_i_16_n_0
    SLICE_X39Y47         CARRY4 (Prop_carry4_S[3]_CO[3])
                                                      0.401    10.303 r  pf/prev_gray_reg[3]_i_8/CO[3]
                         net (fo=1, routed)           0.000    10.303    pf/prev_gray_reg[3]_i_8_n_0
    SLICE_X39Y48         CARRY4 (Prop_carry4_CI_O[0])
                                                      0.222    10.525 r  pf/prev_gray_reg[3]_i_3/O[0]
                         net (fo=1, routed)           0.592    11.117    pf/prev_gray_reg[3]_i_3_n_7
    SLICE_X38Y48         CARRY4 (Prop_carry4_S[0]_O[1])
                                                      0.726    11.843 r  pf/prev_gray_reg[3]_i_1/O[1]
                         net (fo=7, routed)           0.591    12.434    pf/O[1]
    SLICE_X37Y48         LUT4 (Prop_lut4_I0_O)        0.306    12.740 r  pf/vga_red[3]_i_19/O
                         net (fo=1, routed)           0.263    13.003    pf/vga_red[3]_i_19_n_0
    SLICE_X37Y48         LUT5 (Prop_lut5_I0_O)        0.124    13.127 r  pf/vga_red[3]_i_17/O
                         net (fo=3, routed)           0.462    13.589    pf/vga_red[3]_i_17_n_0
    SLICE_X37Y48         LUT5 (Prop_lut5_I2_O)        0.118    13.707 r  pf/vga_red[3]_i_18/O
                         net (fo=1, routed)           0.154    13.861    pf/vga_red[3]_i_18_n_0
    SLICE_X37Y48         LUT6 (Prop_lut6_I3_O)        0.326    14.187 r  pf/vga_red[3]_i_12/O
                         net (fo=1, routed)           0.351    14.538    pf/vga_red[3]_i_12_n_0
    SLICE_X36Y48         LUT5 (Prop_lut5_I1_O)        0.124    14.662 r  pf/vga_red[3]_i_4/O
                         net (fo=12, routed)          0.671    15.333    pf/vga_red[3]_i_4_n_0
    SLICE_X36Y46         LUT5 (Prop_lut5_I2_O)        0.124    15.457 r  pf/vga_red[3]_i_1/O
                         net (fo=1, routed)           0.000    15.457    vga_display/vga_red_reg[3]_1[3]
    SLICE_X36Y46         FDRE                                         r  vga_display/vga_red_reg[3]/D
  -------------------------------------------------------------------    -------------------

                         (clock clk_out2_clk_wiz_0 rise edge)
                                                      0.000     0.000 r  
    W5                                                0.000     0.000 r  clk100 (IN)
                         net (fo=0)                   0.000     0.000    clk_div/inst/clk_in1
    W5                   IBUF (Prop_ibuf_I_O)         1.388     1.388 r  clk_div/inst/clkin1_ibufg/O
                         net (fo=1, routed)           1.162     2.550    clk_div/inst/clk_in1_clk_wiz_0
    MMCME2_ADV_X1Y0      MMCME2_ADV (Prop_mmcme2_adv_CLKIN1_CLKOUT1)
                                                     -7.217    -4.668 r  clk_div/inst/mmcm_adv_inst/CLKOUT1
                         net (fo=1, routed)           1.581    -3.086    clk_div/inst/clk_out2_clk_wiz_0
    BUFGCTRL_X0Y1        BUFG (Prop_bufg_I_O)         0.091    -2.995 r  clk_div/inst/clkout2_buf/O
                         net (fo=140, routed)         1.445    -1.550    vga_display/clk_out2
    SLICE_X36Y46         FDRE                                         r  vga_display/vga_red_reg[3]/C

Slack:                    inf
  Source:                 sw[1]
                            (input port)
  Destination:            vga_display/vga_blue_reg[3]/D
                            (rising edge-triggered cell FDRE clocked by clk_out2_clk_wiz_0  {rise@0.000ns fall@20.000ns period=40.000ns})
  Path Group:             (none)
  Path Type:              Setup (Max at Slow Process Corner)
  Data Path Delay:        15.343ns  (logic 5.006ns (32.630%)  route 10.336ns (67.370%))
  Logic Levels:           15  (CARRY4=3 IBUF=1 LUT4=4 LUT5=5 LUT6=2)
  Clock Path Skew:        -1.550ns (DCD - SCD + CPR)
    Destination Clock Delay (DCD):    -1.550ns
    Source Clock Delay      (SCD):    0.000ns
    Clock Pessimism Removal (CPR):    0.000ns
  Clock Uncertainty:      0.235ns  ((TSJ^2 + DJ^2)^1/2) / 2 + PE
    Total System Jitter     (TSJ):    0.050ns
    Discrete Jitter          (DJ):    0.200ns
    Phase Error              (PE):    0.132ns

    Location             Delay type                Incr(ns)  Path(ns)    Netlist Resource(s)
  -------------------------------------------------------------------    -------------------
    V16                                               0.000     0.000 f  sw[1] (IN)
                         net (fo=0)                   0.000     0.000    sw[1]
    V16                  IBUF (Prop_ibuf_I_O)         1.461     1.461 f  sw_IBUF[1]_inst/O
                         net (fo=6, routed)           3.964     5.425    vga_display/my_filter/sw_IBUF[1]
    SLICE_X42Y49         LUT4 (Prop_lut4_I2_O)        0.146     5.571 r  vga_display/my_filter/vga_red[2]_i_8/O
                         net (fo=12, routed)          1.097     6.668    pf/vga_blue[0]_i_2_0
    SLICE_X42Y50         LUT5 (Prop_lut5_I1_O)        0.328     6.996 r  pf/vga_red[2]_i_6/O
                         net (fo=8, routed)           1.005     8.001    pf/filtered_pixel[11]
    SLICE_X40Y48         LUT4 (Prop_lut4_I2_O)        0.150     8.151 r  pf/vga_red[3]_i_6/O
                         net (fo=2, routed)           0.844     8.995    pf/in_val[2]
    SLICE_X39Y49         LUT4 (Prop_lut4_I0_O)        0.326     9.321 r  pf/vga_red[3]_i_2/O
                         net (fo=4, routed)           0.457     9.778    pf/pixel_corrected__0__0[11]
    SLICE_X39Y47         LUT6 (Prop_lut6_I5_O)        0.124     9.902 r  pf/prev_gray[3]_i_16/O
                         net (fo=1, routed)           0.000     9.902    pf/prev_gray[3]_i_16_n_0
    SLICE_X39Y47         CARRY4 (Prop_carry4_S[3]_CO[3])
                                                      0.401    10.303 r  pf/prev_gray_reg[3]_i_8/CO[3]
                         net (fo=1, routed)           0.000    10.303    pf/prev_gray_reg[3]_i_8_n_0
    SLICE_X39Y48         CARRY4 (Prop_carry4_CI_O[0])
                                                      0.222    10.525 r  pf/prev_gray_reg[3]_i_3/O[0]
                         net (fo=1, routed)           0.592    11.117    pf/prev_gray_reg[3]_i_3_n_7
    SLICE_X38Y48         CARRY4 (Prop_carry4_S[0]_O[1])
                                                      0.726    11.843 r  pf/prev_gray_reg[3]_i_1/O[1]
                         net (fo=7, routed)           0.591    12.434    pf/O[1]
    SLICE_X37Y48         LUT4 (Prop_lut4_I0_O)        0.306    12.740 r  pf/vga_red[3]_i_19/O
                         net (fo=1, routed)           0.263    13.003    pf/vga_red[3]_i_19_n_0
    SLICE_X37Y48         LUT5 (Prop_lut5_I0_O)        0.124    13.127 r  pf/vga_red[3]_i_17/O
                         net (fo=3, routed)           0.462    13.589    pf/vga_red[3]_i_17_n_0
    SLICE_X37Y48         LUT5 (Prop_lut5_I2_O)        0.118    13.707 r  pf/vga_red[3]_i_18/O
                         net (fo=1, routed)           0.154    13.861    pf/vga_red[3]_i_18_n_0
    SLICE_X37Y48         LUT6 (Prop_lut6_I3_O)        0.326    14.187 r  pf/vga_red[3]_i_12/O
                         net (fo=1, routed)           0.351    14.538    pf/vga_red[3]_i_12_n_0
    SLICE_X36Y48         LUT5 (Prop_lut5_I1_O)        0.124    14.662 r  pf/vga_red[3]_i_4/O
                         net (fo=12, routed)          0.557    15.219    pf/vga_red[3]_i_4_n_0
    SLICE_X36Y46         LUT5 (Prop_lut5_I2_O)        0.124    15.343 r  pf/vga_blue[3]_i_1/O
                         net (fo=1, routed)           0.000    15.343    vga_display/vga_blue_reg[3]_1[3]
    SLICE_X36Y46         FDRE                                         r  vga_display/vga_blue_reg[3]/D
  -------------------------------------------------------------------    -------------------

                         (clock clk_out2_clk_wiz_0 rise edge)
                                                      0.000     0.000 r  
    W5                                                0.000     0.000 r  clk100 (IN)
                         net (fo=0)                   0.000     0.000    clk_div/inst/clk_in1
    W5                   IBUF (Prop_ibuf_I_O)         1.388     1.388 r  clk_div/inst/clkin1_ibufg/O
                         net (fo=1, routed)           1.162     2.550    clk_div/inst/clk_in1_clk_wiz_0
    MMCME2_ADV_X1Y0      MMCME2_ADV (Prop_mmcme2_adv_CLKIN1_CLKOUT1)
                                                     -7.217    -4.668 r  clk_div/inst/mmcm_adv_inst/CLKOUT1
                         net (fo=1, routed)           1.581    -3.086    clk_div/inst/clk_out2_clk_wiz_0
    BUFGCTRL_X0Y1        BUFG (Prop_bufg_I_O)         0.091    -2.995 r  clk_div/inst/clkout2_buf/O
                         net (fo=140, routed)         1.445    -1.550    vga_display/clk_out2
    SLICE_X36Y46         FDRE                                         r  vga_display/vga_blue_reg[3]/C

Slack:                    inf
  Source:                 sw[1]
                            (input port)
  Destination:            vga_display/vga_red_reg[0]/D
                            (rising edge-triggered cell FDRE clocked by clk_out2_clk_wiz_0  {rise@0.000ns fall@20.000ns period=40.000ns})
  Path Group:             (none)
  Path Type:              Setup (Max at Slow Process Corner)
  Data Path Delay:        15.306ns  (logic 5.006ns (32.709%)  route 10.299ns (67.291%))
  Logic Levels:           15  (CARRY4=3 IBUF=1 LUT4=4 LUT5=5 LUT6=2)
  Clock Path Skew:        -1.549ns (DCD - SCD + CPR)
    Destination Clock Delay (DCD):    -1.549ns
    Source Clock Delay      (SCD):    0.000ns
    Clock Pessimism Removal (CPR):    0.000ns
  Clock Uncertainty:      0.235ns  ((TSJ^2 + DJ^2)^1/2) / 2 + PE
    Total System Jitter     (TSJ):    0.050ns
    Discrete Jitter          (DJ):    0.200ns
    Phase Error              (PE):    0.132ns

    Location             Delay type                Incr(ns)  Path(ns)    Netlist Resource(s)
  -------------------------------------------------------------------    -------------------
    V16                                               0.000     0.000 f  sw[1] (IN)
                         net (fo=0)                   0.000     0.000    sw[1]
    V16                  IBUF (Prop_ibuf_I_O)         1.461     1.461 f  sw_IBUF[1]_inst/O
                         net (fo=6, routed)           3.964     5.425    vga_display/my_filter/sw_IBUF[1]
    SLICE_X42Y49         LUT4 (Prop_lut4_I2_O)        0.146     5.571 r  vga_display/my_filter/vga_red[2]_i_8/O
                         net (fo=12, routed)          1.097     6.668    pf/vga_blue[0]_i_2_0
    SLICE_X42Y50         LUT5 (Prop_lut5_I1_O)        0.328     6.996 r  pf/vga_red[2]_i_6/O
                         net (fo=8, routed)           1.005     8.001    pf/filtered_pixel[11]
    SLICE_X40Y48         LUT4 (Prop_lut4_I2_O)        0.150     8.151 r  pf/vga_red[3]_i_6/O
                         net (fo=2, routed)           0.844     8.995    pf/in_val[2]
    SLICE_X39Y49         LUT4 (Prop_lut4_I0_O)        0.326     9.321 r  pf/vga_red[3]_i_2/O
                         net (fo=4, routed)           0.457     9.778    pf/pixel_corrected__0__0[11]
    SLICE_X39Y47         LUT6 (Prop_lut6_I5_O)        0.124     9.902 r  pf/prev_gray[3]_i_16/O
                         net (fo=1, routed)           0.000     9.902    pf/prev_gray[3]_i_16_n_0
    SLICE_X39Y47         CARRY4 (Prop_carry4_S[3]_CO[3])
                                                      0.401    10.303 r  pf/prev_gray_reg[3]_i_8/CO[3]
                         net (fo=1, routed)           0.000    10.303    pf/prev_gray_reg[3]_i_8_n_0
    SLICE_X39Y48         CARRY4 (Prop_carry4_CI_O[0])
                                                      0.222    10.525 r  pf/prev_gray_reg[3]_i_3/O[0]
                         net (fo=1, routed)           0.592    11.117    pf/prev_gray_reg[3]_i_3_n_7
    SLICE_X38Y48         CARRY4 (Prop_carry4_S[0]_O[1])
                                                      0.726    11.843 r  pf/prev_gray_reg[3]_i_1/O[1]
                         net (fo=7, routed)           0.591    12.434    pf/O[1]
    SLICE_X37Y48         LUT4 (Prop_lut4_I0_O)        0.306    12.740 r  pf/vga_red[3]_i_19/O
                         net (fo=1, routed)           0.263    13.003    pf/vga_red[3]_i_19_n_0
    SLICE_X37Y48         LUT5 (Prop_lut5_I0_O)        0.124    13.127 r  pf/vga_red[3]_i_17/O
                         net (fo=3, routed)           0.462    13.589    pf/vga_red[3]_i_17_n_0
    SLICE_X37Y48         LUT5 (Prop_lut5_I2_O)        0.118    13.707 r  pf/vga_red[3]_i_18/O
                         net (fo=1, routed)           0.154    13.861    pf/vga_red[3]_i_18_n_0
    SLICE_X37Y48         LUT6 (Prop_lut6_I3_O)        0.326    14.187 r  pf/vga_red[3]_i_12/O
                         net (fo=1, routed)           0.351    14.538    pf/vga_red[3]_i_12_n_0
    SLICE_X36Y48         LUT5 (Prop_lut5_I1_O)        0.124    14.662 r  pf/vga_red[3]_i_4/O
                         net (fo=12, routed)          0.520    15.182    pf/vga_red[3]_i_4_n_0
    SLICE_X37Y47         LUT5 (Prop_lut5_I2_O)        0.124    15.306 r  pf/vga_red[0]_i_1/O
                         net (fo=1, routed)           0.000    15.306    vga_display/vga_red_reg[3]_1[0]
    SLICE_X37Y47         FDRE                                         r  vga_display/vga_red_reg[0]/D
  -------------------------------------------------------------------    -------------------

                         (clock clk_out2_clk_wiz_0 rise edge)
                                                      0.000     0.000 r  
    W5                                                0.000     0.000 r  clk100 (IN)
                         net (fo=0)                   0.000     0.000    clk_div/inst/clk_in1
    W5                   IBUF (Prop_ibuf_I_O)         1.388     1.388 r  clk_div/inst/clkin1_ibufg/O
                         net (fo=1, routed)           1.162     2.550    clk_div/inst/clk_in1_clk_wiz_0
    MMCME2_ADV_X1Y0      MMCME2_ADV (Prop_mmcme2_adv_CLKIN1_CLKOUT1)
                                                     -7.217    -4.668 r  clk_div/inst/mmcm_adv_inst/CLKOUT1
                         net (fo=1, routed)           1.581    -3.086    clk_div/inst/clk_out2_clk_wiz_0
    BUFGCTRL_X0Y1        BUFG (Prop_bufg_I_O)         0.091    -2.995 r  clk_div/inst/clkout2_buf/O
                         net (fo=140, routed)         1.446    -1.549    vga_display/clk_out2
    SLICE_X37Y47         FDRE                                         r  vga_display/vga_red_reg[0]/C

Slack:                    inf
  Source:                 sw[1]
                            (input port)
  Destination:            vga_display/vga_red_reg[1]/D
                            (rising edge-triggered cell FDRE clocked by clk_out2_clk_wiz_0  {rise@0.000ns fall@20.000ns period=40.000ns})
  Path Group:             (none)
  Path Type:              Setup (Max at Slow Process Corner)
  Data Path Delay:        15.283ns  (logic 5.006ns (32.757%)  route 10.277ns (67.243%))
  Logic Levels:           15  (CARRY4=3 IBUF=1 LUT4=4 LUT5=5 LUT6=2)
  Clock Path Skew:        -1.549ns (DCD - SCD + CPR)
    Destination Clock Delay (DCD):    -1.549ns
    Source Clock Delay      (SCD):    0.000ns
    Clock Pessimism Removal (CPR):    0.000ns
  Clock Uncertainty:      0.235ns  ((TSJ^2 + DJ^2)^1/2) / 2 + PE
    Total System Jitter     (TSJ):    0.050ns
    Discrete Jitter          (DJ):    0.200ns
    Phase Error              (PE):    0.132ns

    Location             Delay type                Incr(ns)  Path(ns)    Netlist Resource(s)
  -------------------------------------------------------------------    -------------------
    V16                                               0.000     0.000 f  sw[1] (IN)
                         net (fo=0)                   0.000     0.000    sw[1]
    V16                  IBUF (Prop_ibuf_I_O)         1.461     1.461 f  sw_IBUF[1]_inst/O
                         net (fo=6, routed)           3.964     5.425    vga_display/my_filter/sw_IBUF[1]
    SLICE_X42Y49         LUT4 (Prop_lut4_I2_O)        0.146     5.571 r  vga_display/my_filter/vga_red[2]_i_8/O
                         net (fo=12, routed)          1.097     6.668    pf/vga_blue[0]_i_2_0
    SLICE_X42Y50         LUT5 (Prop_lut5_I1_O)        0.328     6.996 r  pf/vga_red[2]_i_6/O
                         net (fo=8, routed)           1.005     8.001    pf/filtered_pixel[11]
    SLICE_X40Y48         LUT4 (Prop_lut4_I2_O)        0.150     8.151 r  pf/vga_red[3]_i_6/O
                         net (fo=2, routed)           0.844     8.995    pf/in_val[2]
    SLICE_X39Y49         LUT4 (Prop_lut4_I0_O)        0.326     9.321 r  pf/vga_red[3]_i_2/O
                         net (fo=4, routed)           0.457     9.778    pf/pixel_corrected__0__0[11]
    SLICE_X39Y47         LUT6 (Prop_lut6_I5_O)        0.124     9.902 r  pf/prev_gray[3]_i_16/O
                         net (fo=1, routed)           0.000     9.902    pf/prev_gray[3]_i_16_n_0
    SLICE_X39Y47         CARRY4 (Prop_carry4_S[3]_CO[3])
                                                      0.401    10.303 r  pf/prev_gray_reg[3]_i_8/CO[3]
                         net (fo=1, routed)           0.000    10.303    pf/prev_gray_reg[3]_i_8_n_0
    SLICE_X39Y48         CARRY4 (Prop_carry4_CI_O[0])
                                                      0.222    10.525 r  pf/prev_gray_reg[3]_i_3/O[0]
                         net (fo=1, routed)           0.592    11.117    pf/prev_gray_reg[3]_i_3_n_7
    SLICE_X38Y48         CARRY4 (Prop_carry4_S[0]_O[1])
                                                      0.726    11.843 r  pf/prev_gray_reg[3]_i_1/O[1]
                         net (fo=7, routed)           0.591    12.434    pf/O[1]
    SLICE_X37Y48         LUT4 (Prop_lut4_I0_O)        0.306    12.740 r  pf/vga_red[3]_i_19/O
                         net (fo=1, routed)           0.263    13.003    pf/vga_red[3]_i_19_n_0
    SLICE_X37Y48         LUT5 (Prop_lut5_I0_O)        0.124    13.127 r  pf/vga_red[3]_i_17/O
                         net (fo=3, routed)           0.462    13.589    pf/vga_red[3]_i_17_n_0
    SLICE_X37Y48         LUT5 (Prop_lut5_I2_O)        0.118    13.707 r  pf/vga_red[3]_i_18/O
                         net (fo=1, routed)           0.154    13.861    pf/vga_red[3]_i_18_n_0
    SLICE_X37Y48         LUT6 (Prop_lut6_I3_O)        0.326    14.187 r  pf/vga_red[3]_i_12/O
                         net (fo=1, routed)           0.351    14.538    pf/vga_red[3]_i_12_n_0
    SLICE_X36Y48         LUT5 (Prop_lut5_I1_O)        0.124    14.662 r  pf/vga_red[3]_i_4/O
                         net (fo=12, routed)          0.497    15.159    pf/vga_red[3]_i_4_n_0
    SLICE_X37Y47         LUT5 (Prop_lut5_I2_O)        0.124    15.283 r  pf/vga_red[1]_i_1/O
                         net (fo=1, routed)           0.000    15.283    vga_display/vga_red_reg[3]_1[1]
    SLICE_X37Y47         FDRE                                         r  vga_display/vga_red_reg[1]/D
  -------------------------------------------------------------------    -------------------

                         (clock clk_out2_clk_wiz_0 rise edge)
                                                      0.000     0.000 r  
    W5                                                0.000     0.000 r  clk100 (IN)
                         net (fo=0)                   0.000     0.000    clk_div/inst/clk_in1
    W5                   IBUF (Prop_ibuf_I_O)         1.388     1.388 r  clk_div/inst/clkin1_ibufg/O
                         net (fo=1, routed)           1.162     2.550    clk_div/inst/clk_in1_clk_wiz_0
    MMCME2_ADV_X1Y0      MMCME2_ADV (Prop_mmcme2_adv_CLKIN1_CLKOUT1)
                                                     -7.217    -4.668 r  clk_div/inst/mmcm_adv_inst/CLKOUT1
                         net (fo=1, routed)           1.581    -3.086    clk_div/inst/clk_out2_clk_wiz_0
    BUFGCTRL_X0Y1        BUFG (Prop_bufg_I_O)         0.091    -2.995 r  clk_div/inst/clkout2_buf/O
                         net (fo=140, routed)         1.446    -1.549    vga_display/clk_out2
    SLICE_X37Y47         FDRE                                         r  vga_display/vga_red_reg[1]/C

Slack:                    inf
  Source:                 sw[1]
                            (input port)
  Destination:            vga_display/vga_red_reg[2]/D
                            (rising edge-triggered cell FDRE clocked by clk_out2_clk_wiz_0  {rise@0.000ns fall@20.000ns period=40.000ns})
  Path Group:             (none)
  Path Type:              Setup (Max at Slow Process Corner)
  Data Path Delay:        15.272ns  (logic 5.006ns (32.782%)  route 10.265ns (67.218%))
  Logic Levels:           15  (CARRY4=3 IBUF=1 LUT4=4 LUT5=5 LUT6=2)
  Clock Path Skew:        -1.550ns (DCD - SCD + CPR)
    Destination Clock Delay (DCD):    -1.550ns
    Source Clock Delay      (SCD):    0.000ns
    Clock Pessimism Removal (CPR):    0.000ns
  Clock Uncertainty:      0.235ns  ((TSJ^2 + DJ^2)^1/2) / 2 + PE
    Total System Jitter     (TSJ):    0.050ns
    Discrete Jitter          (DJ):    0.200ns
    Phase Error              (PE):    0.132ns

    Location             Delay type                Incr(ns)  Path(ns)    Netlist Resource(s)
  -------------------------------------------------------------------    -------------------
    V16                                               0.000     0.000 f  sw[1] (IN)
                         net (fo=0)                   0.000     0.000    sw[1]
    V16                  IBUF (Prop_ibuf_I_O)         1.461     1.461 f  sw_IBUF[1]_inst/O
                         net (fo=6, routed)           3.964     5.425    vga_display/my_filter/sw_IBUF[1]
    SLICE_X42Y49         LUT4 (Prop_lut4_I2_O)        0.146     5.571 r  vga_display/my_filter/vga_red[2]_i_8/O
                         net (fo=12, routed)          1.097     6.668    pf/vga_blue[0]_i_2_0
    SLICE_X42Y50         LUT5 (Prop_lut5_I1_O)        0.328     6.996 r  pf/vga_red[2]_i_6/O
                         net (fo=8, routed)           1.005     8.001    pf/filtered_pixel[11]
    SLICE_X40Y48         LUT4 (Prop_lut4_I2_O)        0.150     8.151 r  pf/vga_red[3]_i_6/O
                         net (fo=2, routed)           0.844     8.995    pf/in_val[2]
    SLICE_X39Y49         LUT4 (Prop_lut4_I0_O)        0.326     9.321 r  pf/vga_red[3]_i_2/O
                         net (fo=4, routed)           0.457     9.778    pf/pixel_corrected__0__0[11]
    SLICE_X39Y47         LUT6 (Prop_lut6_I5_O)        0.124     9.902 r  pf/prev_gray[3]_i_16/O
                         net (fo=1, routed)           0.000     9.902    pf/prev_gray[3]_i_16_n_0
    SLICE_X39Y47         CARRY4 (Prop_carry4_S[3]_CO[3])
                                                      0.401    10.303 r  pf/prev_gray_reg[3]_i_8/CO[3]
                         net (fo=1, routed)           0.000    10.303    pf/prev_gray_reg[3]_i_8_n_0
    SLICE_X39Y48         CARRY4 (Prop_carry4_CI_O[0])
                                                      0.222    10.525 r  pf/prev_gray_reg[3]_i_3/O[0]
                         net (fo=1, routed)           0.592    11.117    pf/prev_gray_reg[3]_i_3_n_7
    SLICE_X38Y48         CARRY4 (Prop_carry4_S[0]_O[1])
                                                      0.726    11.843 r  pf/prev_gray_reg[3]_i_1/O[1]
                         net (fo=7, routed)           0.591    12.434    pf/O[1]
    SLICE_X37Y48         LUT4 (Prop_lut4_I0_O)        0.306    12.740 r  pf/vga_red[3]_i_19/O
                         net (fo=1, routed)           0.263    13.003    pf/vga_red[3]_i_19_n_0
    SLICE_X37Y48         LUT5 (Prop_lut5_I0_O)        0.124    13.127 r  pf/vga_red[3]_i_17/O
                         net (fo=3, routed)           0.462    13.589    pf/vga_red[3]_i_17_n_0
    SLICE_X37Y48         LUT5 (Prop_lut5_I2_O)        0.118    13.707 r  pf/vga_red[3]_i_18/O
                         net (fo=1, routed)           0.154    13.861    pf/vga_red[3]_i_18_n_0
    SLICE_X37Y48         LUT6 (Prop_lut6_I3_O)        0.326    14.187 r  pf/vga_red[3]_i_12/O
                         net (fo=1, routed)           0.351    14.538    pf/vga_red[3]_i_12_n_0
    SLICE_X36Y48         LUT5 (Prop_lut5_I1_O)        0.124    14.662 r  pf/vga_red[3]_i_4/O
                         net (fo=12, routed)          0.486    15.148    pf/vga_red[3]_i_4_n_0
    SLICE_X36Y46         LUT5 (Prop_lut5_I2_O)        0.124    15.272 r  pf/vga_red[2]_i_1/O
                         net (fo=1, routed)           0.000    15.272    vga_display/vga_red_reg[3]_1[2]
    SLICE_X36Y46         FDRE                                         r  vga_display/vga_red_reg[2]/D
  -------------------------------------------------------------------    -------------------

                         (clock clk_out2_clk_wiz_0 rise edge)
                                                      0.000     0.000 r  
    W5                                                0.000     0.000 r  clk100 (IN)
                         net (fo=0)                   0.000     0.000    clk_div/inst/clk_in1
    W5                   IBUF (Prop_ibuf_I_O)         1.388     1.388 r  clk_div/inst/clkin1_ibufg/O
                         net (fo=1, routed)           1.162     2.550    clk_div/inst/clk_in1_clk_wiz_0
    MMCME2_ADV_X1Y0      MMCME2_ADV (Prop_mmcme2_adv_CLKIN1_CLKOUT1)
                                                     -7.217    -4.668 r  clk_div/inst/mmcm_adv_inst/CLKOUT1
                         net (fo=1, routed)           1.581    -3.086    clk_div/inst/clk_out2_clk_wiz_0
    BUFGCTRL_X0Y1        BUFG (Prop_bufg_I_O)         0.091    -2.995 r  clk_div/inst/clkout2_buf/O
                         net (fo=140, routed)         1.445    -1.550    vga_display/clk_out2
    SLICE_X36Y46         FDRE                                         r  vga_display/vga_red_reg[2]/C

Slack:                    inf
  Source:                 sw[1]
                            (input port)
  Destination:            vga_display/vga_green_reg[3]/D
                            (rising edge-triggered cell FDRE clocked by clk_out2_clk_wiz_0  {rise@0.000ns fall@20.000ns period=40.000ns})
  Path Group:             (none)
  Path Type:              Setup (Max at Slow Process Corner)
  Data Path Delay:        15.253ns  (logic 5.006ns (32.821%)  route 10.247ns (67.179%))
  Logic Levels:           15  (CARRY4=3 IBUF=1 LUT4=4 LUT5=5 LUT6=2)
  Clock Path Skew:        -1.549ns (DCD - SCD + CPR)
    Destination Clock Delay (DCD):    -1.549ns
    Source Clock Delay      (SCD):    0.000ns
    Clock Pessimism Removal (CPR):    0.000ns
  Clock Uncertainty:      0.235ns  ((TSJ^2 + DJ^2)^1/2) / 2 + PE
    Total System Jitter     (TSJ):    0.050ns
    Discrete Jitter          (DJ):    0.200ns
    Phase Error              (PE):    0.132ns

    Location             Delay type                Incr(ns)  Path(ns)    Netlist Resource(s)
  -------------------------------------------------------------------    -------------------
    V16                                               0.000     0.000 f  sw[1] (IN)
                         net (fo=0)                   0.000     0.000    sw[1]
    V16                  IBUF (Prop_ibuf_I_O)         1.461     1.461 f  sw_IBUF[1]_inst/O
                         net (fo=6, routed)           3.964     5.425    vga_display/my_filter/sw_IBUF[1]
    SLICE_X42Y49         LUT4 (Prop_lut4_I2_O)        0.146     5.571 r  vga_display/my_filter/vga_red[2]_i_8/O
                         net (fo=12, routed)          1.097     6.668    pf/vga_blue[0]_i_2_0
    SLICE_X42Y50         LUT5 (Prop_lut5_I1_O)        0.328     6.996 r  pf/vga_red[2]_i_6/O
                         net (fo=8, routed)           1.005     8.001    pf/filtered_pixel[11]
    SLICE_X40Y48         LUT4 (Prop_lut4_I2_O)        0.150     8.151 r  pf/vga_red[3]_i_6/O
                         net (fo=2, routed)           0.844     8.995    pf/in_val[2]
    SLICE_X39Y49         LUT4 (Prop_lut4_I0_O)        0.326     9.321 r  pf/vga_red[3]_i_2/O
                         net (fo=4, routed)           0.457     9.778    pf/pixel_corrected__0__0[11]
    SLICE_X39Y47         LUT6 (Prop_lut6_I5_O)        0.124     9.902 r  pf/prev_gray[3]_i_16/O
                         net (fo=1, routed)           0.000     9.902    pf/prev_gray[3]_i_16_n_0
    SLICE_X39Y47         CARRY4 (Prop_carry4_S[3]_CO[3])
                                                      0.401    10.303 r  pf/prev_gray_reg[3]_i_8/CO[3]
                         net (fo=1, routed)           0.000    10.303    pf/prev_gray_reg[3]_i_8_n_0
    SLICE_X39Y48         CARRY4 (Prop_carry4_CI_O[0])
                                                      0.222    10.525 r  pf/prev_gray_reg[3]_i_3/O[0]
                         net (fo=1, routed)           0.592    11.117    pf/prev_gray_reg[3]_i_3_n_7
    SLICE_X38Y48         CARRY4 (Prop_carry4_S[0]_O[1])
                                                      0.726    11.843 r  pf/prev_gray_reg[3]_i_1/O[1]
                         net (fo=7, routed)           0.591    12.434    pf/O[1]
    SLICE_X37Y48         LUT4 (Prop_lut4_I0_O)        0.306    12.740 r  pf/vga_red[3]_i_19/O
                         net (fo=1, routed)           0.263    13.003    pf/vga_red[3]_i_19_n_0
    SLICE_X37Y48         LUT5 (Prop_lut5_I0_O)        0.124    13.127 r  pf/vga_red[3]_i_17/O
                         net (fo=3, routed)           0.462    13.589    pf/vga_red[3]_i_17_n_0
    SLICE_X37Y48         LUT5 (Prop_lut5_I2_O)        0.118    13.707 r  pf/vga_red[3]_i_18/O
                         net (fo=1, routed)           0.154    13.861    pf/vga_red[3]_i_18_n_0
    SLICE_X37Y48         LUT6 (Prop_lut6_I3_O)        0.326    14.187 r  pf/vga_red[3]_i_12/O
                         net (fo=1, routed)           0.351    14.538    pf/vga_red[3]_i_12_n_0
    SLICE_X36Y48         LUT5 (Prop_lut5_I1_O)        0.124    14.662 r  pf/vga_red[3]_i_4/O
                         net (fo=12, routed)          0.467    15.129    pf/vga_red[3]_i_4_n_0
    SLICE_X37Y47         LUT5 (Prop_lut5_I2_O)        0.124    15.253 r  pf/vga_green[3]_i_1/O
                         net (fo=1, routed)           0.000    15.253    vga_display/vga_green_reg[3]_1[3]
    SLICE_X37Y47         FDRE                                         r  vga_display/vga_green_reg[3]/D
  -------------------------------------------------------------------    -------------------

                         (clock clk_out2_clk_wiz_0 rise edge)
                                                      0.000     0.000 r  
    W5                                                0.000     0.000 r  clk100 (IN)
                         net (fo=0)                   0.000     0.000    clk_div/inst/clk_in1
    W5                   IBUF (Prop_ibuf_I_O)         1.388     1.388 r  clk_div/inst/clkin1_ibufg/O
                         net (fo=1, routed)           1.162     2.550    clk_div/inst/clk_in1_clk_wiz_0
    MMCME2_ADV_X1Y0      MMCME2_ADV (Prop_mmcme2_adv_CLKIN1_CLKOUT1)
                                                     -7.217    -4.668 r  clk_div/inst/mmcm_adv_inst/CLKOUT1
                         net (fo=1, routed)           1.581    -3.086    clk_div/inst/clk_out2_clk_wiz_0
    BUFGCTRL_X0Y1        BUFG (Prop_bufg_I_O)         0.091    -2.995 r  clk_div/inst/clkout2_buf/O
                         net (fo=140, routed)         1.446    -1.549    vga_display/clk_out2
    SLICE_X37Y47         FDRE                                         r  vga_display/vga_green_reg[3]/C

Slack:                    inf
  Source:                 sw[1]
                            (input port)
  Destination:            vga_display/vga_blue_reg[0]/D
                            (rising edge-triggered cell FDRE clocked by clk_out2_clk_wiz_0  {rise@0.000ns fall@20.000ns period=40.000ns})
  Path Group:             (none)
  Path Type:              Setup (Max at Slow Process Corner)
  Data Path Delay:        15.253ns  (logic 5.006ns (32.822%)  route 10.246ns (67.178%))
  Logic Levels:           15  (CARRY4=3 IBUF=1 LUT4=4 LUT5=5 LUT6=2)
  Clock Path Skew:        -1.550ns (DCD - SCD + CPR)
    Destination Clock Delay (DCD):    -1.550ns
    Source Clock Delay      (SCD):    0.000ns
    Clock Pessimism Removal (CPR):    0.000ns
  Clock Uncertainty:      0.235ns  ((TSJ^2 + DJ^2)^1/2) / 2 + PE
    Total System Jitter     (TSJ):    0.050ns
    Discrete Jitter          (DJ):    0.200ns
    Phase Error              (PE):    0.132ns

    Location             Delay type                Incr(ns)  Path(ns)    Netlist Resource(s)
  -------------------------------------------------------------------    -------------------
    V16                                               0.000     0.000 f  sw[1] (IN)
                         net (fo=0)                   0.000     0.000    sw[1]
    V16                  IBUF (Prop_ibuf_I_O)         1.461     1.461 f  sw_IBUF[1]_inst/O
                         net (fo=6, routed)           3.964     5.425    vga_display/my_filter/sw_IBUF[1]
    SLICE_X42Y49         LUT4 (Prop_lut4_I2_O)        0.146     5.571 r  vga_display/my_filter/vga_red[2]_i_8/O
                         net (fo=12, routed)          1.097     6.668    pf/vga_blue[0]_i_2_0
    SLICE_X42Y50         LUT5 (Prop_lut5_I1_O)        0.328     6.996 r  pf/vga_red[2]_i_6/O
                         net (fo=8, routed)           1.005     8.001    pf/filtered_pixel[11]
    SLICE_X40Y48         LUT4 (Prop_lut4_I2_O)        0.150     8.151 r  pf/vga_red[3]_i_6/O
                         net (fo=2, routed)           0.844     8.995    pf/in_val[2]
    SLICE_X39Y49         LUT4 (Prop_lut4_I0_O)        0.326     9.321 r  pf/vga_red[3]_i_2/O
                         net (fo=4, routed)           0.457     9.778    pf/pixel_corrected__0__0[11]
    SLICE_X39Y47         LUT6 (Prop_lut6_I5_O)        0.124     9.902 r  pf/prev_gray[3]_i_16/O
                         net (fo=1, routed)           0.000     9.902    pf/prev_gray[3]_i_16_n_0
    SLICE_X39Y47         CARRY4 (Prop_carry4_S[3]_CO[3])
                                                      0.401    10.303 r  pf/prev_gray_reg[3]_i_8/CO[3]
                         net (fo=1, routed)           0.000    10.303    pf/prev_gray_reg[3]_i_8_n_0
    SLICE_X39Y48         CARRY4 (Prop_carry4_CI_O[0])
                                                      0.222    10.525 r  pf/prev_gray_reg[3]_i_3/O[0]
                         net (fo=1, routed)           0.592    11.117    pf/prev_gray_reg[3]_i_3_n_7
    SLICE_X38Y48         CARRY4 (Prop_carry4_S[0]_O[1])
                                                      0.726    11.843 r  pf/prev_gray_reg[3]_i_1/O[1]
                         net (fo=7, routed)           0.591    12.434    pf/O[1]
    SLICE_X37Y48         LUT4 (Prop_lut4_I0_O)        0.306    12.740 r  pf/vga_red[3]_i_19/O
                         net (fo=1, routed)           0.263    13.003    pf/vga_red[3]_i_19_n_0
    SLICE_X37Y48         LUT5 (Prop_lut5_I0_O)        0.124    13.127 r  pf/vga_red[3]_i_17/O
                         net (fo=3, routed)           0.462    13.589    pf/vga_red[3]_i_17_n_0
    SLICE_X37Y48         LUT5 (Prop_lut5_I2_O)        0.118    13.707 r  pf/vga_red[3]_i_18/O
                         net (fo=1, routed)           0.154    13.861    pf/vga_red[3]_i_18_n_0
    SLICE_X37Y48         LUT6 (Prop_lut6_I3_O)        0.326    14.187 r  pf/vga_red[3]_i_12/O
                         net (fo=1, routed)           0.351    14.538    pf/vga_red[3]_i_12_n_0
    SLICE_X36Y48         LUT5 (Prop_lut5_I1_O)        0.124    14.662 r  pf/vga_red[3]_i_4/O
                         net (fo=12, routed)          0.467    15.129    pf/vga_red[3]_i_4_n_0
    SLICE_X37Y46         LUT5 (Prop_lut5_I2_O)        0.124    15.253 r  pf/vga_blue[0]_i_1/O
                         net (fo=1, routed)           0.000    15.253    vga_display/vga_blue_reg[3]_1[0]
    SLICE_X37Y46         FDRE                                         r  vga_display/vga_blue_reg[0]/D
  -------------------------------------------------------------------    -------------------

                         (clock clk_out2_clk_wiz_0 rise edge)
                                                      0.000     0.000 r  
    W5                                                0.000     0.000 r  clk100 (IN)
                         net (fo=0)                   0.000     0.000    clk_div/inst/clk_in1
    W5                   IBUF (Prop_ibuf_I_O)         1.388     1.388 r  clk_div/inst/clkin1_ibufg/O
                         net (fo=1, routed)           1.162     2.550    clk_div/inst/clk_in1_clk_wiz_0
    MMCME2_ADV_X1Y0      MMCME2_ADV (Prop_mmcme2_adv_CLKIN1_CLKOUT1)
                                                     -7.217    -4.668 r  clk_div/inst/mmcm_adv_inst/CLKOUT1
                         net (fo=1, routed)           1.581    -3.086    clk_div/inst/clk_out2_clk_wiz_0
    BUFGCTRL_X0Y1        BUFG (Prop_bufg_I_O)         0.091    -2.995 r  clk_div/inst/clkout2_buf/O
                         net (fo=140, routed)         1.445    -1.550    vga_display/clk_out2
    SLICE_X37Y46         FDRE                                         r  vga_display/vga_blue_reg[0]/C

Slack:                    inf
  Source:                 sw[1]
                            (input port)
  Destination:            vga_display/vga_green_reg[0]/D
                            (rising edge-triggered cell FDRE clocked by clk_out2_clk_wiz_0  {rise@0.000ns fall@20.000ns period=40.000ns})
  Path Group:             (none)
  Path Type:              Setup (Max at Slow Process Corner)
  Data Path Delay:        15.249ns  (logic 5.006ns (32.830%)  route 10.243ns (67.170%))
  Logic Levels:           15  (CARRY4=3 IBUF=1 LUT4=4 LUT5=5 LUT6=2)
  Clock Path Skew:        -1.549ns (DCD - SCD + CPR)
    Destination Clock Delay (DCD):    -1.549ns
    Source Clock Delay      (SCD):    0.000ns
    Clock Pessimism Removal (CPR):    0.000ns
  Clock Uncertainty:      0.235ns  ((TSJ^2 + DJ^2)^1/2) / 2 + PE
    Total System Jitter     (TSJ):    0.050ns
    Discrete Jitter          (DJ):    0.200ns
    Phase Error              (PE):    0.132ns

    Location             Delay type                Incr(ns)  Path(ns)    Netlist Resource(s)
  -------------------------------------------------------------------    -------------------
    V16                                               0.000     0.000 f  sw[1] (IN)
                         net (fo=0)                   0.000     0.000    sw[1]
    V16                  IBUF (Prop_ibuf_I_O)         1.461     1.461 f  sw_IBUF[1]_inst/O
                         net (fo=6, routed)           3.964     5.425    vga_display/my_filter/sw_IBUF[1]
    SLICE_X42Y49         LUT4 (Prop_lut4_I2_O)        0.146     5.571 r  vga_display/my_filter/vga_red[2]_i_8/O
                         net (fo=12, routed)          1.097     6.668    pf/vga_blue[0]_i_2_0
    SLICE_X42Y50         LUT5 (Prop_lut5_I1_O)        0.328     6.996 r  pf/vga_red[2]_i_6/O
                         net (fo=8, routed)           1.005     8.001    pf/filtered_pixel[11]
    SLICE_X40Y48         LUT4 (Prop_lut4_I2_O)        0.150     8.151 r  pf/vga_red[3]_i_6/O
                         net (fo=2, routed)           0.844     8.995    pf/in_val[2]
    SLICE_X39Y49         LUT4 (Prop_lut4_I0_O)        0.326     9.321 r  pf/vga_red[3]_i_2/O
                         net (fo=4, routed)           0.457     9.778    pf/pixel_corrected__0__0[11]
    SLICE_X39Y47         LUT6 (Prop_lut6_I5_O)        0.124     9.902 r  pf/prev_gray[3]_i_16/O
                         net (fo=1, routed)           0.000     9.902    pf/prev_gray[3]_i_16_n_0
    SLICE_X39Y47         CARRY4 (Prop_carry4_S[3]_CO[3])
                                                      0.401    10.303 r  pf/prev_gray_reg[3]_i_8/CO[3]
                         net (fo=1, routed)           0.000    10.303    pf/prev_gray_reg[3]_i_8_n_0
    SLICE_X39Y48         CARRY4 (Prop_carry4_CI_O[0])
                                                      0.222    10.525 r  pf/prev_gray_reg[3]_i_3/O[0]
                         net (fo=1, routed)           0.592    11.117    pf/prev_gray_reg[3]_i_3_n_7
    SLICE_X38Y48         CARRY4 (Prop_carry4_S[0]_O[1])
                                                      0.726    11.843 r  pf/prev_gray_reg[3]_i_1/O[1]
                         net (fo=7, routed)           0.591    12.434    pf/O[1]
    SLICE_X37Y48         LUT4 (Prop_lut4_I0_O)        0.306    12.740 r  pf/vga_red[3]_i_19/O
                         net (fo=1, routed)           0.263    13.003    pf/vga_red[3]_i_19_n_0
    SLICE_X37Y48         LUT5 (Prop_lut5_I0_O)        0.124    13.127 r  pf/vga_red[3]_i_17/O
                         net (fo=3, routed)           0.462    13.589    pf/vga_red[3]_i_17_n_0
    SLICE_X37Y48         LUT5 (Prop_lut5_I2_O)        0.118    13.707 r  pf/vga_red[3]_i_18/O
                         net (fo=1, routed)           0.154    13.861    pf/vga_red[3]_i_18_n_0
    SLICE_X37Y48         LUT6 (Prop_lut6_I3_O)        0.326    14.187 r  pf/vga_red[3]_i_12/O
                         net (fo=1, routed)           0.351    14.538    pf/vga_red[3]_i_12_n_0
    SLICE_X36Y48         LUT5 (Prop_lut5_I1_O)        0.124    14.662 r  pf/vga_red[3]_i_4/O
                         net (fo=12, routed)          0.463    15.125    pf/vga_red[3]_i_4_n_0
    SLICE_X37Y47         LUT5 (Prop_lut5_I2_O)        0.124    15.249 r  pf/vga_green[0]_i_1/O
                         net (fo=1, routed)           0.000    15.249    vga_display/vga_green_reg[3]_1[0]
    SLICE_X37Y47         FDRE                                         r  vga_display/vga_green_reg[0]/D
  -------------------------------------------------------------------    -------------------

                         (clock clk_out2_clk_wiz_0 rise edge)
                                                      0.000     0.000 r  
    W5                                                0.000     0.000 r  clk100 (IN)
                         net (fo=0)                   0.000     0.000    clk_div/inst/clk_in1
    W5                   IBUF (Prop_ibuf_I_O)         1.388     1.388 r  clk_div/inst/clkin1_ibufg/O
                         net (fo=1, routed)           1.162     2.550    clk_div/inst/clk_in1_clk_wiz_0
    MMCME2_ADV_X1Y0      MMCME2_ADV (Prop_mmcme2_adv_CLKIN1_CLKOUT1)
                                                     -7.217    -4.668 r  clk_div/inst/mmcm_adv_inst/CLKOUT1
                         net (fo=1, routed)           1.581    -3.086    clk_div/inst/clk_out2_clk_wiz_0
    BUFGCTRL_X0Y1        BUFG (Prop_bufg_I_O)         0.091    -2.995 r  clk_div/inst/clkout2_buf/O
                         net (fo=140, routed)         1.446    -1.549    vga_display/clk_out2
    SLICE_X37Y47         FDRE                                         r  vga_display/vga_green_reg[0]/C

Slack:                    inf
  Source:                 sw[1]
                            (input port)
  Destination:            vga_display/vga_blue_reg[1]/D
                            (rising edge-triggered cell FDRE clocked by clk_out2_clk_wiz_0  {rise@0.000ns fall@20.000ns period=40.000ns})
  Path Group:             (none)
  Path Type:              Setup (Max at Slow Process Corner)
  Data Path Delay:        15.204ns  (logic 5.006ns (32.927%)  route 10.198ns (67.073%))
  Logic Levels:           15  (CARRY4=3 IBUF=1 LUT4=4 LUT5=5 LUT6=2)
  Clock Path Skew:        -1.549ns (DCD - SCD + CPR)
    Destination Clock Delay (DCD):    -1.549ns
    Source Clock Delay      (SCD):    0.000ns
    Clock Pessimism Removal (CPR):    0.000ns
  Clock Uncertainty:      0.235ns  ((TSJ^2 + DJ^2)^1/2) / 2 + PE
    Total System Jitter     (TSJ):    0.050ns
    Discrete Jitter          (DJ):    0.200ns
    Phase Error              (PE):    0.132ns

    Location             Delay type                Incr(ns)  Path(ns)    Netlist Resource(s)
  -------------------------------------------------------------------    -------------------
    V16                                               0.000     0.000 f  sw[1] (IN)
                         net (fo=0)                   0.000     0.000    sw[1]
    V16                  IBUF (Prop_ibuf_I_O)         1.461     1.461 f  sw_IBUF[1]_inst/O
                         net (fo=6, routed)           3.964     5.425    vga_display/my_filter/sw_IBUF[1]
    SLICE_X42Y49         LUT4 (Prop_lut4_I2_O)        0.146     5.571 r  vga_display/my_filter/vga_red[2]_i_8/O
                         net (fo=12, routed)          1.097     6.668    pf/vga_blue[0]_i_2_0
    SLICE_X42Y50         LUT5 (Prop_lut5_I1_O)        0.328     6.996 r  pf/vga_red[2]_i_6/O
                         net (fo=8, routed)           1.005     8.001    pf/filtered_pixel[11]
    SLICE_X40Y48         LUT4 (Prop_lut4_I2_O)        0.150     8.151 r  pf/vga_red[3]_i_6/O
                         net (fo=2, routed)           0.844     8.995    pf/in_val[2]
    SLICE_X39Y49         LUT4 (Prop_lut4_I0_O)        0.326     9.321 r  pf/vga_red[3]_i_2/O
                         net (fo=4, routed)           0.457     9.778    pf/pixel_corrected__0__0[11]
    SLICE_X39Y47         LUT6 (Prop_lut6_I5_O)        0.124     9.902 r  pf/prev_gray[3]_i_16/O
                         net (fo=1, routed)           0.000     9.902    pf/prev_gray[3]_i_16_n_0
    SLICE_X39Y47         CARRY4 (Prop_carry4_S[3]_CO[3])
                                                      0.401    10.303 r  pf/prev_gray_reg[3]_i_8/CO[3]
                         net (fo=1, routed)           0.000    10.303    pf/prev_gray_reg[3]_i_8_n_0
    SLICE_X39Y48         CARRY4 (Prop_carry4_CI_O[0])
                                                      0.222    10.525 r  pf/prev_gray_reg[3]_i_3/O[0]
                         net (fo=1, routed)           0.592    11.117    pf/prev_gray_reg[3]_i_3_n_7
    SLICE_X38Y48         CARRY4 (Prop_carry4_S[0]_O[1])
                                                      0.726    11.843 r  pf/prev_gray_reg[3]_i_1/O[1]
                         net (fo=7, routed)           0.591    12.434    pf/O[1]
    SLICE_X37Y48         LUT4 (Prop_lut4_I0_O)        0.306    12.740 r  pf/vga_red[3]_i_19/O
                         net (fo=1, routed)           0.263    13.003    pf/vga_red[3]_i_19_n_0
    SLICE_X37Y48         LUT5 (Prop_lut5_I0_O)        0.124    13.127 r  pf/vga_red[3]_i_17/O
                         net (fo=3, routed)           0.462    13.589    pf/vga_red[3]_i_17_n_0
    SLICE_X37Y48         LUT5 (Prop_lut5_I2_O)        0.118    13.707 r  pf/vga_red[3]_i_18/O
                         net (fo=1, routed)           0.154    13.861    pf/vga_red[3]_i_18_n_0
    SLICE_X37Y48         LUT6 (Prop_lut6_I3_O)        0.326    14.187 r  pf/vga_red[3]_i_12/O
                         net (fo=1, routed)           0.351    14.538    pf/vga_red[3]_i_12_n_0
    SLICE_X36Y48         LUT5 (Prop_lut5_I1_O)        0.124    14.662 r  pf/vga_red[3]_i_4/O
                         net (fo=12, routed)          0.418    15.080    pf/vga_red[3]_i_4_n_0
    SLICE_X36Y47         LUT5 (Prop_lut5_I2_O)        0.124    15.204 r  pf/vga_blue[1]_i_1/O
                         net (fo=1, routed)           0.000    15.204    vga_display/vga_blue_reg[3]_1[1]
    SLICE_X36Y47         FDRE                                         r  vga_display/vga_blue_reg[1]/D
  -------------------------------------------------------------------    -------------------

                         (clock clk_out2_clk_wiz_0 rise edge)
                                                      0.000     0.000 r  
    W5                                                0.000     0.000 r  clk100 (IN)
                         net (fo=0)                   0.000     0.000    clk_div/inst/clk_in1
    W5                   IBUF (Prop_ibuf_I_O)         1.388     1.388 r  clk_div/inst/clkin1_ibufg/O
                         net (fo=1, routed)           1.162     2.550    clk_div/inst/clk_in1_clk_wiz_0
    MMCME2_ADV_X1Y0      MMCME2_ADV (Prop_mmcme2_adv_CLKIN1_CLKOUT1)
                                                     -7.217    -4.668 r  clk_div/inst/mmcm_adv_inst/CLKOUT1
                         net (fo=1, routed)           1.581    -3.086    clk_div/inst/clk_out2_clk_wiz_0
    BUFGCTRL_X0Y1        BUFG (Prop_bufg_I_O)         0.091    -2.995 r  clk_div/inst/clkout2_buf/O
                         net (fo=140, routed)         1.446    -1.549    vga_display/clk_out2
    SLICE_X36Y47         FDRE                                         r  vga_display/vga_blue_reg[1]/C

Slack:                    inf
  Source:                 sw[1]
                            (input port)
  Destination:            vga_display/vga_blue_reg[2]/D
                            (rising edge-triggered cell FDRE clocked by clk_out2_clk_wiz_0  {rise@0.000ns fall@20.000ns period=40.000ns})
  Path Group:             (none)
  Path Type:              Setup (Max at Slow Process Corner)
  Data Path Delay:        15.201ns  (logic 5.006ns (32.934%)  route 10.195ns (67.066%))
  Logic Levels:           15  (CARRY4=3 IBUF=1 LUT4=4 LUT5=5 LUT6=2)
  Clock Path Skew:        -1.549ns (DCD - SCD + CPR)
    Destination Clock Delay (DCD):    -1.549ns
    Source Clock Delay      (SCD):    0.000ns
    Clock Pessimism Removal (CPR):    0.000ns
  Clock Uncertainty:      0.235ns  ((TSJ^2 + DJ^2)^1/2) / 2 + PE
    Total System Jitter     (TSJ):    0.050ns
    Discrete Jitter          (DJ):    0.200ns
    Phase Error              (PE):    0.132ns

    Location             Delay type                Incr(ns)  Path(ns)    Netlist Resource(s)
  -------------------------------------------------------------------    -------------------
    V16                                               0.000     0.000 f  sw[1] (IN)
                         net (fo=0)                   0.000     0.000    sw[1]
    V16                  IBUF (Prop_ibuf_I_O)         1.461     1.461 f  sw_IBUF[1]_inst/O
                         net (fo=6, routed)           3.964     5.425    vga_display/my_filter/sw_IBUF[1]
    SLICE_X42Y49         LUT4 (Prop_lut4_I2_O)        0.146     5.571 r  vga_display/my_filter/vga_red[2]_i_8/O
                         net (fo=12, routed)          1.097     6.668    pf/vga_blue[0]_i_2_0
    SLICE_X42Y50         LUT5 (Prop_lut5_I1_O)        0.328     6.996 r  pf/vga_red[2]_i_6/O
                         net (fo=8, routed)           1.005     8.001    pf/filtered_pixel[11]
    SLICE_X40Y48         LUT4 (Prop_lut4_I2_O)        0.150     8.151 r  pf/vga_red[3]_i_6/O
                         net (fo=2, routed)           0.844     8.995    pf/in_val[2]
    SLICE_X39Y49         LUT4 (Prop_lut4_I0_O)        0.326     9.321 r  pf/vga_red[3]_i_2/O
                         net (fo=4, routed)           0.457     9.778    pf/pixel_corrected__0__0[11]
    SLICE_X39Y47         LUT6 (Prop_lut6_I5_O)        0.124     9.902 r  pf/prev_gray[3]_i_16/O
                         net (fo=1, routed)           0.000     9.902    pf/prev_gray[3]_i_16_n_0
    SLICE_X39Y47         CARRY4 (Prop_carry4_S[3]_CO[3])
                                                      0.401    10.303 r  pf/prev_gray_reg[3]_i_8/CO[3]
                         net (fo=1, routed)           0.000    10.303    pf/prev_gray_reg[3]_i_8_n_0
    SLICE_X39Y48         CARRY4 (Prop_carry4_CI_O[0])
                                                      0.222    10.525 r  pf/prev_gray_reg[3]_i_3/O[0]
                         net (fo=1, routed)           0.592    11.117    pf/prev_gray_reg[3]_i_3_n_7
    SLICE_X38Y48         CARRY4 (Prop_carry4_S[0]_O[1])
                                                      0.726    11.843 r  pf/prev_gray_reg[3]_i_1/O[1]
                         net (fo=7, routed)           0.591    12.434    pf/O[1]
    SLICE_X37Y48         LUT4 (Prop_lut4_I0_O)        0.306    12.740 r  pf/vga_red[3]_i_19/O
                         net (fo=1, routed)           0.263    13.003    pf/vga_red[3]_i_19_n_0
    SLICE_X37Y48         LUT5 (Prop_lut5_I0_O)        0.124    13.127 r  pf/vga_red[3]_i_17/O
                         net (fo=3, routed)           0.462    13.589    pf/vga_red[3]_i_17_n_0
    SLICE_X37Y48         LUT5 (Prop_lut5_I2_O)        0.118    13.707 r  pf/vga_red[3]_i_18/O
                         net (fo=1, routed)           0.154    13.861    pf/vga_red[3]_i_18_n_0
    SLICE_X37Y48         LUT6 (Prop_lut6_I3_O)        0.326    14.187 r  pf/vga_red[3]_i_12/O
                         net (fo=1, routed)           0.351    14.538    pf/vga_red[3]_i_12_n_0
    SLICE_X36Y48         LUT5 (Prop_lut5_I1_O)        0.124    14.662 r  pf/vga_red[3]_i_4/O
                         net (fo=12, routed)          0.415    15.077    pf/vga_red[3]_i_4_n_0
    SLICE_X36Y47         LUT5 (Prop_lut5_I2_O)        0.124    15.201 r  pf/vga_blue[2]_i_1/O
                         net (fo=1, routed)           0.000    15.201    vga_display/vga_blue_reg[3]_1[2]
    SLICE_X36Y47         FDRE                                         r  vga_display/vga_blue_reg[2]/D
  -------------------------------------------------------------------    -------------------

                         (clock clk_out2_clk_wiz_0 rise edge)
                                                      0.000     0.000 r  
    W5                                                0.000     0.000 r  clk100 (IN)
                         net (fo=0)                   0.000     0.000    clk_div/inst/clk_in1
    W5                   IBUF (Prop_ibuf_I_O)         1.388     1.388 r  clk_div/inst/clkin1_ibufg/O
                         net (fo=1, routed)           1.162     2.550    clk_div/inst/clk_in1_clk_wiz_0
    MMCME2_ADV_X1Y0      MMCME2_ADV (Prop_mmcme2_adv_CLKIN1_CLKOUT1)
                                                     -7.217    -4.668 r  clk_div/inst/mmcm_adv_inst/CLKOUT1
                         net (fo=1, routed)           1.581    -3.086    clk_div/inst/clk_out2_clk_wiz_0
    BUFGCTRL_X0Y1        BUFG (Prop_bufg_I_O)         0.091    -2.995 r  clk_div/inst/clkout2_buf/O
                         net (fo=140, routed)         1.446    -1.549    vga_display/clk_out2
    SLICE_X36Y47         FDRE                                         r  vga_display/vga_blue_reg[2]/C





Min Delay Paths
--------------------------------------------------------------------------------------
Slack:                    inf
  Source:                 OV7670_SIOD
                            (input port)
  Destination:            IIC/sccb_sender/ACKR2_reg/D
                            (rising edge-triggered cell FDPE clocked by clk_out2_clk_wiz_0  {rise@0.000ns fall@20.000ns period=40.000ns})
  Path Group:             (none)
  Path Type:              Hold (Min at Fast Process Corner)
  Data Path Delay:        0.782ns  (logic 0.261ns (33.427%)  route 0.521ns (66.573%))
  Logic Levels:           2  (IBUF=1 LUT6=1)
  Clock Path Skew:        -0.741ns (DCD - SCD - CPR)
    Destination Clock Delay (DCD):    -0.741ns
    Source Clock Delay      (SCD):    0.000ns
    Clock Pessimism Removal (CPR):    -0.000ns

    Location             Delay type                Incr(ns)  Path(ns)    Netlist Resource(s)
  -------------------------------------------------------------------    -------------------
    A15                                               0.000     0.000 r  OV7670_SIOD (INOUT)
                         net (fo=1, unset)            0.000     0.000    OV7670_SIOD_IOBUF_inst/IO
    A15                  IBUF (Prop_ibuf_I_O)         0.216     0.216 r  OV7670_SIOD_IOBUF_inst/IBUF/O
                         net (fo=6, routed)           0.521     0.737    IIC/sccb_sender/OV7670_SIOD_IBUF
    SLICE_X3Y138         LUT6 (Prop_lut6_I0_O)        0.045     0.782 r  IIC/sccb_sender/ACKR2_i_1/O
                         net (fo=1, routed)           0.000     0.782    IIC/sccb_sender/ACKR2_i_1_n_0
    SLICE_X3Y138         FDPE                                         r  IIC/sccb_sender/ACKR2_reg/D
  -------------------------------------------------------------------    -------------------

                         (clock clk_out2_clk_wiz_0 rise edge)
                                                      0.000     0.000 r  
    W5                                                0.000     0.000 r  clk100 (IN)
                         net (fo=0)                   0.000     0.000    clk_div/inst/clk_in1
    W5                   IBUF (Prop_ibuf_I_O)         0.414     0.414 r  clk_div/inst/clkin1_ibufg/O
                         net (fo=1, routed)           0.480     0.894    clk_div/inst/clk_in1_clk_wiz_0
    MMCME2_ADV_X1Y0      MMCME2_ADV (Prop_mmcme2_adv_CLKIN1_CLKOUT1)
                                                     -3.142    -2.248 r  clk_div/inst/mmcm_adv_inst/CLKOUT1
                         net (fo=1, routed)           0.530    -1.718    clk_div/inst/clk_out2_clk_wiz_0
    BUFGCTRL_X0Y1        BUFG (Prop_bufg_I_O)         0.029    -1.689 r  clk_div/inst/clkout2_buf/O
                         net (fo=140, routed)         0.948    -0.741    IIC/sccb_sender/clk_out2
    SLICE_X3Y138         FDPE                                         r  IIC/sccb_sender/ACKR2_reg/C

Slack:                    inf
  Source:                 OV7670_SIOD
                            (input port)
  Destination:            IIC/sccb_sender/ACKR3_reg/D
                            (rising edge-triggered cell FDPE clocked by clk_out2_clk_wiz_0  {rise@0.000ns fall@20.000ns period=40.000ns})
  Path Group:             (none)
  Path Type:              Hold (Min at Fast Process Corner)
  Data Path Delay:        0.784ns  (logic 0.261ns (33.325%)  route 0.523ns (66.675%))
  Logic Levels:           2  (IBUF=1 LUT6=1)
  Clock Path Skew:        -0.743ns (DCD - SCD - CPR)
    Destination Clock Delay (DCD):    -0.743ns
    Source Clock Delay      (SCD):    0.000ns
    Clock Pessimism Removal (CPR):    -0.000ns

    Location             Delay type                Incr(ns)  Path(ns)    Netlist Resource(s)
  -------------------------------------------------------------------    -------------------
    A15                                               0.000     0.000 r  OV7670_SIOD (INOUT)
                         net (fo=1, unset)            0.000     0.000    OV7670_SIOD_IOBUF_inst/IO
    A15                  IBUF (Prop_ibuf_I_O)         0.216     0.216 r  OV7670_SIOD_IOBUF_inst/IBUF/O
                         net (fo=6, routed)           0.523     0.739    IIC/sccb_sender/OV7670_SIOD_IBUF
    SLICE_X3Y137         LUT6 (Prop_lut6_I0_O)        0.045     0.784 r  IIC/sccb_sender/ACKR3_i_1/O
                         net (fo=1, routed)           0.000     0.784    IIC/sccb_sender/ACKR3_i_1_n_0
    SLICE_X3Y137         FDPE                                         r  IIC/sccb_sender/ACKR3_reg/D
  -------------------------------------------------------------------    -------------------

                         (clock clk_out2_clk_wiz_0 rise edge)
                                                      0.000     0.000 r  
    W5                                                0.000     0.000 r  clk100 (IN)
                         net (fo=0)                   0.000     0.000    clk_div/inst/clk_in1
    W5                   IBUF (Prop_ibuf_I_O)         0.414     0.414 r  clk_div/inst/clkin1_ibufg/O
                         net (fo=1, routed)           0.480     0.894    clk_div/inst/clk_in1_clk_wiz_0
    MMCME2_ADV_X1Y0      MMCME2_ADV (Prop_mmcme2_adv_CLKIN1_CLKOUT1)
                                                     -3.142    -2.248 r  clk_div/inst/mmcm_adv_inst/CLKOUT1
                         net (fo=1, routed)           0.530    -1.718    clk_div/inst/clk_out2_clk_wiz_0
    BUFGCTRL_X0Y1        BUFG (Prop_bufg_I_O)         0.029    -1.689 r  clk_div/inst/clkout2_buf/O
                         net (fo=140, routed)         0.946    -0.743    IIC/sccb_sender/clk_out2
    SLICE_X3Y137         FDPE                                         r  IIC/sccb_sender/ACKR3_reg/C

Slack:                    inf
  Source:                 OV7670_SIOD
                            (input port)
  Destination:            IIC/sccb_sender/ACKW2_reg/D
                            (rising edge-triggered cell FDPE clocked by clk_out2_clk_wiz_0  {rise@0.000ns fall@20.000ns period=40.000ns})
  Path Group:             (none)
  Path Type:              Hold (Min at Fast Process Corner)
  Data Path Delay:        0.787ns  (logic 0.261ns (33.215%)  route 0.526ns (66.785%))
  Logic Levels:           2  (IBUF=1 LUT6=1)
  Clock Path Skew:        -0.741ns (DCD - SCD - CPR)
    Destination Clock Delay (DCD):    -0.741ns
    Source Clock Delay      (SCD):    0.000ns
    Clock Pessimism Removal (CPR):    -0.000ns

    Location             Delay type                Incr(ns)  Path(ns)    Netlist Resource(s)
  -------------------------------------------------------------------    -------------------
    A15                                               0.000     0.000 r  OV7670_SIOD (INOUT)
                         net (fo=1, unset)            0.000     0.000    OV7670_SIOD_IOBUF_inst/IO
    A15                  IBUF (Prop_ibuf_I_O)         0.216     0.216 r  OV7670_SIOD_IOBUF_inst/IBUF/O
                         net (fo=6, routed)           0.526     0.742    IIC/sccb_sender/OV7670_SIOD_IBUF
    SLICE_X2Y138         LUT6 (Prop_lut6_I1_O)        0.045     0.787 r  IIC/sccb_sender/ACKW2_i_1/O
                         net (fo=1, routed)           0.000     0.787    IIC/sccb_sender/ACKW2_i_1_n_0
    SLICE_X2Y138         FDPE                                         r  IIC/sccb_sender/ACKW2_reg/D
  -------------------------------------------------------------------    -------------------

                         (clock clk_out2_clk_wiz_0 rise edge)
                                                      0.000     0.000 r  
    W5                                                0.000     0.000 r  clk100 (IN)
                         net (fo=0)                   0.000     0.000    clk_div/inst/clk_in1
    W5                   IBUF (Prop_ibuf_I_O)         0.414     0.414 r  clk_div/inst/clkin1_ibufg/O
                         net (fo=1, routed)           0.480     0.894    clk_div/inst/clk_in1_clk_wiz_0
    MMCME2_ADV_X1Y0      MMCME2_ADV (Prop_mmcme2_adv_CLKIN1_CLKOUT1)
                                                     -3.142    -2.248 r  clk_div/inst/mmcm_adv_inst/CLKOUT1
                         net (fo=1, routed)           0.530    -1.718    clk_div/inst/clk_out2_clk_wiz_0
    BUFGCTRL_X0Y1        BUFG (Prop_bufg_I_O)         0.029    -1.689 r  clk_div/inst/clkout2_buf/O
                         net (fo=140, routed)         0.948    -0.741    IIC/sccb_sender/clk_out2
    SLICE_X2Y138         FDPE                                         r  IIC/sccb_sender/ACKW2_reg/C

Slack:                    inf
  Source:                 OV7670_SIOD
                            (input port)
  Destination:            IIC/sccb_sender/ACKW1_reg/D
                            (rising edge-triggered cell FDPE clocked by clk_out2_clk_wiz_0  {rise@0.000ns fall@20.000ns period=40.000ns})
  Path Group:             (none)
  Path Type:              Hold (Min at Fast Process Corner)
  Data Path Delay:        0.877ns  (logic 0.261ns (29.813%)  route 0.615ns (70.187%))
  Logic Levels:           2  (IBUF=1 LUT6=1)
  Clock Path Skew:        -0.741ns (DCD - SCD - CPR)
    Destination Clock Delay (DCD):    -0.741ns
    Source Clock Delay      (SCD):    0.000ns
    Clock Pessimism Removal (CPR):    -0.000ns

    Location             Delay type                Incr(ns)  Path(ns)    Netlist Resource(s)
  -------------------------------------------------------------------    -------------------
    A15                                               0.000     0.000 r  OV7670_SIOD (INOUT)
                         net (fo=1, unset)            0.000     0.000    OV7670_SIOD_IOBUF_inst/IO
    A15                  IBUF (Prop_ibuf_I_O)         0.216     0.216 r  OV7670_SIOD_IOBUF_inst/IBUF/O
                         net (fo=6, routed)           0.615     0.832    IIC/sccb_sender/OV7670_SIOD_IBUF
    SLICE_X3Y138         LUT6 (Prop_lut6_I1_O)        0.045     0.877 r  IIC/sccb_sender/ACKW1_i_1/O
                         net (fo=1, routed)           0.000     0.877    IIC/sccb_sender/ACKW1_i_1_n_0
    SLICE_X3Y138         FDPE                                         r  IIC/sccb_sender/ACKW1_reg/D
  -------------------------------------------------------------------    -------------------

                         (clock clk_out2_clk_wiz_0 rise edge)
                                                      0.000     0.000 r  
    W5                                                0.000     0.000 r  clk100 (IN)
                         net (fo=0)                   0.000     0.000    clk_div/inst/clk_in1
    W5                   IBUF (Prop_ibuf_I_O)         0.414     0.414 r  clk_div/inst/clkin1_ibufg/O
                         net (fo=1, routed)           0.480     0.894    clk_div/inst/clk_in1_clk_wiz_0
    MMCME2_ADV_X1Y0      MMCME2_ADV (Prop_mmcme2_adv_CLKIN1_CLKOUT1)
                                                     -3.142    -2.248 r  clk_div/inst/mmcm_adv_inst/CLKOUT1
                         net (fo=1, routed)           0.530    -1.718    clk_div/inst/clk_out2_clk_wiz_0
    BUFGCTRL_X0Y1        BUFG (Prop_bufg_I_O)         0.029    -1.689 r  clk_div/inst/clkout2_buf/O
                         net (fo=140, routed)         0.948    -0.741    IIC/sccb_sender/clk_out2
    SLICE_X3Y138         FDPE                                         r  IIC/sccb_sender/ACKW1_reg/C

Slack:                    inf
  Source:                 OV7670_SIOD
                            (input port)
  Destination:            IIC/sccb_sender/ACKW3_reg/D
                            (rising edge-triggered cell FDPE clocked by clk_out2_clk_wiz_0  {rise@0.000ns fall@20.000ns period=40.000ns})
  Path Group:             (none)
  Path Type:              Hold (Min at Fast Process Corner)
  Data Path Delay:        0.943ns  (logic 0.261ns (27.726%)  route 0.681ns (72.274%))
  Logic Levels:           2  (IBUF=1 LUT6=1)
  Clock Path Skew:        -0.741ns (DCD - SCD - CPR)
    Destination Clock Delay (DCD):    -0.741ns
    Source Clock Delay      (SCD):    0.000ns
    Clock Pessimism Removal (CPR):    -0.000ns

    Location             Delay type                Incr(ns)  Path(ns)    Netlist Resource(s)
  -------------------------------------------------------------------    -------------------
    A15                                               0.000     0.000 r  OV7670_SIOD (INOUT)
                         net (fo=1, unset)            0.000     0.000    OV7670_SIOD_IOBUF_inst/IO
    A15                  IBUF (Prop_ibuf_I_O)         0.216     0.216 r  OV7670_SIOD_IOBUF_inst/IBUF/O
                         net (fo=6, routed)           0.681     0.898    IIC/sccb_sender/OV7670_SIOD_IBUF
    SLICE_X2Y138         LUT6 (Prop_lut6_I1_O)        0.045     0.943 r  IIC/sccb_sender/ACKW3_i_1/O
                         net (fo=1, routed)           0.000     0.943    IIC/sccb_sender/ACKW3_i_1_n_0
    SLICE_X2Y138         FDPE                                         r  IIC/sccb_sender/ACKW3_reg/D
  -------------------------------------------------------------------    -------------------

                         (clock clk_out2_clk_wiz_0 rise edge)
                                                      0.000     0.000 r  
    W5                                                0.000     0.000 r  clk100 (IN)
                         net (fo=0)                   0.000     0.000    clk_div/inst/clk_in1
    W5                   IBUF (Prop_ibuf_I_O)         0.414     0.414 r  clk_div/inst/clkin1_ibufg/O
                         net (fo=1, routed)           0.480     0.894    clk_div/inst/clk_in1_clk_wiz_0
    MMCME2_ADV_X1Y0      MMCME2_ADV (Prop_mmcme2_adv_CLKIN1_CLKOUT1)
                                                     -3.142    -2.248 r  clk_div/inst/mmcm_adv_inst/CLKOUT1
                         net (fo=1, routed)           0.530    -1.718    clk_div/inst/clk_out2_clk_wiz_0
    BUFGCTRL_X0Y1        BUFG (Prop_bufg_I_O)         0.029    -1.689 r  clk_div/inst/clkout2_buf/O
                         net (fo=140, routed)         0.948    -0.741    IIC/sccb_sender/clk_out2
    SLICE_X2Y138         FDPE                                         r  IIC/sccb_sender/ACKW3_reg/C

Slack:                    inf
  Source:                 OV7670_SIOD
                            (input port)
  Destination:            IIC/sccb_sender/ACKR1_reg/D
                            (rising edge-triggered cell FDPE clocked by clk_out2_clk_wiz_0  {rise@0.000ns fall@20.000ns period=40.000ns})
  Path Group:             (none)
  Path Type:              Hold (Min at Fast Process Corner)
  Data Path Delay:        1.074ns  (logic 0.306ns (28.535%)  route 0.767ns (71.465%))
  Logic Levels:           3  (IBUF=1 LUT2=1 LUT6=1)
  Clock Path Skew:        -0.743ns (DCD - SCD - CPR)
    Destination Clock Delay (DCD):    -0.743ns
    Source Clock Delay      (SCD):    0.000ns
    Clock Pessimism Removal (CPR):    -0.000ns

    Location             Delay type                Incr(ns)  Path(ns)    Netlist Resource(s)
  -------------------------------------------------------------------    -------------------
    A15                                               0.000     0.000 r  OV7670_SIOD (INOUT)
                         net (fo=1, unset)            0.000     0.000    OV7670_SIOD_IOBUF_inst/IO
    A15                  IBUF (Prop_ibuf_I_O)         0.216     0.216 r  OV7670_SIOD_IOBUF_inst/IBUF/O
                         net (fo=6, routed)           0.584     0.800    IIC/sccb_sender/OV7670_SIOD_IBUF
    SLICE_X5Y137         LUT2 (Prop_lut2_I0_O)        0.045     0.845 r  IIC/sccb_sender/ACKR1_i_2/O
                         net (fo=1, routed)           0.184     1.029    IIC/sccb_sender/ACKR1_i_2_n_0
    SLICE_X5Y138         LUT6 (Prop_lut6_I0_O)        0.045     1.074 r  IIC/sccb_sender/ACKR1_i_1/O
                         net (fo=1, routed)           0.000     1.074    IIC/sccb_sender/ACKR1_i_1_n_0
    SLICE_X5Y138         FDPE                                         r  IIC/sccb_sender/ACKR1_reg/D
  -------------------------------------------------------------------    -------------------

                         (clock clk_out2_clk_wiz_0 rise edge)
                                                      0.000     0.000 r  
    W5                                                0.000     0.000 r  clk100 (IN)
                         net (fo=0)                   0.000     0.000    clk_div/inst/clk_in1
    W5                   IBUF (Prop_ibuf_I_O)         0.414     0.414 r  clk_div/inst/clkin1_ibufg/O
                         net (fo=1, routed)           0.480     0.894    clk_div/inst/clk_in1_clk_wiz_0
    MMCME2_ADV_X1Y0      MMCME2_ADV (Prop_mmcme2_adv_CLKIN1_CLKOUT1)
                                                     -3.142    -2.248 r  clk_div/inst/mmcm_adv_inst/CLKOUT1
                         net (fo=1, routed)           0.530    -1.718    clk_div/inst/clk_out2_clk_wiz_0
    BUFGCTRL_X0Y1        BUFG (Prop_bufg_I_O)         0.029    -1.689 r  clk_div/inst/clkout2_buf/O
                         net (fo=140, routed)         0.946    -0.743    IIC/sccb_sender/clk_out2
    SLICE_X5Y138         FDPE                                         r  IIC/sccb_sender/ACKR1_reg/C

Slack:                    inf
  Source:                 sw[0]
                            (input port)
  Destination:            vga_display/vga_green_reg[1]/D
                            (rising edge-triggered cell FDRE clocked by clk_out2_clk_wiz_0  {rise@0.000ns fall@20.000ns period=40.000ns})
  Path Group:             (none)
  Path Type:              Hold (Min at Fast Process Corner)
  Data Path Delay:        1.855ns  (logic 0.311ns (16.760%)  route 1.544ns (83.240%))
  Logic Levels:           3  (IBUF=1 LUT5=2)
  Clock Path Skew:        -0.857ns (DCD - SCD - CPR)
    Destination Clock Delay (DCD):    -0.857ns
    Source Clock Delay      (SCD):    0.000ns
    Clock Pessimism Removal (CPR):    -0.000ns

    Location             Delay type                Incr(ns)  Path(ns)    Netlist Resource(s)
  -------------------------------------------------------------------    -------------------
    V17                                               0.000     0.000 r  sw[0] (IN)
                         net (fo=0)                   0.000     0.000    sw[0]
    V17                  IBUF (Prop_ibuf_I_O)         0.221     0.221 r  sw_IBUF[0]_inst/O
                         net (fo=6, routed)           1.378     1.599    pf/sw_IBUF[0]
    SLICE_X36Y48         LUT5 (Prop_lut5_I3_O)        0.045     1.644 r  pf/vga_red[3]_i_4/O
                         net (fo=12, routed)          0.167     1.810    pf/vga_red[3]_i_4_n_0
    SLICE_X36Y47         LUT5 (Prop_lut5_I2_O)        0.045     1.855 r  pf/vga_green[1]_i_1/O
                         net (fo=1, routed)           0.000     1.855    vga_display/vga_green_reg[3]_1[1]
    SLICE_X36Y47         FDRE                                         r  vga_display/vga_green_reg[1]/D
  -------------------------------------------------------------------    -------------------

                         (clock clk_out2_clk_wiz_0 rise edge)
                                                      0.000     0.000 r  
    W5                                                0.000     0.000 r  clk100 (IN)
                         net (fo=0)                   0.000     0.000    clk_div/inst/clk_in1
    W5                   IBUF (Prop_ibuf_I_O)         0.414     0.414 r  clk_div/inst/clkin1_ibufg/O
                         net (fo=1, routed)           0.480     0.894    clk_div/inst/clk_in1_clk_wiz_0
    MMCME2_ADV_X1Y0      MMCME2_ADV (Prop_mmcme2_adv_CLKIN1_CLKOUT1)
                                                     -3.142    -2.248 r  clk_div/inst/mmcm_adv_inst/CLKOUT1
                         net (fo=1, routed)           0.530    -1.718    clk_div/inst/clk_out2_clk_wiz_0
    BUFGCTRL_X0Y1        BUFG (Prop_bufg_I_O)         0.029    -1.689 r  clk_div/inst/clkout2_buf/O
                         net (fo=140, routed)         0.833    -0.857    vga_display/clk_out2
    SLICE_X36Y47         FDRE                                         r  vga_display/vga_green_reg[1]/C

Slack:                    inf
  Source:                 sw[0]
                            (input port)
  Destination:            vga_display/vga_green_reg[2]/D
                            (rising edge-triggered cell FDRE clocked by clk_out2_clk_wiz_0  {rise@0.000ns fall@20.000ns period=40.000ns})
  Path Group:             (none)
  Path Type:              Hold (Min at Fast Process Corner)
  Data Path Delay:        1.856ns  (logic 0.311ns (16.750%)  route 1.546ns (83.250%))
  Logic Levels:           3  (IBUF=1 LUT5=2)
  Clock Path Skew:        -0.857ns (DCD - SCD - CPR)
    Destination Clock Delay (DCD):    -0.857ns
    Source Clock Delay      (SCD):    0.000ns
    Clock Pessimism Removal (CPR):    -0.000ns

    Location             Delay type                Incr(ns)  Path(ns)    Netlist Resource(s)
  -------------------------------------------------------------------    -------------------
    V17                                               0.000     0.000 r  sw[0] (IN)
                         net (fo=0)                   0.000     0.000    sw[0]
    V17                  IBUF (Prop_ibuf_I_O)         0.221     0.221 r  sw_IBUF[0]_inst/O
                         net (fo=6, routed)           1.378     1.599    pf/sw_IBUF[0]
    SLICE_X36Y48         LUT5 (Prop_lut5_I3_O)        0.045     1.644 r  pf/vga_red[3]_i_4/O
                         net (fo=12, routed)          0.168     1.811    pf/vga_red[3]_i_4_n_0
    SLICE_X36Y47         LUT5 (Prop_lut5_I2_O)        0.045     1.856 r  pf/vga_green[2]_i_1/O
                         net (fo=1, routed)           0.000     1.856    vga_display/vga_green_reg[3]_1[2]
    SLICE_X36Y47         FDRE                                         r  vga_display/vga_green_reg[2]/D
  -------------------------------------------------------------------    -------------------

                         (clock clk_out2_clk_wiz_0 rise edge)
                                                      0.000     0.000 r  
    W5                                                0.000     0.000 r  clk100 (IN)
                         net (fo=0)                   0.000     0.000    clk_div/inst/clk_in1
    W5                   IBUF (Prop_ibuf_I_O)         0.414     0.414 r  clk_div/inst/clkin1_ibufg/O
                         net (fo=1, routed)           0.480     0.894    clk_div/inst/clk_in1_clk_wiz_0
    MMCME2_ADV_X1Y0      MMCME2_ADV (Prop_mmcme2_adv_CLKIN1_CLKOUT1)
                                                     -3.142    -2.248 r  clk_div/inst/mmcm_adv_inst/CLKOUT1
                         net (fo=1, routed)           0.530    -1.718    clk_div/inst/clk_out2_clk_wiz_0
    BUFGCTRL_X0Y1        BUFG (Prop_bufg_I_O)         0.029    -1.689 r  clk_div/inst/clkout2_buf/O
                         net (fo=140, routed)         0.833    -0.857    vga_display/clk_out2
    SLICE_X36Y47         FDRE                                         r  vga_display/vga_green_reg[2]/C

Slack:                    inf
  Source:                 sw[0]
                            (input port)
  Destination:            vga_display/vga_blue_reg[2]/D
                            (rising edge-triggered cell FDRE clocked by clk_out2_clk_wiz_0  {rise@0.000ns fall@20.000ns period=40.000ns})
  Path Group:             (none)
  Path Type:              Hold (Min at Fast Process Corner)
  Data Path Delay:        1.874ns  (logic 0.311ns (16.595%)  route 1.563ns (83.405%))
  Logic Levels:           3  (IBUF=1 LUT5=2)
  Clock Path Skew:        -0.857ns (DCD - SCD - CPR)
    Destination Clock Delay (DCD):    -0.857ns
    Source Clock Delay      (SCD):    0.000ns
    Clock Pessimism Removal (CPR):    -0.000ns

    Location             Delay type                Incr(ns)  Path(ns)    Netlist Resource(s)
  -------------------------------------------------------------------    -------------------
    V17                                               0.000     0.000 r  sw[0] (IN)
                         net (fo=0)                   0.000     0.000    sw[0]
    V17                  IBUF (Prop_ibuf_I_O)         0.221     0.221 r  sw_IBUF[0]_inst/O
                         net (fo=6, routed)           1.378     1.599    pf/sw_IBUF[0]
    SLICE_X36Y48         LUT5 (Prop_lut5_I3_O)        0.045     1.644 r  pf/vga_red[3]_i_4/O
                         net (fo=12, routed)          0.185     1.829    pf/vga_red[3]_i_4_n_0
    SLICE_X36Y47         LUT5 (Prop_lut5_I2_O)        0.045     1.874 r  pf/vga_blue[2]_i_1/O
                         net (fo=1, routed)           0.000     1.874    vga_display/vga_blue_reg[3]_1[2]
    SLICE_X36Y47         FDRE                                         r  vga_display/vga_blue_reg[2]/D
  -------------------------------------------------------------------    -------------------

                         (clock clk_out2_clk_wiz_0 rise edge)
                                                      0.000     0.000 r  
    W5                                                0.000     0.000 r  clk100 (IN)
                         net (fo=0)                   0.000     0.000    clk_div/inst/clk_in1
    W5                   IBUF (Prop_ibuf_I_O)         0.414     0.414 r  clk_div/inst/clkin1_ibufg/O
                         net (fo=1, routed)           0.480     0.894    clk_div/inst/clk_in1_clk_wiz_0
    MMCME2_ADV_X1Y0      MMCME2_ADV (Prop_mmcme2_adv_CLKIN1_CLKOUT1)
                                                     -3.142    -2.248 r  clk_div/inst/mmcm_adv_inst/CLKOUT1
                         net (fo=1, routed)           0.530    -1.718    clk_div/inst/clk_out2_clk_wiz_0
    BUFGCTRL_X0Y1        BUFG (Prop_bufg_I_O)         0.029    -1.689 r  clk_div/inst/clkout2_buf/O
                         net (fo=140, routed)         0.833    -0.857    vga_display/clk_out2
    SLICE_X36Y47         FDRE                                         r  vga_display/vga_blue_reg[2]/C

Slack:                    inf
  Source:                 sw[0]
                            (input port)
  Destination:            vga_display/vga_blue_reg[1]/D
                            (rising edge-triggered cell FDRE clocked by clk_out2_clk_wiz_0  {rise@0.000ns fall@20.000ns period=40.000ns})
  Path Group:             (none)
  Path Type:              Hold (Min at Fast Process Corner)
  Data Path Delay:        1.875ns  (logic 0.311ns (16.586%)  route 1.564ns (83.414%))
  Logic Levels:           3  (IBUF=1 LUT5=2)
  Clock Path Skew:        -0.857ns (DCD - SCD - CPR)
    Destination Clock Delay (DCD):    -0.857ns
    Source Clock Delay      (SCD):    0.000ns
    Clock Pessimism Removal (CPR):    -0.000ns

    Location             Delay type                Incr(ns)  Path(ns)    Netlist Resource(s)
  -------------------------------------------------------------------    -------------------
    V17                                               0.000     0.000 r  sw[0] (IN)
                         net (fo=0)                   0.000     0.000    sw[0]
    V17                  IBUF (Prop_ibuf_I_O)         0.221     0.221 r  sw_IBUF[0]_inst/O
                         net (fo=6, routed)           1.378     1.599    pf/sw_IBUF[0]
    SLICE_X36Y48         LUT5 (Prop_lut5_I3_O)        0.045     1.644 r  pf/vga_red[3]_i_4/O
                         net (fo=12, routed)          0.186     1.830    pf/vga_red[3]_i_4_n_0
    SLICE_X36Y47         LUT5 (Prop_lut5_I2_O)        0.045     1.875 r  pf/vga_blue[1]_i_1/O
                         net (fo=1, routed)           0.000     1.875    vga_display/vga_blue_reg[3]_1[1]
    SLICE_X36Y47         FDRE                                         r  vga_display/vga_blue_reg[1]/D
  -------------------------------------------------------------------    -------------------

                         (clock clk_out2_clk_wiz_0 rise edge)
                                                      0.000     0.000 r  
    W5                                                0.000     0.000 r  clk100 (IN)
                         net (fo=0)                   0.000     0.000    clk_div/inst/clk_in1
    W5                   IBUF (Prop_ibuf_I_O)         0.414     0.414 r  clk_div/inst/clkin1_ibufg/O
                         net (fo=1, routed)           0.480     0.894    clk_div/inst/clk_in1_clk_wiz_0
    MMCME2_ADV_X1Y0      MMCME2_ADV (Prop_mmcme2_adv_CLKIN1_CLKOUT1)
                                                     -3.142    -2.248 r  clk_div/inst/mmcm_adv_inst/CLKOUT1
                         net (fo=1, routed)           0.530    -1.718    clk_div/inst/clk_out2_clk_wiz_0
    BUFGCTRL_X0Y1        BUFG (Prop_bufg_I_O)         0.029    -1.689 r  clk_div/inst/clkout2_buf/O
                         net (fo=140, routed)         0.833    -0.857    vga_display/clk_out2
    SLICE_X36Y47         FDRE                                         r  vga_display/vga_blue_reg[1]/C





